reference_id,document_title,download_url,initial_publication_date,last_update_date,document_status,short_description,document_type,applicable_industries,authors_or_organization,dependencies,region_scope,AlgorithmFamily,SecurityLevels,ProtocolOrToolImpact,ToolchainSupport,MigrationUrgency,change_status,manual_category
FIPS 203,Module-Lattice-Based Key-Encapsulation Mechanism Standard (ML-KEM),https://nvlpubs.nist.gov/nistpubs/FIPS/NIST.FIPS.203.pdf,2023-08-24,2024-08-13,Final Standard,"Specifies ML-KEM (Kyber) with three parameter sets (512, 768, 1024) for quantum-resistant key establishment. Errata Oct 2024.",Algorithm,"Generic IT; Finance; Telecom; Government; Healthcare; Critical Infrastructure",NIST,"NIST PQC Project; CRYSTALS-Kyber",USA; Global,Lattice-based,"L1,L3,L5","TLS 1.3, QUIC, SSH, IPsec/IKE, CMS key wrapping","OpenSSL 3.5+; BoringSSL; AWS-LC; liboqs",High,Validated,KEM
FIPS 204,Module-Lattice-Based Digital Signature Standard (ML-DSA),https://nvlpubs.nist.gov/nistpubs/FIPS/NIST.FIPS.204.pdf,2023-08-24,2024-08-13,Final Standard,"Specifies ML-DSA (Dilithium) signature algorithms with three parameter sets (44, 65, 87). Errata Oct 2024.",Algorithm,"IT; Finance; Telecom; Government; Identity Management",NIST,"CRYSTALS-Dilithium; FIPS 186-5",USA; Global,Lattice-based,"L2,L3,L5","X.509 certificates, TLS authentication, code signing, document signature","OpenSSL 3.5+; BoringSSL; AWS-LC; liboqs",High,Validated,Digital Signature
FIPS 205,Stateless Hash-Based Digital Signature Standard (SLH-DSA),https://nvlpubs.nist.gov/nistpubs/FIPS/NIST.FIPS.205.pdf,2023-08-24,2024-08-13,Final Standard,"Specifies SLH-DSA (SPHINCS+) stateless hash-based signatures with 12 parameter sets.",Algorithm,"Firmware; Critical Infrastructure; Software Updates; Long-term Archival",NIST,"SPHINCS+; SP 800-208",USA; Global,"Hash-based (stateless)","L1,L3,L5","CMS signatures, software signing, long-term archival signing","liboqs; BoringSSL; Bouncy Castle",Medium,Validated,Digital Signature
FIPS 206,FFT over NTRU-Lattice-Based Digital Signature Algorithm (FN-DSA),https://csrc.nist.gov/projects/post-quantum-cryptography,2025-01-01,2025-12-09,Draft in Development,"Specifies FN-DSA (FALCON) compact signature algorithm. Expected draft 2026, final 2027.",Algorithm,"Constrained Devices; IoT; Embedded Systems; Mobile",NIST,"FALCON; FIPS 186-5",USA; Global,Lattice-based (NTRU),"L1,L5","Compact signatures for resource-constrained environments","In development",High,New,Digital Signature
FIPS 186-5,Digital Signature Standard (DSS),https://nvlpubs.nist.gov/nistpubs/FIPS/NIST.FIPS.186-5.pdf,2023-02-03,2025-05-12,Final Standard,"Specifies RSA, ECDSA, EdDSA. Removes DSA. Errata May 2025. Transition to PQC planned.",Algorithm,"IT; Finance; Gov; Web PKI",NIST,"PKCS#1; EdDSA RFCs",USA; Global,Classical,"Various","TLS, CMS, PKI, code signing",Universal,Medium,Validated,Digital Signature
NIST SP 800-208,Recommendation for Stateful Hash-Based Signature Schemes,https://nvlpubs.nist.gov/nistpubs/SpecialPublications/NIST.SP.800-208.pdf,2020-10-29,2020-10-29,Final,"Specifies LMS and XMSS stateful hash-based signature schemes for firmware signing.",Algorithm,"Firmware; Embedded Systems; IoT; Boot Security",NIST,"RFC 8554; RFC 8391",USA; Global,"Hash-based (stateful)","L1-L5 equivalent","Firmware signing, secure boot, archival","wolfSSL; Bouncy Castle",Medium,Validated,Digital Signature
NIST SP 800-227,Recommendations for Key-Encapsulation Mechanisms,https://nvlpubs.nist.gov/nistpubs/SpecialPublications/NIST.SP.800-227.pdf,2025-01-06,2025-09-18,Final,"Guidance for implementing KEMs securely including hybrid KEMs and FIPS 140 validation requirements.",Compliance/Guidance,"IT; Finance; Gov; Cloud; HSM Vendors",NIST,"FIPS 203; SP 800-56C",USA; Global,Lattice-based,"L1,L3,L5","KEM usage guidelines for TLS/VPN/SSH","Reference guidance",High,Updated,KEM
NIST IR 8547,Transition to Post-Quantum Cryptography Standards,https://nvlpubs.nist.gov/nistpubs/ir/2024/NIST.IR.8547.ipd.pdf,2024-11-12,2024-11-12,Initial Public Draft,"Roadmap for transitioning to PQC. Proposes 2030 deprecation and 2035 disallowment of classical asymmetric crypto.",Compliance/Guidance,"IT; Gov; Finance; Telecom; Cloud",NIST,"FIPS 203/204/205",USA; Global,N/A,N/A,"Enterprise-wide PQC migration planning","Migration tools",High,Validated,General PQC Migration
NIST IR 8545,Status Report on the Fourth Round of the NIST PQC Standardization Process,https://nvlpubs.nist.gov/nistpubs/ir/2025/NIST.IR.8545.pdf,2025-03-11,2025-03-11,Final,"Documents HQC selection as fourth PQC standard providing code-based cryptographic diversity.",Research/Report,"IT; Cryptography Research",NIST,"FIPS 203; HQC",USA; Global,Code-based,"L1,L3,L5","Future FIPS standard (HQC)","Reference",Medium,Updated,KEM
HQC Specification,Hamming Quasi-Cyclic (HQC) Algorithm Specification,https://pqc-hqc.org/download.php?file=hqc-specification_2024-02-23.pdf,2024-02-23,2024-02-23,NIST Round 4 Selection,"Code-based KEM selected March 2025 as backup to ML-KEM. Draft FIPS expected 2026, final 2027.",Algorithm,"IT; Gov; Critical Infrastructure",NIST/HQC Team,"NIST PQC Round 4",USA; Global,Code-based,"L1,L3,L5","Future TLS/IPsec/SSH integration","Reference implementation",Medium,Updated,KEM
RFC 9629,Using Key Encapsulation Mechanism (KEM) Algorithms in CMS,https://www.rfc-editor.org/rfc/rfc9629.html,2024-08-01,2024-08-01,Proposed Standard,"Defines CMS KEMRecipientInfo structure for PQ KEMs including ML-KEM.",Protocol,"IT; Email; Web PKI; Secure Messaging","IETF LAMPS","RFC 5652; RFC 5280; FIPS 203",International,Lattice-based,"L1,L3,L5","CMS encryption, S/MIME","OpenSSL CMS",High,Validated,Protocols
RFC 9708,Use of the HSS/LMS Hash-Based Signature Algorithm in CMS,https://www.rfc-editor.org/rfc/rfc9708.html,2025-01-01,2025-01-01,Standards Track,"Updated HSS/LMS usage in CMS. Obsoletes RFC 8708.",Protocol,"Firmware; Critical Infrastructure","IETF LAMPS","RFC 8554; SP 800-208",International,"Hash-based (stateful)","L1-L5","CMS signatures for firmware","wolfSSL; Bouncy Castle",Medium,Updated,Protocols
RFC 9794,Terminology for Post-Quantum Traditional Hybrid Schemes,https://www.rfc-editor.org/rfc/rfc9794.html,2025-06-01,2025-06-01,Informational,"Defines terminology for PQ/T hybrid schemes including composite KEMs and signatures.",Guidance,"IT; Standards Bodies; Protocol Developers","IETF PQUIP","N/A",International,N/A,N/A,"Hybrid terminology standardization",N/A,High,New,General PQC Migration
RFC 9802,Use of HSS and XMSS Hash-Based Signature Algorithms in X.509 PKI,https://www.rfc-editor.org/rfc/rfc9802.html,2025-06-01,2025-06-01,Proposed Standard,"Defines OIDs and certificate structures for stateful hash-based signatures in X.509.",PKI/Certificate,"PKI; Gov; Critical Infrastructure","IETF LAMPS","RFC 8391; RFC 8554; SP 800-208",International,"Hash-based (stateful)","L1-L5","X.509 certificates with HBS","Bouncy Castle",Medium,Updated,PKI Certificate Management
RFC 9810,Certificate Management Protocol (CMP) Updates for KEM,https://www.rfc-editor.org/rfc/rfc9810.html,2025-07-01,2025-07-01,Standards Track,"Adds KEM key transport to CMP. Obsoletes RFC 4210.",Protocol,"PKI; Enterprise CA; IoT","IETF LAMPS","RFC 9629; FIPS 203",International,Lattice-based,"L1,L3,L5","PKI certificate management with PQC","PKI implementations",Medium,Updated,PKI Certificate Management
RFC 9814,Use of SLH-DSA in CMS,https://www.rfc-editor.org/rfc/rfc9814.html,2025-07-19,2025-07-19,Proposed Standard,"Defines SPHINCS+ (SLH-DSA) usage in Cryptographic Message Syntax.",Protocol,"IT; Critical Infrastructure; Archival","IETF LAMPS","FIPS 205; RFC 5652",International,"Hash-based (stateless)","L1,L3,L5","CMS signatures, S/MIME","liboqs",Medium,Validated,Protocols
RFC 9858,LMS Algorithm Identifiers for Alternative Hash Functions,https://www.rfc-editor.org/rfc/rfc9858.html,2025-04-01,2025-04-01,Standards Track,"Extends RFC 8554 with SHA-3 and SHAKE hash function options for LMS.",Algorithm,"Firmware; IoT","IETF CFRG","RFC 8554",International,"Hash-based (stateful)","L1-L5","Extended LMS options","Firmware implementations",Low,Updated,Digital Signature
RFC 9881,Algorithm Identifiers for ML-DSA in X.509 PKI,https://www.rfc-editor.org/rfc/rfc9881.html,2025-10-01,2025-10-01,Proposed Standard,"Defines X.509 OIDs and certificate structures for ML-DSA (Dilithium) signatures.",PKI/Certificate,"Gov; Finance; Web PKI; Identity","IETF LAMPS","FIPS 204; RFC 5280",International,Lattice-based,"L2,L3,L5","PQ signatures in X.509 certificates","OpenSSL 3.5+; BoringSSL",High,New,PKI Certificate Management
RFC 9882,Use of ML-DSA in CMS,https://www.rfc-editor.org/rfc/rfc9882.html,2025-10-29,2025-10-29,Standards Track,"Defines ML-DSA (Dilithium) usage in CMS for document and message signing.",Protocol,"Email; Messaging; JAR signing; Document Signing","IETF LAMPS","FIPS 204; RFC 5652",International,Lattice-based,"L2,L3,L5","CMS signatures","OpenSSL provider",High,Validated,Protocols
draft-ietf-tls-hybrid-design-16,Hybrid key exchange in TLS 1.3,https://datatracker.ietf.org/doc/draft-ietf-tls-hybrid-design/,2020-08-01,2025-09-07,Internet-Draft,"Framework for hybrid key exchange combining traditional and PQ algorithms in TLS 1.3.",Protocol,"Web; Cloud; Enterprise; IoT","IETF TLS WG","RFC 8446; FIPS 203",International,"PQ/T Hybrid","L1,L3,L5","TLS 1.3 hybrid key exchange design","TLS implementations",High,Updated,Protocols
draft-ietf-tls-ecdhe-mlkem-03,Post-quantum hybrid ECDHE-MLKEM Key Agreement for TLSv1.3,https://datatracker.ietf.org/doc/draft-ietf-tls-ecdhe-mlkem/,2024-03-01,2025-11-24,Internet-Draft,"Specifies X25519MLKEM768, SecP256r1MLKEM768, and SecP384r1MLKEM1024 hybrid groups for TLS 1.3.",Protocol,"Web; Cloud; Enterprise","IETF TLS WG","FIPS 203; RFC 8446; draft-ietf-tls-hybrid-design",International,"Lattice + ECDH","L1,L3,L5","TLS 1.3 hybrid ECDHE-MLKEM","OpenSSL; BoringSSL; Cloudflare",High,New,Protocols
draft-ietf-tls-mlkem-05,ML-KEM Post-Quantum Key Agreement for TLS 1.3,https://datatracker.ietf.org/doc/draft-ietf-tls-mlkem/,2024-05-01,2025-11-20,Internet-Draft,"Defines ML-KEM-512, ML-KEM-768, and ML-KEM-1024 as NamedGroups for pure PQ key agreement in TLS 1.3.",Protocol,"Web; Cloud; Government","IETF TLS WG","FIPS 203; RFC 8446",International,Lattice-based,"L1,L3,L5","TLS 1.3 pure PQ key exchange","Reference implementations",High,New,Protocols
draft-ietf-ipsecme-ikev2-mlkem-03,Post-quantum Hybrid Key Exchange with ML-KEM in IKEv2,https://datatracker.ietf.org/doc/draft-ietf-ipsecme-ikev2-mlkem/,2023-11-01,2025-09-29,Internet-Draft,"Specifies ML-KEM in IKEv2 for quantum-resistant VPN and IPsec key establishment.",Protocol,"VPN; Enterprise; Government; Cloud","IETF IPSECME WG","FIPS 203; RFC 7296; RFC 9370",International,Lattice-based,"L1,L3,L5","IKEv2/IPsec with ML-KEM","StrongSwan; Cisco; Juniper",High,New,Protocols
draft-yang-tls-hybrid-sm2-mlkem-02,Hybrid Post-quantum Key Exchange SM2-MLKEM for TLSv1.3,https://datatracker.ietf.org/doc/draft-yang-tls-hybrid-sm2-mlkem/,2024-08-01,2025-02-12,Internet-Draft,"Defines curveSM2MLKEM768 hybrid for TLS 1.3 combining Chinese SM2 curve with ML-KEM.",Protocol,"China; Asia-Pacific; Government","IETF Individual Submission","FIPS 203; GM/T 0003.2; ISO/IEC 14888-3",China; Asia,SM2 + Lattice,"L3","TLS for Chinese standards compliance","Chinese TLS implementations",Medium,New,Protocols
draft-ietf-lamps-kyber-certificates-11,Algorithm Identifiers for ML-KEM in X.509 PKI,https://datatracker.ietf.org/doc/draft-ietf-lamps-kyber-certificates/,2022-06-03,2025-07-22,Internet-Draft,"Defines X.509 OIDs and structures for ML-KEM public keys in certificates.",PKI/Certificate,"Web PKI; IoT; Enterprise","IETF LAMPS","FIPS 203; RFC 5280",International,Lattice-based,"L1,L3,L5","Certificates with ML-KEM keys","OpenSSL provider; PKI CAs",High,Updated,PKI Certificate Management
draft-ietf-lamps-dilithium-certificates-13,Algorithm Identifiers for ML-DSA in X.509 PKI,https://datatracker.ietf.org/doc/draft-ietf-lamps-dilithium-certificates/,2022-06-03,2025-09-30,Internet-Draft,"Defines X.509 OIDs and structures for ML-DSA signatures. Being superseded by RFC 9881.",PKI/Certificate,"Gov; Finance; Web PKI","IETF LAMPS","FIPS 204; RFC 5280",International,Lattice-based,"L2,L3,L5","PQ signatures in certificates","OpenSSL provider",High,Superseded,PKI Certificate Management
draft-ietf-lamps-pq-composite-kem-10,Composite ML-KEM for Use in X.509 PKI and CMS,https://datatracker.ietf.org/doc/draft-ietf-lamps-pq-composite-kem/,2023-03-02,2025-11-24,Internet-Draft,"Composite (classical+PQC) KEM combining RSA/ECDH with ML-KEM for X.509 and CMS.",PKI/Certificate,"Gov; Regulated industries; Finance","IETF LAMPS","FIPS 203; RFC 8017; RFC 5280",International,"RSA/ECDH + ML-KEM","L1,L3,L5","Hybrid certificates and CMS","Limited PKI implementations",Medium,Updated,PKI Certificate Management
draft-ietf-lamps-pq-composite-sigs-13,Composite ML-DSA for Use in X.509 PKI and CMS,https://datatracker.ietf.org/doc/draft-ietf-lamps-pq-composite-sigs/,2023-03-02,2025-10-29,Internet-Draft,"Composite signatures combining RSA/ECDSA/Ed25519 with ML-DSA for hybrid PKI.",PKI/Certificate,"Gov; Regulated industries; Finance","IETF LAMPS","FIPS 204; FIPS 186-5; RFC 5280",International,"RSA/ECDSA + ML-DSA","L2,L3,L5","Hybrid certificate signatures","Limited PKI implementations",Medium,Validated,PKI Certificate Management
draft-ietf-lamps-cms-kyber-13,Use of ML-KEM in the Cryptographic Message Syntax (CMS),https://datatracker.ietf.org/doc/draft-ietf-lamps-cms-kyber/,2023-01-10,2025-09-23,Internet-Draft,"ML-KEM in CMS using KEMRecipientInfo from RFC 9629.",Protocol,"Secure Messaging; Document Encryption; Email","IETF LAMPS","RFC 9629; FIPS 203",International,Lattice-based,"L1,L3,L5","CMS PQ KEM encryption","OpenSSL CMS",High,Validated,Protocols
draft-ietf-openpgp-pqc-14,Post-Quantum Cryptography in OpenPGP,https://datatracker.ietf.org/doc/draft-ietf-openpgp-pqc/,2023-07-01,2025-11-13,Internet-Draft,"PQC for OpenPGP: composite ML-KEM+X25519 encryption and ML-DSA+Ed25519 signatures.",Protocol,"Email; File Encryption; Code Signing","IETF OpenPGP WG","FIPS 203; FIPS 204; RFC 9580",International,"Lattice+ECDH/EdDSA","L3,L5","OpenPGP/GPG with PQC","GnuPG (experimental)",Medium,Updated,Protocols
draft-ietf-pquip-pqc-engineers-14,Post-Quantum Cryptography for Engineers,https://datatracker.ietf.org/doc/draft-ietf-pquip-pqc-engineers/,2023-07-06,2025-08-26,Internet-Draft,"Practical guidance for engineers implementing PQC algorithms and protocols.",Guidance,"All IT sectors","IETF PQUIP","FIPS 203/204/205; TLS/SSH/IKE",International,N/A,N/A,"Migration preparation guidance","Engineering teams",Medium,Validated,General PQC Migration
draft-ietf-pquip-hybrid-signature-spectrums-06,Hybrid signature spectrums,https://datatracker.ietf.org/doc/draft-ietf-pquip-hybrid-signature-spectrums/,2024-03-01,2025-01-15,Internet-Draft,"Alternative approach for composing classic and PQ signature algorithms with different security properties.",Guidance,"PKI; Government; High Security","IETF PQUIP","FIPS 204; FIPS 186-5",International,"PQ/T Hybrid Signatures",N/A,"Hybrid signature design patterns","Security architects",Medium,New,General PQC Migration
draft-ietf-uta-pqc-app-00,Post-Quantum Cryptography Recommendations for TLS-based Applications,https://datatracker.ietf.org/doc/draft-ietf-uta-pqc-app/,2025-09-18,2025-09-18,Internet-Draft,"Best practices for implementing quantum-ready usage profiles in TLS-based applications.",Guidance,"Web; Mobile; Cloud; DNS","IETF UTA","draft-ietf-tls-hybrid-design; FIPS 203",International,N/A,N/A,"Application-level PQC guidance for TLS","App developers",High,New,General PQC Migration
draft-kwiatkowski-pquip-pqc-migration-00,Guidance for migration to Post-Quantum Cryptography,https://datatracker.ietf.org/doc/draft-kwiatkowski-pquip-pqc-migration/,2025-07-20,2025-07-20,Internet-Draft,"Migration guidance covering challenges, anti-patterns, and best practices for PQC transition.",Guidance,"Enterprise IT; Standards Bodies","IETF Individual Submission","RFC 9794; FIPS 203/204/205",International,N/A,N/A,"Strategic migration guidance","CTOs; Security Architects",High,New,General PQC Migration
draft-wang-ipsecme-kem-auth-ikev2-01,KEM based Authentication for IKEv2 with Post-quantum Security,https://datatracker.ietf.org/doc/draft-wang-ipsecme-kem-auth-ikev2/,2025-03-03,2025-07-07,Internet-Draft,"Specifies KEM-based authentication for IKEv2 as more efficient alternative to ML-DSA.",Protocol,"VPN; Enterprise; Government","IETF Individual Submission","FIPS 203; RFC 7296; RFC 9593",International,Lattice-based KEM,"L1,L3,L5","IKEv2 authentication with KEMs","VPN implementations",Medium,New,Protocols
ETSI TS 103 744,Quantum-Safe Hybrid Key Exchanges,https://www.etsi.org/deliver/etsi_ts/103700_103799/103744/01.02.01_60/ts_103744v010201p.pdf,2023-02-01,2025-03-01,Published Technical Specification,"Framework for hybrid ECDH + ML-KEM with standard key combiners (concatenation, HKDF).",Protocol,"Telecom; Gov; Enterprise; IoT","ETSI QSC","FIPS 203; HKDF",Europe; International,"Lattice+ECDH","L1,L3,L5","Hybrid KEM in TLS/SSH/VPN","Reference test vectors",High,Validated,Protocols
ETSI TR 103 619,Migration Strategies and Recommendations for Quantum-Safe Schemes,https://www.etsi.org/deliver/etsi_tr/103600_103699/103619/01.01.01_60/tr_103619v010101p.pdf,2020-07-01,2020-07-01,Published Technical Report,"Strategic guidance for transitioning to quantum-safe cryptography.",Guidance,"Enterprise; Gov; Telecom","ETSI QSC","NIST PQC",Europe; International,N/A,N/A,"Migration planning","Migration teams",Medium,Validated,General PQC Migration
ETSI TS 103 744 v1.3.1,Quantum-Safe Hybrid Key Exchanges (Updated),https://www.etsi.org/deliver/etsi_ts/103700_103799/103744/01.03.01_60/ts_103744v010301p.pdf,2023-02-01,2025-11-01,Published Technical Specification,"Updated framework incorporating NIST finalized ML-KEM standards and additional hybrid patterns.",Protocol,"Telecom; 5G; Enterprise","ETSI QSC","FIPS 203; SP 800-227",Europe; International,"Lattice+ECDH","L1,L3,L5","5G/Telecom hybrid cryptography","Telecom equipment",High,New,Protocols
ETSI GR QSC 020,Quantum-safe Hybrid Multi-Factor Authentication,https://www.etsi.org/deliver/etsi_gr/QSC/001_099/020/01.01.01_60/gr_QSC020v010101p.pdf,2024-03-01,2024-03-01,Group Report,"Framework for quantum-safe multi-factor authentication using hybrid approaches.",Guidance,"Identity Management; Access Control; Enterprise","ETSI QSC","FIPS 203/204",Europe,Hybrid Auth,N/A,"MFA and identity systems","IAM solutions",Medium,New,General PQC Migration
NSA CNSA 2.0,Commercial National Security Algorithm Suite 2.0,https://media.defense.gov/2025/May/30/2003728741/-1/-1/0/CSA_CNSA_2.0_ALGORITHMS.PDF,2022-09-01,2025-05-30,Policy/Advisory,"US government adoption requirements for ML-KEM-1024, ML-DSA-87, SLH-DSA, LMS/XMSS. Level 5 recommended.",Compliance/Policy,"Government; Defense; NSS",NSA,"FIPS 203/204/205; SP 800-208",USA,Various,"Level 5 recommended","All federal/NSS systems","Government procurement",High,Validated,General PQC Migration
NSA CNSA 2.0 FAQ,CNSA 2.0 Frequently Asked Questions,https://media.defense.gov/2022/Sep/07/2003071836/-1/-1/0/CSI_CNSA_2.0_FAQ_.PDF,2022-09-01,2024-12-01,Policy/Advisory,"FAQ document with implementation timelines: 2025-2030 prefer, 2030-2033 exclusive, 2035 complete.",Compliance/Policy,"Government; Defense",NSA,"CNSA 2.0 CSA",USA,N/A,N/A,"Implementation timeline guidance","Government agencies",High,Updated,General PQC Migration
NSA CSfC PQC Guidance Addendum,CSfC Post Quantum Cryptography Guidance Addendum,https://www.nsa.gov/Portals/75/documents/resources/everyone/csfc/capability-packages/CSfC%20Post%20Quantum%20Cryptography%20Guidance%20Addendum%201_0.pdf,2025-06-01,2025-12-31,Policy/Advisory,"Guidance for implementing PQC in Commercial Solutions for Classified (CSfC) programs.",Compliance/Policy,"Defense; Intelligence; Critical Infrastructure",NSA,"CNSA 2.0; FIPS 203/204/205",USA,"ML-KEM, ML-DSA",Level 5,"CSfC certified products","CSfC vendors",High,New,General PQC Migration
BSI TR-02102-1,Cryptographic Mechanisms: Recommendations and Key Lengths,https://www.bsi.bund.de/SharedDocs/Downloads/EN/BSI/Publications/TechGuidelines/TG02102/BSI-TR-02102-1.pdf,2025-01-31,2025-01-31,Technical Guideline,"German federal recommendations including ML-KEM, ML-DSA, SLH-DSA, XMSS, LMS. Version 2025-01.",Compliance/Guidance,"Gov; Finance; Critical Infrastructure; IT",BSI Germany,"FIPS 203/204/205",Germany; EU,"Lattice; Hash-based","L3,L5 recommended","German federal systems and beyond","Various implementations",High,Updated,General PQC Migration
BSI TR-02102-2,Cryptographic Mechanisms: Recommendations for TLS,https://www.bsi.bund.de/SharedDocs/Downloads/EN/BSI/Publications/TechGuidelines/TG02102/BSI-TR-02102-2.pdf,2025-01-31,2025-01-31,Technical Guideline,"TLS-specific PQC recommendations including hybrid key exchange. Version 2025-01.",Compliance/Guidance,"Web; Cloud; Enterprise","BSI Germany","TR-02102-1; RFC 8446; FIPS 203",Germany; EU,"Lattice+ECDH",N/A,"TLS configuration","TLS implementations",High,Updated,Protocols
BSI TR-02102-3,Cryptographic Mechanisms: Recommendations for IPsec,https://www.bsi.bund.de/SharedDocs/Downloads/EN/BSI/Publications/TechGuidelines/TG02102/BSI-TR-02102-3.pdf,2025-01-31,2025-01-31,Technical Guideline,"IPsec/IKEv2-specific PQC recommendations. Version 2025-01.",Compliance/Guidance,"VPN; Enterprise; Gov","BSI Germany","TR-02102-1; RFC 7296",Germany; EU,"Lattice+ECDH",N/A,"IPsec/VPN configuration","VPN implementations",High,Updated,Protocols
BSI TR-02102-4,Cryptographic Mechanisms: Recommendations for SSH,https://www.bsi.bund.de/SharedDocs/Downloads/EN/BSI/Publications/TechGuidelines/TG02102/BSI-TR-02102-4.pdf,2025-01-31,2025-01-31,Technical Guideline,"SSH-specific PQC recommendations for secure remote access. Version 2025-01.",Compliance/Guidance,"Remote Access; Enterprise; Government","BSI Germany","TR-02102-1; FIPS 203",Germany; EU,"Lattice+ECDH",N/A,"SSH configuration","OpenSSH; commercial SSH",High,New,Protocols
ANSSI PQC Position Paper,ANSSI Views on Post-Quantum Cryptography Transition,https://cyber.gouv.fr/sites/default/files/document/avis_anssi_sur_la_migration_vers_la_cryptographie_post_quantique_2022.pdf,2022-01-01,2022-01-01,Position Paper,"French national guidance mandating hybrid approach for products requiring security beyond 2030.",Compliance/Guidance,"Gov; Critical Infrastructure; Defense",ANSSI France,"NIST PQC",France; EU,N/A,"L5 recommended","French systems requiring long-term security","French government",High,Validated,General PQC Migration
ANSSI PQC Follow-up Paper,ANSSI Views on Post-Quantum Cryptography Transition (2023 Follow-up),https://cyber.gouv.fr/sites/default/files/document/follow_up_position_paper_on_post_quantum_cryptography.pdf,2023-12-01,2023-12-01,Position Paper,"Updated guidance on hybridization requirements and timeline phases through 2030+.",Compliance/Guidance,"Gov; Critical Infrastructure",ANSSI France,"NIST PQC; ANSSI 2022",France; EU,"Lattice; Hash-based","L5 recommended","French national security systems","French agencies",High,Updated,General PQC Migration
EU PQC Recommendation,Recommendation on Coordinated Implementation Roadmap for PQC Transition,https://digital-strategy.ec.europa.eu/en/library/recommendation-coordinated-implementation-roadmap-transition-post-quantum-cryptography,2024-04-11,2024-04-11,Policy Recommendation,"EU-wide coordination framework for member state PQC transitions. Target 2030 for critical systems.",Compliance/Policy,"Gov; Critical Infrastructure; Finance",European Commission,"NIST PQC; ETSI QSC",EU,N/A,N/A,"EU member state coordination","EU member states",High,Validated,General PQC Migration
ENISA PQC Guidelines,Post-Quantum Cryptography: Current State and Quantum Mitigation,https://www.enisa.europa.eu/publications/post-quantum-cryptography-current-state-and-quantum-mitigation,2021-07-01,2024-12-01,Position Paper,"ENISA recommendations on PQC adoption strategy for European organizations.",Guidance,"Enterprise; Government; Critical Infrastructure",ENISA,"NIST PQC; ETSI",EU,N/A,N/A,"European PQC strategy","EU organizations",High,Updated,General PQC Migration
EUCC v2.0 ACM,EU Cybersecurity Certification Agreed Cryptographic Mechanisms v2.0,https://www.enisa.europa.eu/publications/eucc-candidate-eucc-scheme-v1-2.0,2025-04-01,2025-04-01,Certification Framework,"Includes PQC algorithms in Agreed Cryptographic Mechanisms for EUCC certification.",Compliance/Guidance,"ICT Products; Services; EU Market",ECCG/ENISA,"FIPS 203/204/205; ISO 15408",EU,"Lattice; Hash-based","L1,L3,L5","EU product certification","EU vendors",High,New,General PQC Migration
UK NCSC PQC Guidance,Preparing for Quantum-Safe Cryptography,https://www.ncsc.gov.uk/whitepaper/preparing-for-quantum-safe-cryptography,2024-11-01,2025-01-01,White Paper,"UK guidance on PQC migration with 2035 deadline for full transition.",Guidance,"Government; Critical National Infrastructure; Enterprise",UK NCSC,"NIST PQC; ETSI",UK; International,N/A,N/A,"UK PQC migration strategy","UK organizations",High,New,General PQC Migration
NIST NCCoE SP 1800-38C,Migration to Post-Quantum Cryptography (Preliminary Draft),https://www.nccoe.nist.gov/sites/default/files/2023-12/pqc-migration-nist-sp-1800-38c-preliminary-draft.pdf,2023-12-01,2023-12-01,Preliminary Draft Practice Guide,"Practical guidance for enterprise PQC migration with use cases and reference architectures.",Guidance,"Enterprise IT; Gov; Finance","NIST NCCoE","FIPS 203/204/205",USA,N/A,N/A,"Enterprise migration planning","Reference implementations",High,Validated,General PQC Migration
ISO/IEC 14888-4:2024,Hash-based Digital Signatures,https://www.iso.org/standard/80966.html,2024-01-01,2024-01-01,International Standard,"Standardizes XMSS and LMS stateful hash-based signatures at ISO level.",Algorithm,"Global; All industries; Firmware",ISO/IEC JTC 1/SC 27,"SP 800-208; RFC 8554/8391",Global,"Hash-based (stateful)","L1-L5","ISO-certified hash-based signatures","Global implementations",Medium,New,Digital Signature
ISO/IEC 18033-2:2006/AMD1:2017,Asymmetric Encryption Algorithms,https://www.iso.org/standard/37971.html,2006-01-01,2017-12-01,International Standard,"ISO standard for asymmetric encryption. Updates planned for PQC KEMs.",Algorithm,"Global; All industries",ISO/IEC JTC 1/SC 27,"ISO standards",Global,Classical + planned PQC,Various,"Asymmetric encryption standards","Global",Medium,Updated,KEM
ISO/IEC NP 29192-8,Lightweight Cryptography - Part 8: Post-Quantum Algorithms,https://www.iso.org/standard/88299.html,2024-06-01,2024-06-01,New Project,"Standardization of lightweight PQC algorithms for constrained devices.",Algorithm,"IoT; Embedded Systems; Mobile",ISO/IEC JTC 1/SC 27,"NIST Lightweight PQC",Global,"Lattice; Hash-based","L1,L3","Lightweight PQC for IoT","IoT implementations",Medium,New,General PQC Migration
China OSCCA GM/T 0108-2021,Technical Specification for Quantum Key Distribution Products,https://www.gmbz.org.cn/,2021-01-01,2021-01-01,National Standard,"Chinese cryptographic industry standard for QKD products using deceptive state BB84.",Protocol,"Government; Critical Infrastructure; Finance",OSCCA China,"GB/T standards",China,QKD,N/A,"Quantum key distribution systems","Chinese QKD vendors",Medium,Validated,KEM
China GB/T 42829-2023,Basic Requirements for Quantum Secure Communication Applications,https://www.gb688.cn/,2023-01-01,2023-01-01,National Standard,"Chinese national standard defining requirements for quantum secure communication systems.",Compliance/Guidance,"Government; Telecom; Critical Infrastructure",SAC China,"GM/T standards",China,QKD,N/A,"Quantum communication deployment","Chinese systems",Medium,New,Protocols
China GB/T 43692-2024,Quantum Communication Terms and Definitions,https://www.gb688.cn/,2024-01-01,2024-01-01,National Standard,"Standardizes terminology for quantum communication in China.",Guidance,"All quantum sectors; Research; Industry",SAC China,"QKD standards",China,N/A,N/A,"Quantum communication terminology","Chinese quantum industry",Low,New,General PQC Migration
China YD/T 3834.1-2021,Quantum Key Distribution System Technical Requirements - Part 1,https://www.ccsa.org.cn/,2021-01-01,2021-01-01,Communications Industry Standard,"Technical requirements for QKD systems based on BB84 protocol.",Protocol,"Telecom; Government; Finance",CCSA China,"GM/T 0108",China,QKD,N/A,"QKD system specifications","Telecom operators",Medium,Validated,Protocols
China CACR PQC Competition Results,Chinese Post-Quantum Cryptography Competition Winners,https://www.cacrnet.org.cn/,2020-02-01,2020-02-01,Competition Results,"Results of CACR national PQC competition: Aigi-sig, LAC.PKE, Aigis-enc (lattice-based).",Research/Report,"Research; Cryptography Development",CACR China,"Similar to NIST PQC",China,"Lattice-based","L1,L5","Potential Chinese PQC standards","Chinese research",Medium,Validated,General PQC Migration
China ICCS PQC Call for Proposals,ICCS Post-Quantum Cryptography Algorithm Solicitation,https://www.gmbz.org.cn/,2025-02-01,2025-03-15,Call for Proposals,"Chinese initiative for independent PQC algorithms for public-key crypto, hash functions, block ciphers.",Compliance/Policy,"Government; Industry; Research",ICCS China,"Chinese cryptography standards",China,"Various PQC families","L1,L3,L5","Chinese PQC algorithm standardization","Chinese vendors",High,New,General PQC Migration
Japan CRYPTREC Report 2024,Post-Quantum Cryptography Evaluation Report,https://www.cryptrec.go.jp/en/,2024-04-01,2024-04-01,Technical Report,"Japanese evaluation of NIST PQC algorithms and recommendations for Japanese adoption.",Guidance,"Government; Critical Infrastructure; Finance",CRYPTREC Japan,"NIST FIPS 203/204/205",Japan,N/A,N/A,"Japanese PQC adoption guidance","Japanese agencies",Medium,New,General PQC Migration
Singapore IMDA Cyber Security Guide,Post-Quantum Cryptography Readiness Guide,https://www.imda.gov.sg/,2024-06-01,2024-06-01,Guidance,"Singapore guidance for organizations preparing for PQC transition.",Guidance,"Telecom; Finance; Critical Info Infrastructure",IMDA Singapore,"NIST PQC; ETSI",Singapore; ASEAN,N/A,N/A,"Singapore PQC readiness","Singapore entities",Medium,New,General PQC Migration
Australia ASD PQC Guidance,Post-Quantum Cryptography Roadmap,https://www.cyber.gov.au/,2024-03-01,2024-03-01,Policy Recommendation,"Australian guidance with aggressive 2030 deadline for PQC migration.",Compliance/Policy,"Government; Critical Infrastructure",ASD Australia,"NIST PQC; CNSA 2.0",Australia,N/A,N/A,"Australian PQC timeline","Australian government",High,New,General PQC Migration
Canada CSE PQC Guidance,Guidance on Post-Quantum Cryptography,https://cyber.gc.ca/,2023-09-01,2023-09-01,Guidance,"Canadian Centre for Cyber Security guidance on PQC adoption.",Guidance,"Government; Critical Infrastructure; Finance",CCCS Canada,"NIST PQC; CNSA 2.0",Canada,N/A,N/A,"Canadian PQC strategy","Canadian entities",Medium,New,General PQC Migration
GSMA FS.50 PQC Guidelines,Post-Quantum Cryptography Integration in Mobile Networks,https://www.gsma.com/,2024-10-01,2024-10-01,Permanent Reference Document,"Guidance for integrating PQC into TLS, IKE, and 5G infrastructure.",Guidance,"Mobile Networks; Telecom; 5G",GSMA,"FIPS 203/204; 3GPP standards",Global,Hybrid approaches,N/A,"5G and mobile network PQC","Mobile operators",High,New,Protocols
CA/Browser Forum Ballot SC-PQC,Post-Quantum Algorithm Requirements for Public Trust Certificates,https://cabforum.org/,2025-06-01,2025-11-01,Ballot/Draft,"CA/Browser Forum requirements for ML-DSA certificates in Web PKI.",Compliance/Policy,"Web PKI; Certificate Authorities; Browsers",CA/Browser Forum,"RFC 9881; FIPS 204",Global,Lattice-based,"L3,L5","Public Web PKI certificates","CAs; Browsers",High,New,PKI Certificate Management
WebPKI PQC Timeline,Web PKI Post-Quantum Cryptography Adoption Timeline,https://github.com/WICG/webpackage,2025-01-01,2025-12-01,Industry Planning,"Coordination of PQC certificate rollout among browsers and CAs. Pilot in 2025, broader 2026-2027.",Guidance,"Web PKI; Browsers; CAs","Browser vendors; CAs","RFC 9881; CA/B Forum",Global,Lattice-based,"L3,L5","Browser and CA coordination","Chrome; Firefox; Safari; CAs",High,New,PKI Certificate Management
IEEE 1609.2 Amendment,Security Services for Applications and Management Messages - PQC Update,https://standards.ieee.org/,2025-01-01,2025-12-31,Standard Amendment,"IEEE vehicular communications security standard update for PQC.",Algorithm,"Automotive; V2X; Transportation",IEEE,"FIPS 203/204",Global,"Lattice-based","L3,L5","Vehicle-to-everything communications","Automotive OEMs",Medium,New,Protocols
3GPP TS 33.501 Rel-19,Security Architecture and Procedures for 5G - PQC Enhancements,https://www.3gpp.org/,2025-06-01,2025-12-01,Technical Specification,"5G security architecture updates incorporating PQC algorithms.",Protocol,"Mobile Networks; 5G; Telecom",3GPP,"FIPS 203/204; GSMA guidelines",Global,"Hybrid approaches","L3,L5","5G network security","Network equipment vendors",High,New,Protocols
ITU-T X.1819,Quantum-safe cryptography guidelines,https://www.itu.int/,2024-02-01,2024-02-01,International Standard,"ITU guidance on implementing quantum-safe cryptography in telecommunications.",Guidance,"Telecom; International Communications",ITU-T SG17,"NIST PQC; ETSI",Global,N/A,N/A,"Telecom quantum-safe guidance","Telecom operators",Medium,New,General PQC Migration
IETF RFC 8391,XMSS: eXtended Merkle Signature Scheme,https://www.rfc-editor.org/rfc/rfc8391.html,2018-05-01,2018-05-01,Informational,"Specifies XMSS stateful hash-based signatures for long-term security.",Algorithm,"Firmware; Long-term Security; Archival","IETF CFRG","SP 800-208",International,"Hash-based (stateful)","L1-L5","Firmware and long-term signatures","Various implementations",Medium,Validated,Digital Signature
IETF RFC 8554,Leighton-Micali Hash-Based Signatures,https://www.rfc-editor.org/rfc/rfc8554.html,2019-04-01,2019-04-01,Informational,"Specifies LMS/HSS stateful hash-based signature schemes.",Algorithm,"Firmware; Critical Infrastructure; Secure Boot","IETF CFRG","SP 800-208",International,"Hash-based (stateful)","L1-L5","Secure boot and firmware signing","wolfSSL; Bouncy Castle",Medium,Validated,Digital Signature
IETF RFC 9370,Multiple Key Exchanges in IKEv2,https://www.rfc-editor.org/rfc/rfc9370.html,2023-05-01,2023-05-01,Standards Track,"Framework for up to 7 additional KEMs in IKEv2 for PQ/T hybrid approaches.",Protocol,"VPN; IPsec; Enterprise","IETF IPSECME","RFC 7296",International,Hybrid KEMs,N/A,"IKEv2 multiple key exchange framework","VPN implementations",High,Validated,Protocols
IETF RFC 8784,Mixing Preshared Keys in IKEv2 for Post-quantum Security,https://www.rfc-editor.org/rfc/rfc8784.html,2020-06-01,2020-06-01,Standards Track,"Defines Post-quantum Preshared Keys (PPK) for quantum-resistant IKEv2.",Protocol,"VPN; Government; High Security","IETF IPSECME","RFC 7296",International,Symmetric PSKs,N/A,"Quantum-resistant PSK mixing","VPN implementations",Medium,Validated,Protocols
IETF-TLS-ECDHE-MLKEM-03,Post-quantum hybrid ECDHE-MLKEM Key Agreement for TLSv1.3,https://datatracker.ietf.org/doc/draft-ietf-tls-ecdhe-mlkem/,2025-11-22,2025-11-22,Draft,"Defines three hybrid key agreements for TLS 1.3: X25519MLKEM768, SecP256r1MLKEM768, SecP384r1MLKEM1024 combining ML-KEM with ECDHE",Internet-Draft,All TLS-using industries,"Kwiatkowski (PQShield); Kampanakis (AWS); Westerbaan (Cloudflare); Stebila (U. Waterloo)","TLS 1.3 RFC8446, FIPS 203",Global,Lattice-based (ML-KEM) + ECDH,"Level 3, Level 5",TLS 1.3 Key Exchange,"OpenSSL, GnuTLS",High,New,PQC Protocol Specification
IETF-LAMPS-COMPOSITE-KEM-11,Composite ML-KEM for use in X.509 Public Key Infrastructure,https://datatracker.ietf.org/doc/draft-ietf-lamps-pq-composite-kem/,2025-12-03,2025-12-03,Draft,"Defines combinations of ML-KEM with RSA-OAEP, ECDH, X25519, X448 for X.509 PKI hybrid deployments enabling gradual transition",Internet-Draft,"PKI, CA/RA, Financial, Government","Ounsworth; Gray (Entrust); Pala (OpenCA); Klaussner (Bundesdruckerei); Fluhrer (Cisco)","FIPS 203, X.509, RFC5280",Global,Lattice-based + Traditional,"Level 3, Level 5",X.509 Certificates PKI,"OpenSSL, BoringSSL",Critical,Updated,PQC Certificate Standard
CISA-PQC-CATEGORY-LIST-2025,CISA PQC Product Category List,https://www.cisa.gov/quantum,2025-12-01,2025-12-01,Published,"Initial product category list defining criteria for PQC-enabled products across technology verticals including data management, networking, and endpoint security",Guidance,"Federal Government, Critical Infrastructure",CISA/ATARC,"FIPS 203, FIPS 204, FIPS 205",US Federal,All PQC Families,"Level 3, Level 5",Federal Procurement,Multiple,Critical,New,Government Guidance
