industry,threat_id,threat_description,criticality,crypto_at_risk,pqc_replacement,main_source,source_url,accuracy_pct
Financial Services / Banking,FIN-001,"HNDL attack on transaction records: Adversaries capture encrypted SWIFT messaging, interbank transfers, and transaction records retained for 7+ years for future quantum decryption. Estimated $2-3.3 trillion GDP at risk from Fedwire disruption alone.",Critical,"RSA-2048/4096, ECDH, ECDSA, TLS 1.2","ML-KEM-768/1024, ML-DSA-65/87, Hybrid TLS 1.3",US Treasury FAQ on Financial Sector Quantum Risks,https://home.treasury.gov/system/files/136/FAQs-Financial-Sector-Risks-Quantum-Computing.pdf,100
Financial Services / Banking,FIN-003,"Digital signature forgery on long-term contracts: Mortgages, loan agreements, and financial instruments with multi-decade validity periods become repudiable when RSA/ECDSA signatures can be forged.",High,"RSA-2048/4096, ECDSA P-256/P-384","ML-DSA-65/87, SLH-DSA for archival",BIS Paper 158 Quantum-Readiness Roadmap,https://www.bis.org/publ/bisbull88.htm,10
Financial Services / Banking,FIN-004,"HSM backup key extraction: Master encryption keys wrapped with RSA in HSM backup archives become recoverable, exposing entire key hierarchies protecting decades of financial data.",High,"RSA key wrapping, ECDH key agreement","ML-KEM-1024, AES-256-GCM wrapping",NIST SP 800-227 KEM Recommendations,https://nvlpubs.nist.gov/nistpubs/SpecialPublications/NIST.SP.800-227.pdf,30
Financial Services / Banking,FIN-005,Core banking authentication bypass: Quantum compromise of RSA/ECDSA certificates enabling unauthorized access to core banking systems and mainframe environments.,High,"RSA-2048 certificates, ECDSA P-256","Hybrid X.509 certificates, ML-DSA",IBM Quantum Safe Documentation,https://www.ibm.com/quantum/quantum-safe,10
Financial Services / Banking,FIN-009,"BIS Project Leap / SWIFT quantum migration challenge: Central banks and SWIFT implementing quantum-safe protocols for $5+ trillion daily transactions. Phase 2 launched July 2025 with Bank of Italy, France, Germany, and Nexi.",Critical,"RSA-2048, ECDSA, TLS legacy","Hybrid PQC, ML-KEM, ML-DSA, HQC",BIS Innovation Hub Project Leap,https://www.bis.org/publ/bisbull88.htm,50
Financial Services / Banking,FIN-010,"Cryptography Bill of Materials (C-BOM) inventory gaps: Financial institutions lacking comprehensive cryptographic asset inventories required for PQC migration. IBM estimates 15,000+ cryptographic endpoints per major bank.",High,All asymmetric crypto,"C-BOM standardization, CycloneDX",IBM Quantum Safe Migration,https://www.theasianbanker.com/updates-and-articles/ibm-urges-financial-institutions-to-prepare-for-quantum-safe-transition,30
Financial Services / Banking,FIN-011,"Harvest-now-decrypt-later on long-lived financial records: Attackers exfiltrating encrypted transactional data, regulatory archives, and market infrastructure logs for future quantum decryption.",Critical,"RSA, ECDSA, TLS 1.2",Immediate hybrid encryption deployment,Federal Reserve Quantum Report,https://www.atlantafed.org/blogs/take-on-payments/2025/02/03/quantum-payments--leap-into-future,100
Payment Card Industry,PCI-001,PIN block DUKPT vulnerability: Triple-DES DUKPT base derivation keys protecting PIN blocks face quantum compromise; AES-256 DUKPT provides quantum-resistant alternative but millions of terminals require updates.,High,"3DES DUKPT, RSA key injection","AES-256 DUKPT, ML-KEM key injection",PCI PIN Security Requirements,https://www.pcisecuritystandards.org/document_library/?category=pin_702c_security,10
Payment Card Industry,PCI-002,EMV offline authentication forgery: 90% of global card-present transactions use EMV with RSA as only approved asymmetric algorithm. Quantum forgery enables counterfeit card acceptance.,Critical,RSA-1024/2048 (EMV CDA/DDA),"ML-DSA hybrid, Falcon (constrained)",EMVCo Specifications,https://www.emvco.com/specifications/,15
Payment Card Industry,PCI-003,"Card personalization key compromise: RSA-wrapped key injection keys for personalization bureaus become vulnerable, enabling fraudulent card production at scale.",High,RSA-2048 key transport,ML-KEM-768/1024,PCI Card Production Security,https://www.pcisecuritystandards.org/document_library/,10
Payment Card Industry,PCI-004,Tokenization backend compromise: Payment tokenization services protecting stored credentials vulnerable through TLS certificate and HSM key compromise.,High,"TLS certificates (RSA/ECDSA), HSM keys","Hybrid TLS 1.3, ML-KEM/ML-DSA",PCI DSS 4.0 Tokenization Guidance,https://www.pcisecuritystandards.org/document_library/?document=pci_dss,10
Payment Card Industry,PCI-005,Protocol downgrade attack: Forcing fallback to quantum-vulnerable cipher suites during payment terminal TLS negotiation.,Medium,"TLS 1.2 cipher suites, RSA key exchange",Mandatory TLS 1.3 with ML-KEM,PCI DSS 4.0 Requirement 4.2,https://www.pcisecuritystandards.org/document_library/?document=pci_dss,5
Payment Card Industry,PCI-006,Terminal supply chain firmware attack: Quantum forgery of code signing certificates enabling malicious firmware injection into payment terminals.,High,RSA/ECDSA code signing,"ML-DSA, SLH-DSA firmware signing",PCI PTS Device Security Requirements,https://www.pcisecuritystandards.org/document_library/?category=pts_702c_device_702c_security,10
Government / Defense,GOV-001,HNDL on classified data: TOP SECRET information requiring 25-75+ year protection is actively harvested for future quantum decryption. Current encryption provides no protection against this threat.,Critical,"RSA-2048/4096, ECDH P-384, ECDSA","ML-KEM-1024, ML-DSA-87, AES-256",NSA CNSA 2.0 Cybersecurity Advisory,https://media.defense.gov/2022/Sep/07/2003071834/-1/-1/0/CSA_CNSA_2.0_ALGORITHMS_.PDF,100
Government / Defense,GOV-002,"HSM backup key extraction for national security systems: Federal PKI root keys, military encryption keys, and NSS credentials recoverable from archived backups.",Critical,"RSA key wrapping, ECDH","ML-KEM-1024, LMS/XMSS, AES-256",NSA CNSA 2.0 FAQ,https://media.defense.gov/2022/Sep/07/2003071836/-1/-1/0/CSI_CNSA_2.0_FAQ_.PDF,50
Government / Defense,GOV-003,Federal PKI signature forgery: Quantum-enabled impersonation of federal systems and fraudulent certificate issuance affecting government-wide trust.,High,"RSA-2048/4096, ECDSA P-256/P-384","ML-DSA-87, SLH-DSA, Hybrid certs",Federal PKI Policy Authority,https://www.idmanagement.gov/fpki/,10
Government / Defense,GOV-004,CAC/PIV card authentication compromise: Millions of deployed Common Access Cards and Personal Identity Verification credentials become forgeable.,High,"RSA-2048, ECDSA P-256","ML-DSA, Hybrid PIV credentials",NIST SP 800-78 PIV Cryptography,https://csrc.nist.gov/pubs/sp/800/78/5/final,10
Government / Defense,GOV-005,Nuclear command and control manipulation: NC3 systems with 50+ year lifecycles face highest-consequence quantum threat scenarios.,Critical,All public-key cryptography,"CNSA 2.0 full suite, AES-256",NSA CNSA 2.0,https://media.defense.gov/2022/Sep/07/2003071834/-1/-1/0/CSA_CNSA_2.0_ALGORITHMS_.PDF,50
Government / Defense,GOV-006,Protocol downgrade on classified networks: Forcing fallback to vulnerable algorithms during VPN/TLS negotiation on classified systems.,Medium-High,"IKEv2, TLS negotiation","Strict hybrid enforcement, ML-KEM",CISA Post-Quantum Cryptography Initiative,https://www.cisa.gov/quantum,5
Government / Defense,GOV-007,Five Eyes interoperability challenges: Cross-border PKI and encrypted communications require coordinated PQC migration across allied nations.,Medium,"Interoperable PKI, shared encryption",NIST PQC alignment across allies,NIST PQC Standardization,https://csrc.nist.gov/projects/post-quantum-cryptography,5
Government / Defense,GOV-008,Defense supply chain firmware attack: Quantum forgery of firmware signing enables malicious code in military systems and weapons platforms.,High,RSA/ECDSA firmware signing,"LMS/XMSS, ML-DSA",NIST SP 800-208 Stateful HBS,https://nvlpubs.nist.gov/nistpubs/SpecialPublications/NIST.SP.800-208.pdf,10
Government / Defense,GOV-009,Satellite communication interception: Military and intelligence satellite uplink/downlink communications vulnerable to quantum decryption. Space-based QKD deployment ongoing but limited.,Critical,"RSA, ECDSA satellite crypto","Quantum Key Distribution, ML-KEM",Aerospace Corporation QKD Report,https://aerospace.org/article/unlocking-quantum-key-distribution-space-asset-cybersecurity,50
Government / Defense,GOV-010,GNSS jamming and PNT disruption: GPS/Galileo signals vulnerable to spoofing. Quantum sensing threatens stealth capabilities. UK investing Â£8M in quantum navigation systems.,High,GNSS authentication,"Quantum-based PNT, inertial navigation",UK Quantum Navigation Program,https://www.aerospacetestinginternational.com/features/how-quantum-sensors-will-unlock-aviations-potential.html,30
Healthcare / Pharmaceutical,HLTH-001,HNDL on patient records: Healthcare data has lifetime sensitivity; genomic data and mental health records remain sensitive indefinitely. HIPAA mandates 6+ year retention but records persist 25+ years.,Critical,"RSA, ECDH, ECDSA, TLS","ML-KEM-768/1024, ML-DSA, AES-256",HHS HIPAA Security Rule,https://www.hhs.gov/hipaa/for-professionals/security/index.html,100
Healthcare / Pharmaceutical,HLTH-002,"Connected medical device cryptographic failure: FDA recalls affected 465,000+ pacemakers; devices with 10-20 year lifecycles will operate when CRQCs arrive.",Critical,"BLE cryptography, TLS, embedded ECC","Hybrid/crypto-agile design, ML-DSA",FDA Cybersecurity Medical Devices,https://www.fda.gov/medical-devices/digital-health-center-excellence/cybersecurity,50
Healthcare / Pharmaceutical,HLTH-003,Drug supply chain authentication compromise: DSCSA serialization integrity vulnerable to quantum-forged verification responses enabling counterfeit drug infiltration.,High,"EPCIS signatures, TLS authentication","ML-DSA, Hybrid certificates",FDA Drug Supply Chain Security Act,https://www.fda.gov/drugs/drug-supply-chain-integrity/drug-supply-chain-security-act-dscsa,10
Healthcare / Pharmaceutical,HLTH-004,Clinical trial data integrity attack: Pharmaceutical IP worth billions exposed; trial data sensitivity persists through 20+ year patent lifecycles.,High,"Database encryption, TLS, signatures","AES-256, ML-KEM, ML-DSA",FDA 21 CFR Part 11,https://www.ecfr.gov/current/title-21/chapter-I/subchapter-A/part-11,30
Healthcare / Pharmaceutical,HLTH-005,Health Information Exchange protocol compromise: HL7 FHIR and other HIE protocols using TLS/OAuth vulnerable to session interception and credential theft.,High,"TLS certificates, OAuth tokens","PQC-enabled TLS 1.3, ML-DSA JWT",HL7 FHIR Security,https://www.hl7.org/fhir/security.html,10
Healthcare / Pharmaceutical,HLTH-008,Femtech and reproductive health data exposure: Women's health apps and fertility tracking devices storing highly sensitive reproductive data for decades. Q-Day threatens permanent privacy loss.,High,"Mobile app encryption, cloud TLS","Hybrid encryption, ML-KEM",Quantum Cryptography Medical Devices,https://www.nature.com/articles/s41746-025-02082-3,30
Healthcare / Pharmaceutical,HLTH-009,Medical device supply chain attacks: Custom ASIC and semiconductor supply chain for medical devices vulnerable to backdoor insertion and firmware compromise.,High,"Secure boot, firmware signing","PQC-enabled secure elements, ML-DSA",SEALSQ Medical PQC Integration,https://www.globenewswire.com/news-release/2025/12/11/3203926/0/en/SEALSQ-Enters-the-Healthcare-Industry-Through-IC-Alps-Delivering-Custom-Integrated-Chip-Solutions-and-Post-Quantum-Protection-for-Next-Generation-Medical-Devices.html,10
Healthcare / Pharmaceutical,HLTH-010,FDA PQC compliance timeline: Medical devices must align with NIST standards by 2030 per FDA guidance. Devices with 10-20 year lifecycles being deployed now will be vulnerable.,Critical,"RSA, ECDSA in medical devices",FIPS 203/204/205 compliance,FDA Medical Device Quantum Compliance,https://www.medcrypt.com/blog/preparing-for-the-post-quantum-era-what-medical-device-manufacturers-need-to-know,50
Healthcare / Pharmaceutical,HLTH-011,Healthcare data breach quantum threat: 677 major breaches in 2024 compromising 182M+ records. Only 4% of sensitive healthcare cloud data properly encrypted. Thales 2025 report shows 58% evaluating PQC.,Critical,"Cloud encryption, database TLS","PQC prototyping, hybrid deployment",Thales Healthcare Data Threat Report,https://www.cdotrends.com/story/4822/healthcares-data-breach-victory-lap-gets-crashed-quantum-computing,50
Telecommunications,TELCO-001,"HNDL on subscriber data: Mobile network operators retain call detail records, location data, and encrypted communications for 2-10 years. 5G user data encrypted with vulnerable algorithms.",Critical,"RSA, ECDSA, AES-128 (some legacy)","ML-KEM-1024, ML-DSA, AES-256",GSMA Security Guidelines,https://www.gsma.com/security/,100
Telecommunications,TELCO-002,SIM card and eSIM authentication compromise: Millions of SIM cards using RSA-2048 or weaker; eSIM remote provisioning vulnerable to quantum attacks.,High,"RSA-2048, ECC P-256","ML-DSA, Hybrid SIM authentication",GSMA eSIM Specification,https://www.gsma.com/esim/,10
Telecommunications,TELCO-003,"HSM key extraction in mobile networks: HSM root keys protecting A5/3, Milenage, and IMS security become vulnerable.",High,3GPP authentication algorithms,Quantum-safe 5G/6G authentication,3GPP Security Specifications,https://www.3gpp.org/specifications-technologies/specifications-by-series,30
Telecommunications,TELCO-004,Roaming agreement encryption failure: Inter-carrier roaming agreements and SS7/Diameter signaling vulnerable to quantum interception.,High,"RSA/ECDSA in roaming, SS7/Diameter",PQC-enabled roaming protocols,ITU-T Security Recommendations,https://www.itu.int/en/ITU-T/,30
Telecommunications,TELCO-005,"5G network slice isolation compromise: Network slicing authentication and isolation mechanisms vulnerable. Critical for enterprise, IoT, and emergency services.",Critical,"5G slice authentication, TLS","Hybrid 5G security, ML-KEM",5G Americas PQC White Paper Feb 2025,https://www.5gamericas.org/5g-americas-explores-quantum-threats-and-solutions-in-wireless-cellular-networks/,15
Telecommunications,TELCO-006,RAN and core network encryption failure: Radio Access Network and Evolved Packet Core encryption vulnerable. GSMA Post-Quantum Telco Network Taskforce established 2025.,Critical,"IPsec, IKEv2, N2/N3 interface crypto",3GPP/IETF PQC standards,5G Americas Telecom Security,https://www.gsma.com/security/post-quantum-telco-network-taskforce/,50
Telecommunications,TELCO-007,6G security preparedness gap: 6G standards development (2025-2030) must incorporate PQC from design phase. Legacy crypto-agility lessons from 5G transition.,High,6G authentication and encryption,Native PQC in 6G standards,Ericsson Quantum Impact on 5G/6G,https://www.ericsson.com/en/reports-and-papers/further-insights/impact-of-quantum-computing-on-5g-6g-security,30
Telecommunications,TELCO-008,Telecom supply chain compromise: Network equipment firmware and software updates vulnerable to quantum signature forgery. Vendor ecosystem coordination required.,High,"Firmware signing, software updates",ML-DSA supply chain security,Telefonica Quantum-Safe Networks,https://telecomanalysis.net/2025/08/04/the-quantum-threat-landscape-understanding-the-urgency/,10
Energy / Critical Infrastructure,ENERGY-001,"SCADA system authentication bypass: Industrial control systems in power generation, transmission, and distribution using RSA-2048 or weaker.",Critical,"RSA-1024/2048, legacy protocols","ML-DSA, IEC 62351 quantum update",IEC 62351 Security Standards,https://webstore.iec.ch/publication/6912,50
Energy / Critical Infrastructure,ENERGY-002,Smart grid AMI network compromise: 1+ billion smart meters globally must upgrade to PQC by 2035. UK has 38M vulnerable meters requiring replacement or firmware updates.,Critical,"Smart meter PKI, mesh networking","Quantum-safe AMI protocols, ML-KEM",Smart Meter PQC Requirements,https://iotbreakthrough.com/is-iot-finally-secure-what-2025-taught-us-about-cyber-risk-in-connected-devices/,15
Energy / Critical Infrastructure,ENERGY-003,Energy trading platform manipulation: Wholesale energy markets and derivatives trading vulnerable through TLS and digital signature compromise.,High,"Trading platform crypto, HSMs","Hybrid TLS, ML-DSA trading",Energy Trading Security Standards,https://www.ferc.gov/industries-data/electric/electric-reliability,10
Energy / Critical Infrastructure,ENERGY-004,"Pipeline and oil/gas SCADA vulnerability: Natural gas, oil, and water pipeline control systems with 20-30 year equipment lifecycles.",High,"ICS protocols, VPN encryption",IEC 62443 PQC update,ICS Cybersecurity Standards,https://www.isa.org/standards-and-publications/isa-standards/isa-iec-62443-series-of-standards,30
Energy / Critical Infrastructure,ENERGY-005,"Renewable energy DER management compromise: Distributed Energy Resources (solar, wind, battery storage) management systems vulnerable.",Medium-High,"IEEE 2030.5, CIM protocols",PQC-enabled DER protocols,IEEE 2030.5 Smart Energy Profile,https://standards.ieee.org/ieee/2030.5/5897/,5
Energy / Critical Infrastructure,ENERGY-006,Nuclear facility cybersecurity failure: Digital instrumentation and control systems at nuclear power plants with 60+ year operating licenses.,Critical,Safety system cryptography,Defense-in-depth with ML-KEM/ML-DSA,NRC Cybersecurity Requirements,https://www.nrc.gov/security/cyber-security.html,50
Energy / Critical Infrastructure,ENERGY-007,Cross-border energy infrastructure coordination: International power grids and gas pipelines require coordinated PQC migration across multiple jurisdictions.,Medium,"International SCADA, VPN",Coordinated PQC deployment,ENTSO-E Security Guidelines,https://www.entsoe.eu/network_codes/,5
Aerospace / Aviation,AERO-001,"Aircraft avionics cryptographic failure: ARINC 664 (AFDX) network security and aircraft systems with 30-40 year service lives vulnerable.",Critical,"Avionics PKI, ARINC 664","Crypto-agile avionics, ML-DSA",RTCA DO-326A Airworthiness Security,https://standards.globalspec.com/std/10396155/arinc-842/
Aerospace / Aviation,AERO-002,"Air traffic control authentication bypass: ADS-B, Mode S, and ATC systems vulnerable to spoofing and replay attacks via quantum compromise.",High,"ADS-B encryption, ATC protocols",ICAO PQC standards development,ICAO Aviation Security Manual,https://www.icao.int/Meetings/a41/Documents/WP/wp_091_en.pdf,10
Aerospace / Aviation,AERO-003,"Aircraft maintenance and supply chain compromise: MRO digital records, aircraft logs, and maintenance systems vulnerable to data manipulation.",High,Maintenance record signatures,Blockchain + PQC for provenance,EASA Part-145 Maintenance,https://www.easa.europa.eu/sites/default/files/dfu/Opinion%20No%2003-2021.pdf,10
Aerospace / Aviation,AERO-004,"In-flight connectivity and entertainment compromise: Passenger and crew Wi-Fi, IFE systems, and SATCOM vulnerable to interception.",Medium,"Aircraft Wi-Fi, SATCOM encryption","Hybrid TLS 1.3, ML-KEM for satellite",Boeing Quantum Computing Integration,https://patentpc.com/blog/quantum-computing-in-aerospace-how-nasa-spacex-and-boeing-are-using-quantum-tech,5
Aerospace / Aviation,AERO-005,"Unmanned aerial systems (UAS) control link compromise: Drone command and control, autonomous navigation, and swarm communications vulnerable.",High,"UAS C2 link encryption, GPS","Anti-jam PQC protocols, quantum nav",FAA UAS Security Requirements,https://www.faa.gov/uas/,10
Aerospace / Aviation,AERO-006,"Space segment communication interception: Commercial and military satellites, ground stations, and inter-satellite links vulnerable to quantum attacks.",Critical,"Satellite TLS, uplink/downlink crypto","Space-based QKD, ML-KEM",SpaceX Starlink Quantum Security,https://patentpc.com/blog/quantum-computing-in-aerospace-how-nasa-spacex-and-boeing-are-using-quantum-tech,50
Aerospace / Aviation,AERO-007,"EuroQCI deployment challenges: European Quantum Communication Infrastructure securing air traffic control, aerospace, and critical infrastructure by 2025-2028.",High,Legacy aerospace crypto,EuroQCI quantum network,Airbus EuroQCI Leadership,https://www.airbus.com/en/newsroom/press-releases/2023/12/airbus-leads-consortium-to-deploy-quantum-communication-infrastructure-euroqci,30
Automotive / Connected Vehicles,AUTO-001,"V2X communication compromise: Vehicle-to-Vehicle, Vehicle-to-Infrastructure communications vulnerable. 12+ year vehicle lifecycle exposure.",Critical,"ECDSA P-256, V2X PKI","Hybrid V2X, ML-DSA, Falcon",SAE J2735/J2945 Standards,https://www.sae.org/standards/,15
Automotive / Connected Vehicles,AUTO-002,OTA firmware update forgery: Over-the-Air update mechanisms vulnerable to quantum signature forgery enabling malicious code injection.,Critical,RSA/ECDSA code signing,"ML-DSA, SLH-DSA OTA signing",VicOne Automotive Quantum Threats,https://www.vicone.com/blog/quantum-computing-in-the-automotive-industry-looming-risks-to-cybersecurity,15
Automotive / Connected Vehicles,AUTO-003,"Connected car backend infrastructure: Telematics, fleet management, and cloud services vulnerable through TLS and certificate compromise.",High,"Cloud TLS, API authentication","Hybrid TLS 1.3, ML-KEM",ISO/SAE 21434 Road Vehicles,https://www.iso.org/standard/70918.html,10
Automotive / Connected Vehicles,AUTO-004,"In-vehicle network security failure: CAN bus, LIN, FlexRay, Ethernet backbone vulnerable as crypto-agility limited in embedded ECUs.",High,"In-vehicle crypto, secure boot",Hardware security modules with PQC,Utimaco Automotive Quantum Threats,https://utimaco.com/news/blog-posts/opportunities-and-threats-quantum-computing-automotive-industry,30
Automotive / Connected Vehicles,AUTO-005,"Digital key and keyless entry compromise: NFC, BLE, and UWB-based digital key systems vulnerable to relay and quantum attacks.",Medium-High,"BLE pairing, UWB ranging",Quantum-safe digital keys,CCC Digital Key 4.0,https://carconnectivity.org/,5
Automotive / Connected Vehicles,AUTO-006,EV charging infrastructure authentication: ISO 15118 Plug & Charge and grid-to-vehicle authentication vulnerable.,Medium-High,"ISO 15118 PKI, OCPP",PQC-enabled charging protocols,CharIN e.V. ISO 15118,https://www.charin.global/,5
Automotive / Connected Vehicles,AUTO-007,"Autonomous vehicle sensor fusion manipulation: LIDAR, radar, camera fusion and HD map authentication vulnerable to quantum forgery.",High,"Sensor data signing, map crypto",ML-DSA for sensor authenticity,PlaxidityX Autonomous Vehicle Security,https://plaxidityx.com/blog/vehicle-vulnerability-management/how-quantum-computing-could-affect-the-automotive-landscape/,10
Automotive / Connected Vehicles,AUTO-008,"Vehicle supply chain and manufacturing: Smart factory, production line security, and vehicle identity provisioning vulnerable.",Medium,"Manufacturing PKI, VIN signing",Supply chain PQC protocols,AIAG Cybersecurity Standards,https://www.aiag.org/,5
Internet of Things (IoT),IOT-001,IoT device authentication and provisioning: Billions of constrained devices with limited crypto-agility. Average risk score increased 33% in 2025 per Forescout.,Critical,"ECDSA P-256, RSA-2048","Lightweight PQC (SPHINCS+, Falcon)",IETF SUIT/CoAP Security,https://datatracker.ietf.org/wg/suit/,50
Internet of Things (IoT),IOT-002,Smart home ecosystem compromise: 18+ billion IoT devices globally with weak or default credentials and unpatched firmware.,High,"IoT TLS, device certificates",Matter protocol with PQC,CSA Matter Specification,https://csa-iot.org/all-solutions/matter/,10
Internet of Things (IoT),IOT-003,"Industrial IoT and IIoT SCADA: Manufacturing sensors, predictive maintenance, and factory automation vulnerable. IIoT breach cost $4.97M in 2024.",Critical,"OPC UA security, IIoT protocols",OPC UA PQC implementation,OPC Foundation Security,https://opcfoundation.org/about/opc-technologies/opc-ua/,50
Internet of Things (IoT),IOT-004,"IoT firmware supply chain attacks: Constrained devices using ESP32, ARM Cortex-M unable to support full PQC. Supply chain backdoors during manufacturing.",High,"Firmware signing, bootloader",Lightweight hybrid schemes,Inturai ESP32 PQC Achievement,https://iotbusinessnews.com/2025/12/11/inturai-achieves-breakthrough-quantum-safe-security-for-global-iot-edge-devices/,30
Internet of Things (IoT),IOT-005,"Smart city infrastructure vulnerability: Traffic management, public safety cameras, environmental sensors, and municipal systems.",High,"City-wide IoT mesh, cloud gateways",Quantum-safe smart city architecture,Smart City IoT Security Standards,https://www.iso.org/committee/54942.html,30
Internet of Things (IoT),IOT-006,"Wearables and health monitoring devices: Fitness trackers, medical wearables, elderly care systems transmitting sensitive health data.",Medium-High,"BLE pairing, cloud sync",PQC-enabled wearable protocols,IEEE BAN Security,https://standards.ieee.org/ieee/802.15.6/5752/,5
Internet of Things (IoT),IOT-007,IoT edge computing gateway compromise: Edge gateways aggregating data from thousands of sensors become high-value targets.,High,"Edge gateway crypto, fog computing",Hybrid edge security architecture,ETSI MEC Security,https://www.etsi.org/technologies/multi-access-edge-computing,10
Internet of Things (IoT),IOT-008,Smart meter quantum vulnerability: 1 billion+ smart meters globally require PQC upgrade by 2035. Many lack OTA update capability requiring physical replacement.,Critical,"Smart meter PKI, mesh crypto",Quantum-safe metering infrastructure,Smart Meter PQC Migration,https://iotbreakthrough.com/is-iot-finally-secure-what-2025-taught-us-about-cyber-risk-in-connected-devices/,50
Cloud Computing / Data Centers,CLOUD-001,Multi-cloud cryptographic complexity: Organizations using 5+ key managers and fragmented tools. 45% failed compliance audits per Thales 2025 report.,High,Distributed key management,Unified PQC key management,Cloud Security Alliance Guidelines,https://cloudsecurityalliance.org/,30
Cloud Computing / Data Centers,CLOUD-002,Hyperscaler quantum co-processor isolation: Multi-tenant quantum computers vulnerable to QubitVise crosstalk attacks. 5% of Tier-4 data centers to host quantum by 2032.,Medium-High,Quantum job isolation,Quantum workload separation policies,Northwestern QubitVise Research,https://thequantuminsider.com/2025/08/18/new-study-warns-of-security-risks-in-cloud-quantum-computers/,5
Cloud Computing / Data Centers,CLOUD-003,Cloud HSM and key management compromise: Cloud-hosted HSMs and KMS services vulnerable. Vendor lock-in complicates PQC migration.,Critical,"Cloud HSM keys, KMS",Bring-your-own-key PQC solutions,NIST Cloud Security Guidelines,https://csrc.nist.gov/publications/detail/sp/800-210/final,15
Cloud Computing / Data Centers,CLOUD-004,Serverless and container security: Function-as-a-Service and containerized workloads with embedded secrets and API keys vulnerable.,Medium-High,"Secrets management, API keys",HashiCorp Vault with PQC,CNCF Security TAG,https://github.com/cncf/tag-security,5
Cloud Computing / Data Centers,CLOUD-005,Cloud backup and disaster recovery: Air-gapped backups and long-term archival storage vulnerable to harvest-now-decrypt-later.,High,"Backup encryption, archival",PQC-enabled backup solutions,Veeam Quantum-Safe Backup,https://www.techtarget.com/searchdatabackup/feature/The-future-of-quantum-data-centers-Resilience-and-risk,100
Cloud Computing / Data Centers,CLOUD-006,API security at scale: 34% of organizations manage 500+ APIs. Only 15% find DevSecOps secrets management highly effective.,High,"API keys, OAuth tokens, JWT",PQC-enabled API gateways,Thales 2025 Data Threat Report,https://cpl.thalesgroup.com/blog/data-security/ai-quantum-2025-data-threat-report,30
Cloud Computing / Data Centers,CLOUD-007,Cloud database encryption: 96% of healthcare cloud data not properly encrypted. Multi-cloud and hybrid deployments complicate key management.,High,"Database TLS, transparent encryption",Homomorphic encryption with PQC,Cloud Database Security Standards,https://www.cio.com/article/4058010/outpacing-risk-how-ai-quantum-and-cloud-are-reshaping-data-security-today.html,30
Cloud Computing / Data Centers,CLOUD-008,Quantum entropy as a service: True random number generation from quantum hardware becoming commercial offering. Security implications of shared quantum randomness.,Medium,PRNG vulnerabilities,QRNG as service with isolation,Quantum Data Center Integration,https://www.spglobal.com/en/research-insights/special-reports/look-forward/data-center-frontiers/quantum-data-centers-disrupting-future,5
Insurance,INS-001,"Actuarial model and claims data exposure: Insurance pricing models, underwriting algorithms, and decades of claims history vulnerable.",High,"Database encryption, analytics crypto","AES-256, ML-KEM for key exchange",SOC 2 Insurance Standards,https://www.aicpa.org/topic/audit-assurance/audit-and-assurance-greater-than-soc-2,30
Insurance,INS-002,"Telematics and usage-based insurance: Connected car data, wearable health data, and IoT sensors feeding insurance platforms.",Medium-High,"Telematics crypto, IoT data",Quantum-safe telematics platforms,Insurance IoT Security Guidelines,https://www.iii.org/,5
Insurance,INS-003,Reinsurance and cat modeling: Catastrophe models and reinsurance treaties with multi-year duration vulnerable to data manipulation.,Medium,Reinsurance platform crypto,ML-DSA for contract signing,Reinsurance Cybersecurity Standards,https://www.air-worldwide.com/,5
Insurance,INS-004,"Digital identity verification and fraud detection: e-KYC, identity verification, and anti-fraud AI systems vulnerable to quantum attacks.",Medium-High,"Biometric encryption, e-KYC",PQC-enabled identity systems,NAIC Cybersecurity Model Law,https://content.naic.org/,5
Insurance,INS-005,Parametric insurance and smart contracts: Blockchain-based parametric insurance and automated claims settlement vulnerable.,Medium,"Smart contract signatures, oracles",Quantum-resistant blockchain,Insurance Blockchain Standards,https://www.bis.org/,5
Retail / E-Commerce,RETAIL-001,"E-commerce payment gateway compromise: Point-of-sale encryption, online checkout, and payment processor communications vulnerable.",Critical,"TLS for checkout, POS encryption",PQC-enabled payment gateways,PCI PA-DSS Compliance,https://www.pcisecuritystandards.org/,15
Retail / E-Commerce,RETAIL-002,"Customer data and CRM breach: Loyalty program data, purchase history, and PII stored for marketing vulnerable to quantum decryption.",High,"Database encryption, CRM crypto",Hybrid encryption for customer data,SOC 2 Retail Standards,https://www.aicpa.org/,30
Retail / E-Commerce,RETAIL-003,"Supply chain and inventory systems: RFID, warehouse management, and supplier portals vulnerable to data manipulation.",Medium-High,"EDI encryption, RFID crypto",PQC-enabled supply chain,GS1 Standards,https://www.gs1.org/,5
Retail / E-Commerce,RETAIL-004,"Omnichannel and mobile commerce: Mobile apps, in-store beacons, and omnichannel customer tracking vulnerable.",Medium,"Mobile app crypto, beacon protocols",App-level PQC implementation,OWASP Mobile Security,https://owasp.org/www-project-mobile-top-10/,5
Retail / E-Commerce,RETAIL-005,"Third-party marketplace security: Integration with Amazon, eBay, Shopify and other platforms creates cryptographic dependencies.",Medium-High,"API authentication, OAuth",Vendor-coordinated PQC migration,E-Commerce Security Standards,https://www.w3.org/standards/,5
Supply Chain / Logistics,SUPPLY-001,"Global supply chain visibility platforms: Track-and-trace, customs documentation, and multi-party logistics platforms vulnerable.",High,"EDI/AS2, blockchain logistics",Hybrid blockchain with ML-DSA,DCSA Standards,https://dcsa.org/,30
Supply Chain / Logistics,SUPPLY-002,"Cold chain and pharmaceutical logistics: Temperature monitoring, pharma serialization, and controlled substance tracking vulnerable.",Medium-High,"IoT sensor crypto, serialization",PQC-enabled cold chain monitoring,EPCIS Standards,https://www.gs1.org/epcis,5
Supply Chain / Logistics,SUPPLY-003,"Maritime and container tracking: AIS, port systems, and container IoT vulnerable. 90% of world trade moves by sea.",High,"AIS encryption, port systems",IMO PQC standards development,IMO Maritime Cyber Risk,https://www.imo.org/en/OurWork/Security/Pages/Cyber-security.aspx,30
Supply Chain / Logistics,SUPPLY-004,"Warehouse automation and robotics: Automated warehouses, AMRs, and AGV fleets with embedded crypto and limited upgrade paths.",Medium,"Robot fleet crypto, WMS",Crypto-agile robotics platforms,RIA Robot Security Standards,https://www.robotics.org/,5
Supply Chain / Logistics,SUPPLY-005,"Supplier portal and B2B integration: Multi-tier supplier networks, contract management, and procurement platforms vulnerable.",Medium-High,"B2B gateway crypto, supplier PKI",Vendor ecosystem PQC coordination,Supply Chain Cyber Standards,https://www.iso.org/,5
IT Industry / Software,IT-001,"Code signing and software supply chain: Open source repositories, package managers, and CI/CD pipelines vulnerable to quantum signature forgery.",Critical,RSA/ECDSA code signing,"ML-DSA, SLH-DSA signing",SLSA Supply Chain Framework,https://slsa.dev/,15
IT Industry / Software,IT-002,"Software licensing and DRM: License verification, entitlement management, and software activation vulnerable.",Medium,RSA license verification,ML-DSA license crypto,SPDX Licensing Standards,https://spdx.org/,5
IT Industry / Software,IT-003,"SaaS authentication and SSO: Enterprise SSO, SAML, OAuth 2.0, and OIDC vulnerable. FIDO2 needs PQC upgrade.",High,"SAML signatures, OAuth/OIDC","PQC-enabled SSO, FIDO2 quantum",FIDO Alliance PQC Roadmap,https://fidoalliance.org/,30
IT Industry / Software,IT-004,"Container registry and image signing: Docker, Kubernetes, and container supply chain vulnerable via signature forgery.",Medium-High,Container image signing,Sigstore with PQC signing,CNCF Supply Chain Security,https://github.com/cncf/tag-security,5
IT Industry / Software,IT-005,"DevOps secrets management: CI/CD pipelines, infrastructure-as-code, and deployment automation with embedded credentials.",High,"Secrets in Git, CI/CD credentials","Vault with PQC, SOPS",DevSecOps Best Practices,https://owasp.org/www-project-devsecops-guideline/,30
IT Industry / Software,IT-006,Open source cryptographic libraries: OpenSSL 3.5 released April 2025 with PQC. Libsodium and others lagging. Widespread dependency risk.,Critical,Legacy crypto in libraries,"OpenSSL 3.5+, OQS provider",OpenSSL PQC Integration,https://www.openssl.org/blog/blog/2024/04/16/pqc-update/,50
IT Industry / Software,IT-007,Certificate Authorities and PKI: Public CA infrastructure must migrate to PQC. Browser and OS trust store updates required.,Critical,"CA root keys, intermediate certs",Hybrid CA hierarchy,CA/Browser Forum PQC Requirements,https://cabforum.org/,50
Media / Entertainment / DRM,MEDIA-001,"Content encryption and studio IP: Master keys protecting unreleased films, streaming libraries, and production assets with decades of value.",Critical,"AACS, PlayReady, FairPlay",AES-256 with ML-KEM wrapping,AACS Specifications,https://aacsla.com/specifications/,50
Media / Entertainment / DRM,MEDIA-002,DRM HSM backup key extraction: Master keys protecting entire studio content libraries worth billions recoverable from backups.,Critical,RSA key hierarchy,"AES-256 wrapping, ML-KEM",AACS Specifications,https://aacsla.com/specifications/,50
Media / Entertainment / DRM,MEDIA-003,Content license signature forgery: DRM license servers using RSA/ECDSA enabling unauthorized content access.,High,RSA/ECDSA license signing,"ML-DSA, SLH-DSA",Widevine DRM,https://www.widevine.com/,10
Media / Entertainment / DRM,MEDIA-004,Conditional Access System key compromise: DVB-CSA with 48-64 bit security already marginal; ECM encryption vulnerable.,High,"DVB-CSA, ECM encryption",AES-128/256 CAS,DVB Specifications,https://dvb.org/specifications/,10
Media / Entertainment / DRM,MEDIA-005,Content manipulation and unauthorized distribution: Decrypted content enabling mass piracy and modification.,Medium,Content encryption,"Robust watermarking, forensic tracking",Content Delivery & Security Association,https://www.mesalliance.org/,5
Media / Entertainment / DRM,MEDIA-006,DRM supply chain TEE/OEMCrypto attack: Trusted Execution Environment and OEMCrypto implementations with limited crypto agility.,High,TEE cryptography,"Crypto-agile hardware, PQC TEE",ARM TrustZone,https://developer.arm.com/Architectures/TrustZone,30
Media / Entertainment / DRM,MEDIA-007,Protocol downgrade during content acquisition: Forcing use of weaker cryptography during license acquisition.,Medium,DRM negotiation,"Version enforcement, minimum security",Common Encryption CENC,https://www.iso.org/standard/84637.html,5
Media / Entertainment / DRM,MEDIA-008,Crypto agility challenges for embedded devices: Set-top boxes and smart TVs with 7-10 year lifecycles and limited update capability.,Medium,Embedded DRM crypto,"Pre-positioned licenses, crypto-agile design",Consumer Technology Association,https://www.cta.tech/,5
Legal / Notary / eSignature,LEG-001,Long-term document signature validity collapse: Legal documents require 50-100+ year validity. Property deeds and constitutional documents lose legal standing when signatures forgeable.,Critical,"RSA-2048/4096, ECDSA P-256/P-384","ML-DSA-87, SLH-DSA for archival",eIDAS Regulation,https://digital-strategy.ec.europa.eu/en/policies/eidas-regulation,50
Legal / Notary / eSignature,LEG-002,QTSP root key compromise: Qualified Trust Service Providers issue certificates with legal equivalence to handwritten signatures under eIDAS. Root compromise invalidates entire ecosystem.,Critical,RSA/ECDSA root CA keys,"Hybrid certificates, ML-DSA roots",eIDAS 2.0 Regulation,https://eur-lex.europa.eu/legal-content/EN/TXT/?uri=CELEX%3A32024R1183,15
Legal / Notary / eSignature,LEG-003,Timestamping service retroactive forgery: PAdES-B-LTA long-term validation chains undermined. Forged timestamps enable backdating documents and creating false evidence.,Critical,RSA/ECDSA TSA signing,"ML-DSA timestamps, PQC TSA",ETSI EN 319 422 Timestamping,https://www.etsi.org/deliver/etsi_en/319400_319499/319422/,15
Legal / Notary / eSignature,LEG-004,"Court electronic evidence repudiation: Defense attorneys can challenge digitally signed evidence as potentially forged, introducing reasonable doubt.",High,RSA/ECDSA court filings,PQC re-signing with archival stamps,NIST Digital Evidence Guidelines,https://www.nist.gov/digital-evidence,30
Legal / Notary / eSignature,LEG-005,Land registry and property record tampering: Foundational property records requiring perpetual validity vulnerable to signature forgery.,High,Registry digital signatures,PQC overlay signatures,World Bank Land Administration,https://www.worldbank.org/en/topic/land,10
Legal / Notary / eSignature,LEG-006,Remote Online Notarization identity fraud: Notary certificates across 47 US states becoming forgeable.,High,Notary certificates,PQC notary certificates,National Notary Association,https://www.nationalnotary.org/,30
Legal / Notary / eSignature,LEG-007,EUDI Wallet cryptographic compromise: EU Digital Identity Wallet (2026 deployment) depends on current PKI. WSCD (wallet secure cryptographic device) keys vulnerable.,High,"WSCD keys, wallet PKI","Hybrid PQC, ML-DSA wallet certs",EU Digital Identity Framework,https://commission.europa.eu/strategy-and-policy/priorities-2019-2024/europe-fit-digital-age/european-digital-identity_en,10
Legal / Notary / eSignature,LEG-008,Legacy document management system agility: Enterprise DMS with embedded cryptography and limited upgrade paths.,Medium-High,All asymmetric in DMS,Crypto-agile architecture planning,AIIM Information Management,https://www.aiim.org/,5
Cryptocurrency / Blockchain,CRYPTO-001,Bitcoin ECDSA transaction hijacking: ~$718B in quantum-vulnerable addresses with exposed public keys. Early P2PK addresses including Satoshi's ~1.1M BTC permanently vulnerable.,Critical,secp256k1 ECDSA,"P2QRH BIP proposal, Lamport sigs",Federal Reserve HNDL Paper,https://www.federalreserve.gov/econres/feds/harvest-now-decrypt-later-examining-post-quantum-cryptography-and-the-data-privacy-risks-for-distributed-ledger-networks.htm,50
Cryptocurrency / Blockchain,CRYPTO-002,Ethereum account compromise: All accounts that have transacted have exposed public keys. Vitalik estimates 20% probability of cryptographic compromise before 2030. BLS12-381 also vulnerable.,Critical,"secp256k1 ECDSA, BLS12-381","Account Abstraction, Verkle Trees",Ethereum Foundation,https://ethereum.org/en/roadmap/,15
Cryptocurrency / Blockchain,CRYPTO-003,"Smart contract signature dependency: DeFi protocols, DAOs, and NFT marketplaces using ecrecover. Immutable contracts cannot be upgraded without governance mechanisms.",High,ecrecover ECDSA verification,On-chain Falcon verification,Ethereum Smart Contract Security,https://ethereum.org/en/developers/docs/smart-contracts/security/,30
Cryptocurrency / Blockchain,CRYPTO-004,Cryptocurrency custody HSM compromise: Institutional custody managing billions in assets. $1.5B ByBit hack (2025) demonstrates active targeting.,Critical,RSA/ECDH/ECDSA custody keys,"ML-KEM, ML-DSA custody",Cryptocurrency Security Standard,https://cryptoconsortium.org/,15
Cryptocurrency / Blockchain,CRYPTO-005,MPC threshold signature vulnerability: Threshold ECDSA schemes for custody and key management becoming insecure.,High,Threshold ECDSA,"Threshold ML-DSA, PQ-MPC",NIST Threshold Cryptography,https://csrc.nist.gov/projects/threshold-cryptography,30
Cryptocurrency / Blockchain,CRYPTO-006,"Hardware wallet private key extraction: Ledger, Trezor using secp256k1 with limited crypto agility.",Medium-High,secp256k1 keys,Hybrid firmware updates,Ledger Security,https://www.ledger.com/academy/security,5
Cryptocurrency / Blockchain,CRYPTO-007,Blockchain immutability with vulnerable crypto: Historical transaction signatures permanently embedded and becoming forgeable.,Medium,"SHA-256, ECDSA in history",Validator PQC authentication,Bitcoin Improvement Proposals,https://github.com/bitcoin/bips,5
Cryptocurrency / Blockchain,CRYPTO-008,"Multi-signature wallet compromise: 2-of-3, 3-of-5 and other multi-sig schemes using ECDSA becoming bypassable.",High,ECDSA multi-sig,Threshold ML-DSA,Bitcoin Multi-sig,https://bitcoinops.org/en/topics/multisignature/,10
Cryptocurrency / Blockchain,CRYPTO-009,Layer 2 and rollup security: Optimistic and ZK-rollups using ECDSA for state commitments and fraud proofs vulnerable.,High,L2 signature schemes,ZK-STARK with PQC commitments,Ethereum L2 Security,https://l2beat.com/,30
Financial Services / Banking,THREAT-FIN-126,Harvest Now Decrypt Later (HNDL) attacks targeting long-lived financial data including transaction records and settlement logs. Federal Reserve research confirms cryptocurrency networks face permanent data privacy risks from HNDL even with future PQC deployment.,CRITICAL,"RSA-2048, ECDSA, ECDH, ECC-256/384","ML-KEM-1024, ML-DSA-87, SLH-DSA, AES-256",Federal Reserve Board FEDS Paper September 2025,https://www.federalreserve.gov/econres/feds/harvest-now-decrypt-later-examining-post-quantum-cryptography-and-the-data-privacy-risks-for-distributed-ledger-networks.htm,100
Financial Services / Banking,THREAT-FIN-127,"FS-ISAC crypto-procrastination warning: Financial sector organizations have not defined or allocated resources for quantum-resistant projects, compressing migration into unrealistically short timeframes with potential roadmap collapse by 2030.",HIGH,"RSA, ECC, TLS 1.2/1.3 key exchange, PKI certificates","ML-KEM, ML-DSA, hybrid implementations",FS-ISAC White Paper September 2025,https://www.fsisac.com/hubfs/Knowledge/PQC/PreparingForAPostQuantumWorldByManagingCryptographicRisk.pdf,5
Government / Defense,THREAT-GOV-126,CISA PQC product category list deadline December 2025 followed by approved products list. Vendors without PQC roadmaps risk exclusion from federal procurement per June 2025 Executive Order requirements.,HIGH,COTS products with quantum-vulnerable cryptography,"FIPS 140-3 validated PQC modules, CMVP-certified implementations",CISA/ATARC October 2025,https://www.cisa.gov/quantum,5
Critical Infrastructure / Energy,THREAT-CI-126,"Power grid SCADA/ICS quantum vulnerability identified in University of Toronto research project (CA$1.45M grant). Grid controllers, smart meters, and energy routers face real-time attack scenarios once cryptographically-relevant quantum computers available.",CRITICAL,"OT encryption protocols, SCADA communications, PMU authentication","Quantum-safe algorithms for constrained devices, hybrid QKD/PQC",Smart Energy International / University of Toronto,https://www.utoronto.ca/news/u-t-researchers-lead-quantum-security-project-protect-power-grids,5
Cross-Industry / HSM,THREAT-HSM-126,HSM PQC architecture gap: No HSM vendors currently support full PQC architectures despite FIPS 140-3 certification. Average 2+ year certification lag creates window of vulnerability. PQC-ready HSMs expected 2026-2027.,HIGH,"HSM internal cryptographic operations, root of trust firmware, key generation algorithms","Crypto4A quantum-safe HSMs, hybrid HSM architectures",ABI Research HSM Analysis 2025,https://www.abiresearch.com/blog/quantum-security-for-hardware-security-modules-hsms,5
Healthcare / Pharmaceutical,THREAT-HC-126,Healthcare HNDL exposure critical: Only 4% of healthcare operators have encrypted 80%+ of sensitive cloud data. Health records retain sensitivity indefinitely making them prime HNDL targets. 677 major breaches in 2024 exposed 182M+ individuals globally.,CRITICAL,"RSA, ECC, TLS protocols protecting EHRs, HIPAA-compliant encryption","ML-KEM, ML-DSA, AES-256-GCM, quantum-safe TLS",Thales 2025 Data Threat Report Healthcare Edition,https://cpl.thalesgroup.com/resources/healthcare-data-threat-report,100
