software_name,category_id,category_name,pqc_support,pqc_capability_description,license_type,license,latest_version,release_date,fips_validated,pqc_migration_priority,primary_platforms,target_industries,authoritative_source,repository_url,product_brief,source_type,verification_status,last_verified_date
BTQ Bitcoin Quantum,CSC-035,Blockchain and Cryptocurrency Software,Yes (ML-DSA),First quantum-safe fork of Bitcoin. Testnet replaces ECDSA with NIST-standardized ML-DSA signatures to protect against quantum threats. Increased block size to 64 MiB to accommodate larger PQC signatures (38-72x larger than ECDSA). Full transaction lifecycle with quantum-resistant cryptography. Protects ~6.26M BTC in addresses with exposed public keys against Harvest Now Decrypt Later attacks.,Open Source,Open Source,Testnet,2026-01-12,No,High,Bitcoin Network (Testnet),Cryptocurrency Finance,https://www.prnewswire.com/news-releases/btq-technologies-launches-bitcoin-quantum-302352891.html,,First quantum-safe Bitcoin fork demonstrating ML-DSA feasibility for blockchain signatures. Open permissionless testnet for miners developers researchers and users.,Trusted Vendor,Verified,2026-02-13
Hitachi DoMobile,CSC-036,Remote Access and VDI Software,Yes (ML-KEM FIPS 203),Japan's first remote access system with built-in post-quantum cryptographic protection powered by 01 Quantum. Implements NIST FIPS 203 (ML-KEM) to protect against Harvest Now Decrypt Later attacks. Free upgrade for existing customers. Serving ~7000 companies and 36000 users primarily in finance sector. In production since 2002.,Commercial,Commercial,Ver.5,2026-01-15,Yes (FIPS 203),Critical,Windows Mobile,Finance Enterprise Government,https://www.01com.com/news-media/hitachi-solutions-create-introduces-worlds-first-remote-access-system,https://www.hitachi-solutions-create.co.jp/domobile/,First commercial remote access product in Japan with production-ready NIST-standardized PQC. Demonstrates enterprise readiness for PQC in remote access scenarios.,Trusted Vendor,Verified,2026-02-13
Project Eleven Solana PQC,CSC-035,Blockchain and Cryptocurrency Software,Yes (ML-DSA),First post-quantum testnet for Solana blockchain developed in collaboration with Solana Foundation. Replaces EdDSA signatures with NIST-standardized ML-DSA demonstrating quantum-resistant transactions are practical on high-throughput blockchain architectures (65000+ TPS). Open-sourced testnet with readiness assessments and migration test environments. $20M Series A funding announced January 2026.,Open Source,Open Source,Testnet,2026-01,No,High,Solana Network (Testnet),Cryptocurrency DeFi Web3,https://quantumcomputingreport.com/project-eleven-works-with-solana-foundation-to-launch-first-post-quantum-testnet/,,Demonstrates high-throughput blockchains can successfully implement post-quantum signatures. Critical for Web3 and decentralized finance PQC migration.,Trusted Vendor,Verified,2026-02-13
SEALSQ Quantum Shield,CSC-034,Hardware Security and Semiconductors,Yes (Post-Quantum Trust Anchors),Post-quantum semiconductor-based trust anchors deployed in U.S. systems. QS7001 and QVault-TPM post-quantum secure processors incorporating quantum-resistant algorithms and hardware roots of trust. Protection against harvest-now-decrypt-later attacks. Millions of devices deployed worldwide. Joint venture with Kaynes SemiCon in India for PQC chip manufacturing.,Commercial,Commercial,QS7001,2026-01,Yes (Hardware Root of Trust),Critical,Embedded IoT Hardware,Government Defense Finance IoT,https://www.sealsq.com,,Post-quantum semiconductor chips with embedded quantum-resistant cryptography. First deployments in U.S. government and critical infrastructure.,Trusted Vendor,Verified,2026-02-13
Forward Edge-AI Isidore Quantum,CSC-033,Network Security Software,Yes (ML-KEM AES-256 GCM),Hardware-based plug-and-play post-quantum encryption platform. NSA CNSA 2.0 compliant protocol-agnostic solution working with legacy and modern networks. Features one-way data diode with NIST-approved PQC algorithms including ML-KEM. Tested by all U.S. military branches including SpaceX deployment. Secures data in transit without software rewrites or PKI dependencies.,Commercial,Commercial,Current,2026,Yes (FIPS 140-3),Critical,Hardware Appliance Network,Defense Critical Infrastructure Telecom Enterprise,https://forwardedge.ai,,Hardware-based quantum-resistant encryption for high-security environments. Successfully deployed on military and space missions.,Trusted Vendor,Verified,2026-02-13
QuSecure QuProtect R3,CSC-025,Cryptographic Agility Frameworks,Yes (Crypto-Agility Platform),First end-to-end cryptographic security platform for quantum era. Provides cryptographic discovery (Recon) crypto-agility engine (Resilience) and real-time compliance reporting. Enables dynamic cipher key and algorithm updates without code changes or downtime. Works across cloud on-premise and edge environments. Includes QuEverywhere for mobile PQC.,Commercial,Commercial,R3,2026-01,No,Critical,Cloud On-Premise Edge,Government Enterprise Finance,https://qusecure.com,,Platform enabling organizations to transition to PQC with crypto-agility and zero-downtime cipher updates.,Trusted Vendor,Verified,2026-02-13
SandboxAQ AQtive Guard,CSC-025,Cryptographic Agility Frameworks,Yes (Cryptographic Discovery and Migration),Platform for automated discovery and inventory of cryptographic assets. Facilitates transition to post-quantum cryptography and enhances cyber readiness against AI-powered attacks. Provides continuous visibility into cryptographic dependencies. Deployed in U.S. Department of War CIO systems. HQC algorithm contributor selected by NIST.,Commercial,Commercial,Current,2025-12,No,Critical,Enterprise Cloud Government,Government Critical Infrastructure Defense,https://www.sandboxaq.com,,Crypto-agility platform with automated cryptographic asset discovery for PQC migration. Powers DoW quantum readiness.,Trusted Vendor,Verified,2026-02-13
01 Quantum IronCAP,CSC-001,Cryptographic Libraries,Yes (NIST-aligned PQC),NIST-aligned quantum-safe cryptographic engine. Powers Hitachi DoMobile Ver.5 remote access system in Japan. Developing Quantum AI Wrapper (QAW) for securing AI data with Full Homomorphic Encryption and Quantum Crypto Wrapper (QCW) for blockchain quantum-safety. Early-stage quantum-safe security leader.,Commercial,Commercial,Current,2026-01,Yes (via partners),Critical,Cross-platform,Enterprise Government Finance Blockchain,https://01quantum.com,,NIST-compliant quantum-safe engine enabling partners to deploy PQC. Focus on agile deployment and AI/blockchain security.,Trusted Vendor,Verified,2026-02-13
Bouncy Castle C# .NET,CSC-001,Cryptographic Libraries,Yes (HQC ML-KEM),Implements HQC (Hamming Quasi-Cyclic) and ML-KEM for .NET platform. Provides quantum-resistant key exchange mechanisms with good performance characteristics on .NET runtime.,Open Source,MIT/Bouncy Castle License,2.6.2,2025-08-05,Yes (FIPS 140-3),Critical,Windows Linux macOS (.NET),All industries,https://www.bouncycastle.org/,https://github.com/bcgit/bc-csharp,C# implementation of cryptographic algorithms for .NET platform with PQC interoperability support.,Trusted Vendor,Verified,2026-02-13
Bouncy Castle Java,CSC-001,Cryptographic Libraries,Yes (ML-KEM ML-DSA SLH-DSA HQC),"Comprehensive PQC implementation supporting ML-KEM, ML-DSA, SLH-DSA, and HQC (Hamming Quasi-Cyclic). Provides quantum-resistant key encapsulation and digital signatures through JCE/JCA provider. Supports hybrid classical/PQC modes for gradual migration.",Open Source,MIT/Bouncy Castle License,1.83,2025-12,Yes (BC-FJA 2.1.2 FIPS 140-3),Critical,Java 1.8+ Android,All industries,https://www.bouncycastle.org/,https://github.com/bcgit/bc-java,Comprehensive Java implementation of cryptographic algorithms. Supports JCE/JCA provider lightweight API PGP S/MIME DTLS TLS OCSP TSP CMP and certificate generation.,Trusted Vendor,Verified,2026-02-13
Bouncy Castle Java LTS,CSC-001,Cryptographic Libraries,Yes (ML-DSA composite signatures),"Long-term support release with ML-DSA composite signatures, enabling hybrid quantum-classical signature schemes. Allows organizations to use both traditional (RSA/ECDSA) and post-quantum signatures simultaneously for defense-in-depth.",Mixed/Dual,Bouncy Castle License,2.73.9,2025-09-23,Yes,Critical,Java 8 11 17 21,All industries,https://www.bouncycastle.org/,https://github.com/bcgit/bc-java,Long-term support release with enterprise stability. Includes PQC support and supply chain transparency features.,Trusted Vendor,Verified,2026-02-13
OpenSSL,CSC-001,Cryptographic Libraries,Yes (ML-KEM ML-DSA SLH-DSA in v3.5+),"Full support for NIST-standardized PQC algorithms including ML-KEM (Module-Lattice-Based Key-Encapsulation Mechanism) for key exchange, ML-DSA (Module-Lattice-Based Digital Signature Algorithm) for signatures, and SLH-DSA (Stateless Hash-Based Digital Signature Algorithm). Enables quantum-safe TLS 1.3 connections with hybrid mode support.",Open Source,Apache-2.0,3.6.1,2026-01-27,Yes (FIPS 140-3),Critical,Linux macOS Windows Android OpenVMS,All industries,https://www.openssl.org/,https://github.com/openssl/openssl,Robust commercial-grade TLS/SSL and crypto library. Implements TLS 1.3 DTLS 1.3 and QUIC protocols. Reference implementation for cryptographic operations used by majority of HTTPS websites.,Community/Commercial,Verified,2026-02-13
Google Tink,CSC-001,Cryptographic Libraries,"Yes (ML-DSA SLH-DSA ML-KEM)","Multi-language library (C++, Go, Java) supporting FIPS 204/205 signatures. ML-KEM in progress. Used in Google infrastructure and Cloud KMS.",Open Source,Apache-2.0,1.7.0,2025,Yes (via BoringCrypto),Critical,Cross-platform,All industries,https://developers.google.com/tink,https://github.com/tink-crypto/tink,"Google's multi-language crypto library designed for safe and simple API usage. Integrating full PQC suite.",Community/Commercial,Verified,2026-02-13
Botan,CSC-001,Cryptographic Libraries,"Yes (ML-KEM ML-DSA SLH-DSA McEliece FrodoKEM)","C++ cryptography library with extensive PQC support recommended by BSI. Includes Classic McEliece, FrodoKEM, and all NIST-standardized algorithms (ML-KEM, ML-DSA, SLH-DSA). Botan 2.x reached end-of-life on 2025-01-01.",Open Source,BSD-2,3.10.0,2025-11-06,No,High,Linux Windows macOS BSD,All industries,https://botan.randombit.net/,https://github.com/randombit/botan,"Feature-rich C++ crypto library. BSI project for PQC reference implementations.",Open Source Foundation,Verified,2026-02-13
SafeLogic CryptoComply,CSC-001,Cryptographic Libraries,"Yes (ML-KEM ML-DSA SLH-DSA Hybrid)","FIPS 140-3 validated cryptographic modules. Supports hybrid mode (classical + PQC) and includes CryptoComply PQ TLS for quantum-safe data in transit. Drop-in OpenSSL compatibility. CryptoComply Go v4.0 adds all NIST PQC algorithms (ML-KEM FIPS 203 ML-DSA FIPS 204 SLH-DSA FIPS 205). PQC capabilities rolled out across Core v3.5 Mobile v3.5 Java v4 and Go v4.",Commercial,Commercial,Go v4.0,2026-01,Yes (FIPS 140-3),Critical,Linux Windows macOS Mobile,"Finance, Government, Healthcare, Defense",https://www.safelogic.com/,,"Enterprise cryptographic modules with immediate PQC support and FIPS validation.",Trusted Vendor,Verified,2026-02-13
SAP Cryptographic Library,CSC-001,Cryptographic Libraries,"Yes (ML-KEM ML-DSA)","Version 8.6 introduces quantum-safe TLS 1.3 with hybrid key exchange (X25519MLKEM768). Integrates liboqs implementations of ML-KEM and ML-DSA.",Commercial,Commercial,8.6,2025-12-12,Yes (CommonCryptoLib FIPS 140-2),Critical,SAP Ecosystem,All industries,https://www.sap.com/,,"SAP's proprietary cryptographic library now enabling PQC for SAP applications and secure communications.",Trusted Vendor,Verified,2026-02-13
PQShield PQSDK,CSC-001,Cryptographic Libraries,"Yes (ML-KEM ML-DSA Falcon)","Comprehensive SDK for PQC integration. Features PQCryptoLib-Core (FIPS 140-3 certified) and PQCryptoLib-Soft. Supports mobile, server, and embedded.",Commercial,Commercial,Current,2025,Yes (FIPS 140-3),Critical,Cross-platform Embedded,All industries,https://pqshield.com/,,"High-assurance post-quantum cryptography SDK for enterprise and embedded security.",Trusted Vendor,Verified,2026-02-13
Go stdlib crypto/mlkem,CSC-001,Cryptographic Libraries,"Yes (ML-KEM Hybrid PQC TLS)","Native ML-KEM-768 and ML-KEM-1024 implementation. Go 1.26 enables hybrid post-quantum key exchanges in TLS by default combining classical elliptic-curve cryptography with ML-KEM. Adds crypto/hpke and crypto/mlkem/mlkemtest packages with derandomized encapsulation for known-answer tests. FIPS 203 compliant.",Open Source,BSD-3-Clause,1.26,2026-02-10,Yes (Go FIPS Module),Critical,Cross-platform,All industries,https://pkg.go.dev/crypto/mlkem,https://github.com/golang/go/tree/master/src/crypto/mlkem,Standard library implementation of NIST FIPS 203 key encapsulation. Go 1.26 enables hybrid PQC TLS by default.,Open Source Foundation,Verified,2026-02-13
RustCrypto ml-kem,CSC-001,Cryptographic Libraries,Yes (ML-KEM),"Pure Rust implementation of NIST FIPS 203 ML-KEM. Modular, zero-unsafe code (mostly), and part of the RustCrypto organization.",Open Source,Apache-2.0/MIT,0.3.0,2025-10,No (Un-audited),High,Cross-platform,All industries,https://docs.rs/ml-kem,https://github.com/RustCrypto/KEMs/tree/master/ml-kem,Pure Rust ML-KEM implementation standardizing on FIPS 203.,Open Source Community,Verified,2026-02-13
RustCrypto ml-dsa,CSC-001,Cryptographic Libraries,Yes (ML-DSA),"Pure Rust implementation of NIST FIPS 204 ML-DSA signatures. Provides highly modular and type-safe interface for next-gen digital signatures.",Open Source,Apache-2.0/MIT,0.0.4,2025,No (Un-audited),High,Cross-platform,All industries,https://docs.rs/ml-dsa,https://github.com/RustCrypto/signatures/tree/master/ml-dsa,Pure Rust ML-DSA implementation compliant with FIPS 204.,Open Source Community,Verified,2026-02-13
RustCrypto slh-dsa,CSC-001,Cryptographic Libraries,Yes (SLH-DSA),Pure Rust implementation of NIST FIPS 205 SLH-DSA (SPHINCS+) hash-based signatures. suitable for high-security applications requiring conservative security assumptions.,Open Source,Apache-2.0/MIT,0.1.0,2025,No (Un-audited),High,Cross-platform,All industries,https://docs.rs/slh-dsa,https://github.com/RustCrypto/signatures/tree/master/slh-dsa,Pure Rust SLH-DSA implementation compliant with FIPS 205.,Open Source Community,Verified,2026-02-13
pqcrypto,CSC-001,Cryptographic Libraries,"Yes (ML-KEM ML-DSA SLH-DSA + Pre-Standard)",Rust bindings to PQClean C implementations. Access to a wide range of NIST PQC candidates and standardized algorithms.,Open Source,Apache-2.0/MIT,0.18.1,2024-12,No,Medium,Cross-platform,All industries,https://crates.io/crates/pqcrypto,https://github.com/rustpq/pqcrypto,Rust wrapper around PQClean providing FFI bindings to reference implementations.,Open Source Community,Verified,2026-02-13
liboqs-rust (oqs crate),CSC-001,Cryptographic Libraries,"Yes (All liboqs algorithms)",High-level Rust wrapper for liboqs C library. Provides safe abstractions for NIST PQC algorithms supported by the Open Quantum Safe project.,Open Source,Apache-2.0/MIT,0.11.0,2025-04,No,High,Cross-platform,All industries,https://crates.io/crates/oqs,https://github.com/open-quantum-safe/liboqs-rust,Official Rust bindings for the Open Quantum Safe library.,Open Source Foundation,Verified,2026-02-13
mlkem-native,CSC-001,Cryptographic Libraries,Yes (ML-KEM),Formally verified and optimized C/Assembly implementation of ML-KEM. Part of Linux Foundation PQCA PQ Code Package. Proven memory safety and functional correctness. Reached stable v1.0.0 release.,Open Source,Apache-2.0/MIT/ISC,1.0.0,2025-06-04,No (Formally Verified),Critical,Linux macOS (AArch64 optimized),All industries,https://pqca.org/pq-code-package/,https://github.com/pq-code-package/mlkem-native,High-assurance production-ready ML-KEM implementation formally verified for correctness.,Open Source Foundation,Verified,2026-02-13
leancrypto,CSC-001,Cryptographic Libraries,"Yes (SHA-3 SHAKE Ascon HQC)",Minimal functionality cryptographic library for bare-metal embedded systems. Now includes HQC and SHA-3/SHAKE PQC primitives.,Open Source,GPL-2.0+/BSD/Leancrypto,Current,2025,Yes (CAVP for Hash),High,Embedded Bare-metal Linux,All industries,https://leancrypto.org/,https://github.com/wolfeidau/leancrypto,Lean crypto library optimized for small footprint embedded environments.,Open Source Community,Verified,2026-02-13
Cosmian covercrypt,CSC-001,Cryptographic Libraries,Yes (KEMAC Hybrid),Implementation of ETSI TS 104 015 Quantum-Safe Hybrid Key Exchanges with Hidden Access Policies. Enables attribute-based encryption (ABE) with post-quantum security.,Open Source,Apache-2.0,Current,2025-02,No,High,Cross-platform,Finance Healthcare Defense,https://cosmian.com/,https://github.com/Cosmian/cover_crypt,"Attribute-based encryption with quantum resistance, compliant with ETSI TS 104 015.",Trusted Vendor,Verified,2026-02-13
pqm4,CSC-001,Cryptographic Libraries,"Yes (NIST PQC Suite)","Library for benchmarking and testing PQC on ARM Cortex-M4 microcontrollers. Contains optimized implementations of ML-KEM, ML-DSA, etc.",Open Source,Apache-2.0/MIT/CC0,Current,2025,No,Medium,ARM Cortex-M4,Embedded,https://github.com/mupq/pqm4,https://github.com/mupq/pqm4,Testing and benchmarking framework for PQC on embedded ARM Cortex-M4 devices.,Open Source Community,Verified,2026-02-13
HQC Algorithm,CSC-001,Cryptographic Libraries,Yes (HQC),NIST-selected backup Key Encapsulation Mechanism (March 2025). Code-based cryptography offering an alternative to lattice-based ML-KEM.,Open Source,Apache-2.0 (PQClean),N/A,2025-03,No (NIST Selected),Critical,Cross-platform,All industries,https://pqc-hqc.org/,https://github.com/PQClean/PQClean,Reference implementation of the Hamming Quasi-Cyclic (HQC) KEM.,Open Source Community,Verified,2026-02-13
citadel_pqcrypto,CSC-001,Cryptographic Libraries,"Yes (Kyber NTRU+)",Rust library for Citadel Protocol with multi-layered encryption and anti-replay protection. Features novel 3D matrix ratcheting and scramcryption.,Open Source,Apache-2.0/MIT,Current,2025,No,High,Cross-platform,All industries,https://crates.io/crates/citadel_pqcrypto,https://github.com/citadel-protocol/citadel_pqcrypto,PQC library for Citadel Protocol with built-in anti-replay and ratcheting.,Open Source Community,Verified,2026-02-13
Microsoft SymCrypt,CSC-001,Cryptographic Libraries,"Yes (ML-KEM XMSS LMS)",Core cryptographic library for Windows Azure and Microsoft 365. Now integrated with ML-KEM and XMSS stateful signatures. Undergoing FIPS 140-3 validation for PQC module.,Commercial,Commercial,v103.8.0,2025-01-29,Yes (In Progress),Critical,Windows Linux Azure,All industries,https://github.com/microsoft/SymCrypt,https://github.com/microsoft/SymCrypt,Microsoft's core crypto library powering Windows Azure and O365. Optimized for performance and FIPS compliance.,Trusted Vendor,Verified,2026-02-13
AWS-LC,CSC-001,Cryptographic Libraries,"Yes (ML-KEM ML-DSA)",AWS's open-source crypto library derived from BoringSSL. First to achieve FIPS 140-3 validation for ML-KEM. Powers AWS KMS Secrets Manager and Certificate Manager.,Open Source,Apache-2.0/ISC,v1.67.0,2026-01-22,Yes (FIPS 140-3),Critical,Linux AWS Cloud,All industries,https://github.com/aws/aws-lc,https://github.com/aws/aws-lc,FIPS 140-3 validated crypto library for AWS services. Includes optimized ML-KEM and ML-DSA.,Trusted Vendor,Verified,2026-02-13
Nvidia cuPQC,CSC-001,Cryptographic Libraries,"Yes (ML-KEM ML-DSA Optimized)","GPU-accelerated PQC library for high-throughput workloads. Achieves 143x/99x/84x speedup over CPU for ML-KEM Keygen/Encapsulation/Decapsulation. Integrated with Open Quantum Safe (OQS) project via Linux Foundation PQCA. Essential for AI/ML security and high-performance computing.",Proprietary,Nvidia License,Current,2025,No,Critical,Linux Windows (Nvidia GPUs),AI Data Center,https://developer.nvidia.com/cupqc,,GPU-accelerated PQC SDK. Delivers massive throughput for ML-KEM and ML-DSA on Nvidia hardware. Now integrated with OQS.,Trusted Vendor,Verified,2026-02-13
Cisco IOS XE PQC,CSC-033,Network Security Software,"Yes (Full-Stack PQC NIST Algorithms)","IOS XE 26 delivers industry-first full-stack post-quantum cryptography for enterprise routing and switching. Protects networking devices data in transit and control plane traffic with NIST-approved algorithms. Supports 8000 Series Secure Routers and C9000 Series Smart Switches. Also maintains RFC 8784 PQC PSK for IKEv2/IPsec VPN protection.",Commercial,Commercial,IOS XE 26,2026-02-10,Yes (FIPS 140-2),Critical,Cisco 8000 C9000 ISR ASR CSR,Enterprise Government,https://www.cisco.com/c/en/us/products/ios-nx-os-software/ios-xe/index.html,,"Full-stack quantum-safe networking OS with NIST PQC algorithms for routing switching and VPN.",Trusted Vendor,Verified,2026-02-13
Google ALTS,CSC-005,TLS/SSL Implementation Software,"Yes (NTRU-HRSS+X25519)","Application Layer Transport Security with hybrid post-quantum key exchange (NTRU-HRSS + X25519). Protections Google's internal infrastructure traffic against quantum decryption.",Open Source,Apache-2.0,Current,2022,No,Critical,Google Cloud Internal,All industries,https://cloud.google.com/security/encryption-in-transit,,Google's internal transport security protocol now hardened with hybrid PQC.,Trusted Vendor,Verified,2026-02-13
Apple PQ3 / CoreCrypto,CSC-011,Secure Messaging and Communication,"Yes (ML-KEM ML-DSA Hybrid HPKE)","iMessage protocol (PQ3) achieving Level 3 security with hybrid ML-KEM. CryptoKit framework in iOS 26/macOS 26 provides ML-KEM 768/1024 and ML-DSA-65/ML-DSA-87 APIs for third-party apps via HPKE. Apple services including CloudKit Push Notifications Safari Maps Weather and iCloud Private Relay adopting quantum-secure TLS.",Proprietary,Commercial,iOS 26.3,2026-02-11,Yes (FIPS 140-3 CoreCrypto),Critical,iOS macOS iPadOS watchOS tvOS visionOS,Consumer Enterprise,https://security.apple.com/blog/imessage-pq3/,,First messaging protocol to achieve Level 3 security with separate PQC rekeying. System-wide PQC support in Apple ecosystem via CryptoKit ML-KEM and ML-DSA APIs.,Trusted Vendor,Verified,2026-02-13
Azure Dedicated HSM,CSC-002,Hardware Security Module (HSM) Software,Yes (via Thales),Leverages Thales Luna HSM PQC capabilities. Microsoft Azure offers quantum-safe HSM services for enterprise customers requiring hardware-backed PQC key storage.,Commercial,Commercial (Microsoft),Current,2025,Yes (FIPS 140-2 L3),Critical,Azure Cloud,"Finance, Government, Healthcare, Defense",https://azure.microsoft.com/en-us/products/azure-dedicated-hsm,,Thales Luna HSMs deployed in Azure datacenters for customer-exclusive use.,Trusted Vendor,Verified,2026-02-13
Entrust nShield,CSC-002,Hardware Security Module (HSM) Software,Yes (Hybrid PQC),Hybrid classical/PQC mode support. Enables organizations to run dual-mode cryptographic operations combining RSA/ECC with PQC algorithms for gradual migration in regulated environments.,Commercial,Commercial,13.x,2025,Yes (FIPS 140-2 L3),Critical,Linux Windows,"Finance, Government, Healthcare, Defense",https://www.entrust.com/digital-security/hsm,,Enterprise HSM solution with CodeSafe secure execution environment. Supports hybrid classical/PQC modes.,Trusted Vendor,Verified,2026-02-13
Thales Luna HSM,CSC-002,Hardware Security Module (HSM) Software,"Yes (ML-KEM FIPS 203 ML-DSA FIPS 204)","Production-ready PQC with native ML-KEM (FIPS 203) and ML-DSA (FIPS 204) support integrated into firmware v7.9. Software v7.9.1 adds hybrid KEM (ML-KEM) for NTLS SSH and REST APIs. Firmware v7.9.2 is next FIPS 140-3 Level 3 candidate with PQC. First HSM in industry to receive FIPS 140-3 Level 3 validation. NATO Secret classification achieved.",Commercial,Commercial,7.9.1,2026-02-05,Yes (FIPS 140-3 L3),Critical,Linux Windows,"Finance, Government, Healthcare, Defense",https://cpl.thalesgroup.com/encryption/hardware-security-modules,,Enterprise HSM with production-ready native PQC algorithms. FIPS 140-3 Level 3 validated with ML-KEM and ML-DSA.,Trusted Vendor,Verified,2026-02-13
Utimaco SecurityServer,CSC-002,Hardware Security Module (HSM) Software,Yes (PQC roadmap),PQC roadmap includes support for NIST algorithms. German HSM vendor positioning for post-quantum transition in European markets and critical infrastructure.,Commercial,Commercial,5.x,2025,Yes (FIPS 140-2 L3),Critical,Linux Windows,"Finance, Government, Healthcare, Defense",https://utimaco.com/,,General purpose HSM platform for enterprise cryptographic operations and key management.,Trusted Vendor,Verified,2026-02-13
AWS KMS,CSC-003,Key Management Systems (KMS),Limited (Hybrid),Limited hybrid PQC support in key management operations. AWS is gradually rolling out quantum-safe capabilities across KMS to protect customer encryption keys against future quantum threats.,Commercial,Commercial (AWS),Current,2025,Yes (FIPS 140-2 L2),Critical,AWS Cloud,All industries,https://aws.amazon.com/kms/,,Managed service for creating and controlling encryption keys. Integrates with AWS services.,Trusted Vendor,Verified,2026-02-13
HashiCorp Vault,CSC-003,Key Management Systems (KMS),Yes (SLH-DSA in Transit experimental),Experimental support for SLH-DSA in Transit secrets engine. Enables quantum-resistant encryption-as-a-service for protecting data in transit. Early adoption in enterprise secrets management.,Commercial,BUSL-1.1/Enterprise,1.21.2,2026-01-07,Yes (Enterprise HSM),Critical,Linux Windows macOS Kubernetes,All industries,https://developer.hashicorp.com/vault,https://github.com/hashicorp/vault,Enterprise secrets management encryption-as-a-service and privileged access management. Supports PKI SSH transit encryption.,Trusted Vendor,Verified,2026-02-13
Google Cloud KMS,CSC-003,Key Management Systems (KMS),"Yes (ML-KEM ML-DSA SLH-DSA X-Wing)","KMS-level PQC key types for customer use. Key Encapsulation (GA): ML-KEM-768 ML-KEM-1024 and X-Wing (hybrid ML-KEM-768 + X25519). Digital Signatures (Preview): ML-DSA-65 and SLH-DSA-SHA2-128S. Customers can create manage and use PQC keys directly.",Commercial,Commercial (GCP),Current,2025-10,Yes (FIPS 140-2 L1 software / L3 Cloud HSM),Critical,Google Cloud,All industries,https://cloud.google.com/kms,,Cloud-hosted key management with industry-leading PQC key type support. ML-KEM GA and ML-DSA/SLH-DSA in preview.,Trusted Vendor,Verified,2026-02-16
Azure Key Vault,CSC-003,Key Management Systems (KMS),Planned,"No PQC key types currently exposed through Key Vault API or Managed HSM. Underlying SymCrypt library implements ML-KEM and ML-DSA available via Windows CNG APIs. Microsoft roadmap targets quantum-safe services by 2029.",Commercial,Commercial (Azure),Current,2026-01,Yes (FIPS 140-2 L1 / Managed HSM L3),Critical,Azure Cloud,All industries,https://azure.microsoft.com/en-us/products/key-vault,,Cloud key management. PQC not yet available as key types but underlying SymCrypt library is PQC-capable.,Trusted Vendor,Verified,2026-02-16
Thales CipherTrust Manager,CSC-003,Key Management Systems (KMS),"Limited (ML-KEM TLS / PQC Tech Preview)","Tech preview PQC support in v2.21+. ML-KEM TLS cipher on web interface for HNDL protection. Full PQC key lifecycle via Luna HSM v7.9 integration with native ML-DSA and ML-KEM.",Commercial,Commercial,2.22.0,2025-12-31,Yes (Luna HSM FIPS 140-3 L3 pending),Critical,Linux Virtual Appliance Cloud,"Finance, Government, Healthcare, Defense",https://cpl.thalesgroup.com/encryption/ciphertrust-manager,,Enterprise key management with PQC tech preview. Full PQC key lifecycle through Luna HSM v7.9 integration.,Trusted Vendor,Verified,2026-02-16
Entrust KeyControl,CSC-003,Key Management Systems (KMS),"Yes (ML-KEM ML-DSA SLH-DSA)","Full PQC key management with ML-KEM ML-DSA and SLH-DSA key types. Supports encapsulation decapsulation sign and verify operations. PQ-TLS for KMIP connections. nShield 5 HSM v13.8.0 natively supports PQC with CAVP validation.",Commercial,Commercial,10.4.3,2025,Yes (nShield 5 FIPS 140-3 L3),Critical,Linux Virtual Appliance Cloud,"Finance, Government, Healthcare, Defense",https://www.entrust.com/products/key-management/keycontrol,,Enterprise key management with production PQC key types. Integrated with nShield 5 HSMs for hardware-accelerated quantum-safe key lifecycle.,Trusted Vendor,Verified,2026-02-16
IBM Guardium Key Lifecycle Manager,CSC-003,Key Management Systems (KMS),"Planned (via Guardium Cryptography Manager)","GKLM does not have PQC key types yet. IBM launched Guardium Cryptography Manager (Oct 2025) for PQC migration with posture visibility and remediation workflows. GKLM supports crypto-agility for future PQC adoption.",Commercial,Commercial (IBM),5.1,2025-12-19,Yes (FIPS 140-3 L1 / optional L3 with HSM),Critical,Linux AIX Windows,"Finance, Government, Healthcare",https://www.ibm.com/products/guardium-key-lifecycle-manager,,Enterprise key lifecycle management with KMIP support. PQC migration via companion Guardium Cryptography Manager.,Trusted Vendor,Verified,2026-02-16
Oracle Key Vault,CSC-003,Key Management Systems (KMS),"No (Planned via Oracle ecosystem)","No PQC features in v21.13. Oracle PQC efforts focused on database TLS (ML-KEM in Oracle 26ai) and JDK-level PQC (ML-DSA in JDK 26). Key Vault PQC expected via Oracle ecosystem integration.",Commercial,Commercial (Oracle),21.13,2025-12-19,Yes (Oracle FIPS mode),High,Oracle Linux Oracle Database Appliance,"Finance, Government, Healthcare",https://docs.oracle.com/en/database/oracle/key-vault/,,Oracle database encryption key management. PQC not yet available; expected through broader Oracle platform PQC rollout.,Trusted Vendor,Verified,2026-02-16
Utimaco ESKM,CSC-003,Key Management Systems (KMS),"Yes (ML-KEM ML-DSA LMS XMSS)","PQC key management via u.trust Anchor HSM with Quantum Protect package. ML-KEM ML-DSA and LMS passed NIST CAVP testing (Oct 2025). First industry-certified KMIP v2.1 implementation.",Commercial,Commercial,8.54,2025,Yes (u.trust Anchor FIPS 140-2 L3),Critical,Linux Virtual Appliance,"Finance, Government, Healthcare, Defense",https://utimaco.com/data-protection/key-management/enterprise-secure-key-manager,,Enterprise key management with PQC-ready architecture. Integrated with u.trust Anchor HSM for quantum-safe key lifecycle.,Trusted Vendor,Verified,2026-02-16
EJBCA,CSC-004,Public Key Infrastructure (PKI) Software,Yes (via Bouncy Castle),PKI software with PQC support via Bouncy Castle integration. Can issue X.509 certificates with quantum-resistant signatures (ML-DSA) and support hybrid certificate chains.,Open Source,LGPL/Enterprise,9.x,2025,Yes (Enterprise),Critical,Linux Windows Docker Kubernetes,All industries,https://www.ejbca.org/,https://github.com/Keyfactor/ejbca-ce,Enterprise PKI and Certificate Authority software. Supports X.509 CMP SCEP EST ACME protocols.,Community/Commercial,Verified,2026-02-13
Keyfactor EJBCA,CSC-004,Public Key Infrastructure (PKI) Software,Yes,"Commercial PKI platform with full PQC certificate lifecycle management. Supports quantum-safe certificate issuance, renewal, and revocation for enterprise PKI infrastructure.",Commercial,Commercial,Enterprise 9.x,2025,Yes (FIPS 140-2),Critical,Cloud Linux Windows,All industries,https://www.keyfactor.com/,https://github.com/Keyfactor/ejbca-ce,Commercial enterprise PKI platform with cloud deployment HSM integration and crypto agility features.,Trusted Vendor,Verified,2026-02-13
Venafi Trust Protection Platform,CSC-004,Public Key Infrastructure (PKI) Software,Yes (Crypto agility),Crypto agility features enable PQC algorithm management across enterprise certificate infrastructure. Automated discovery and migration planning for quantum-safe PKI transition.,Commercial,Commercial,Current,2025,Yes,Critical,Cloud Enterprise,All industries,https://venafi.com/,,Machine identity management platform. Automates certificate lifecycle across enterprise infrastructure.,Trusted Vendor,Verified,2026-02-13
AWS s2n-tls,CSC-005,TLS/SSL Implementation Software,"Yes (ML-KEM hybrid)","AWS TLS implementation with ML-KEM hybrid key exchange. Kyber support removed in v1.7.0 in favor of standardized ML-KEM only. Used across AWS services to provide quantum-safe communications. Designed for high-performance cloud environments.",Open Source,Apache-2.0,1.7.0,2026-01-31,No,Critical,Linux,All industries,https://github.com/aws/s2n-tls,https://github.com/aws/s2n-tls,"AWS's C99 implementation of TLS/SSL protocols. Designed for simplicity security and performance. Kyber removed in v1.7.0; ML-KEM only.",Community/Commercial,Verified,2026-02-13
BoringSSL,CSC-005,TLS/SSL Implementation Software,Yes (ML-KEM),Google's fork with ML-KEM support. Used in Chrome browser and Google infrastructure. Pioneering deployment of quantum-safe key exchange at internet scale.,Open Source,OpenSSL/ISC,Rolling,Continuous,Yes (BoringCrypto FIPS 140-2),Critical,Linux Android Chrome,All industries,https://boringssl.googlesource.com/boringssl/,https://boringssl.googlesource.com/boringssl,Google's fork of OpenSSL optimized for Google's needs. Not intended for general use but influences industry standards.,Community/Commercial,Verified,2026-02-13
GnuTLS,CSC-005,TLS/SSL Implementation Software,Yes (ML-KEM X25519MLKEM768 ML-DSA via liboqs/leancrypto),Supports ML-KEM with X25519 hybrid key exchange (X25519MLKEM768) and ML-DSA signatures via liboqs and leancrypto integration. Enables quantum-safe TLS in GNU/Linux applications.,Open Source,LGPLv2.1+,3.8.12,2026-02-09,No,Critical,Linux Unix,All industries,https://www.gnutls.org/,https://gitlab.com/gnutls/gnutls,GNU implementation of TLS SSL and DTLS protocols. Features SRP X.509 OpenPGP authentication. Used by many GNU/Linux applications.,Community/Commercial,Verified,2026-02-13
LibreSSL,CSC-005,TLS/SSL Implementation Software,Yes (ML-KEM 768/1024 imported from BoringSSL - not yet public API),"Imported ML-KEM 768 and 1024 from BoringSSL. PQC support currently in development, not yet exposed in public API but demonstrates OpenBSD's commitment to quantum-safe cryptography.",Open Source,OpenBSD/ISC,4.2.1,2025-10-30,No,Critical,OpenBSD Linux Windows FreeBSD,All industries,https://www.libressl.org/,https://github.com/libressl/portable,OpenBSD fork of OpenSSL focused on code modernization and security. Includes libtls for simplified secure programming.,Community/Commercial,Verified,2026-02-13
rustls,CSC-005,TLS/SSL Implementation Software,Yes (via aws-lc-rs),Memory-safe TLS library with PQC support via aws-lc-rs (AWS libcrypto for Rust). Enables quantum-resistant TLS in Rust applications with zero unsafe code. Includes separate rustls-post-quantum crate.,Open Source,Apache-2.0/MIT,0.23.36,2026-01-05,No,Critical,Linux macOS Windows,All industries,https://github.com/rustls/rustls,https://github.com/rustls/rustls,Modern TLS library written in Rust. Memory-safe alternative to OpenSSL. No unsafe code in core library.,Community/Commercial,Verified,2026-02-13
wolfSSL,CSC-005,TLS/SSL Implementation Software,Yes (ML-DSA ML-KEM Kyber),"Embedded-focused TLS library with ML-DSA, ML-KEM, and Kyber support. Optimized for resource-constrained environments like IoT devices and embedded systems. Enables quantum-safe communications in automotive, industrial, and edge computing.",Commercial,GPLv3/Commercial,5.8.4,2025-11-21,Yes (FIPS 140-3),Critical,Embedded Linux Windows RTOS ESP32 STM32,All industries,https://www.wolfssl.com/,https://github.com/wolfSSL/wolfssl,Lightweight portable TLS/SSL library for embedded devices to cloud. Supports TLS 1.3 DTLS 1.3 with small footprint. Includes wolfCrypt crypto engine.,Trusted Vendor,Verified,2026-02-13
SignServer,CSC-009,Digital Signature Software,Yes (via modules),"Digital signing platform with PQC support via modules. Can create quantum-resistant signatures for documents, code, and timestamps using ML-DSA and other PQC algorithms.",Mixed/Dual,LGPL/Commercial,6.x,2024,Yes (via HSM),High,Linux Windows,"Finance, Legal, Government, Healthcare",https://www.signserver.org/,https://github.com/Keyfactor/signserver-ce,"Open source signing platform. Supports various signature formats and HSM integration.",Open Source Foundation,Verified,2026-02-13
strongSwan,CSC-010,VPN and IPsec Software,Yes (ML-KEM experimental),"IPsec VPN with experimental ML-KEM support. Enables quantum-safe VPN tunnels for site-to-site and remote access scenarios. Active development for production deployment.",Open Source,GPLv2,6.0.0,2025,Yes (FIPS mode),High,Linux Android macOS,All industries,https://www.strongswan.org/,https://github.com/strongswan/strongswan,"Open source IPsec-based VPN solution supporting IKEv1 IKEv2 and various authentication methods.",Community/Commercial,Verified,2026-02-13
Signal,CSC-011,Secure Messaging and Communication,"Yes (PQXDH + SPQR Ratchet)","Signal's approach includes PQXDH and SPQR Ratchet for quantum-resistant messaging combining X25519, Kyber/ML-KEM, and double-ratchet protocol for forward secrecy.",Open Source,GPLv3,v0.87.1,2026-02-06,No,High,Cross-platform,"Defense, Government, Finance, Healthcare",https://signal.org/docs/,https://github.com/signalapp/libsignal,Double Ratchet protocol providing end-to-end encryption with forward secrecy and post-compromise security.,Community,Verified,2026-02-13
OpenSSH,CSC-014,SSH Implementation Software,Yes (mlkem768x25519-sha256 default),Default key exchange now uses mlkem768x25519-sha256 hybrid PQC. Combines ML-KEM-768 with X25519 elliptic curve for quantum-resistant SSH connections. First major SSH implementation to deploy PQC by default.,Open Source,BSD,10.2p1,2025-10-10,No,High,OpenBSD Linux macOS Windows,All industries,https://www.openssh.org/,https://github.com/openssh/openssh-portable,Premier connectivity tool for SSH protocol. Provides secure tunneling multiple authentication methods. Default key exchange now uses mlkem768x25519-sha256 hybrid PQC.,Community/Commercial,Verified,2026-02-13
wolfSSH,CSC-014,SSH Implementation Software,Yes (Kyber Ed25519),SSH implementation with Kyber and Ed25519 hybrid support. Provides quantum-resistant secure shell connections for embedded systems and IoT devices.,Commercial,GPLv3/Commercial,1.4.22,2026-01-06,No,High,Embedded Linux Windows Zephyr,All industries,https://github.com/wolfSSL/wolfssh,https://github.com/wolfSSL/wolfssh,Small fast portable SSH implementation with SCP and SFTP support. Designed for embedded and resource-constrained environments.,Community/Commercial,Verified,2026-02-13
liboqs,CSC-016,Post-Quantum Cryptography Libraries,Yes (ML-KEM ML-DSA SLH-DSA BIKE HQC FrodoKEM Classic McEliece),"Reference implementation library from Open Quantum Safe project. Comprehensive support for NIST-standardized algorithms (ML-KEM, ML-DSA, SLH-DSA) plus additional candidates including BIKE, HQC, FrodoKEM, and Classic McEliece. Serves as foundation for integrating PQC into applications and protocols.",Open Source,MIT,0.15.0,2025-11-14,No,Critical,Linux macOS Windows,All industries,https://openquantumsafe.org/,https://github.com/open-quantum-safe/liboqs,Open source C library for quantum-safe cryptographic algorithms. Part of Open Quantum Safe project under Linux Foundation PQCA.,Open Source Foundation,Verified,2026-02-13
oqs-provider,CSC-016,Post-Quantum Cryptography Libraries,Yes (All liboqs algorithms),"OpenSSL 3 provider enabling quantum-safe cryptography in TLS 1.3, X.509 certificates, and CMS operations. Supports all liboqs algorithms and enables hybrid key exchange combining classical ECDH with PQC KEMs. Critical for quantum-safe TLS deployments.",Open Source,MIT,0.11.0,2025-12-24,No,Critical,Linux macOS Windows,All industries,https://github.com/open-quantum-safe/oqs-provider,https://github.com/open-quantum-safe/oqs-provider,OpenSSL 3 provider enabling quantum-safe and hybrid key exchange for TLS 1.3 X.509 and CMS operations.,Open Source Foundation,Verified,2026-02-13
SSLyze,CSC-018,Cryptographic Protocol Analyzers,Yes (detection),"Protocol analyzer with PQC detection capabilities. Can scan servers and identify quantum-safe cipher suites, key exchange algorithms, and certificate types. Essential for PQC deployment verification.",Open Source,AGPLv3,6.x,2025,,Medium,Python Cross-platform,All industries,https://github.com/nabla-c0d3/sslyze,https://github.com/nabla-c0d3/sslyze,Fast SSL/TLS scanning library. Analyzes server configurations.,Open Source Foundation,Verified,2026-02-13
testssl.sh,CSC-018,Cryptographic Protocol Analyzers,Yes (detection),Command-line TLS testing tool with PQC detection. Helps security teams audit TLS configurations for quantum-safe readiness and identify legacy cryptography.,Open Source,GPLv2,3.0.x,2024,,Medium,Linux macOS BSD,All industries,https://github.com/drwetter/testssl.sh,https://github.com/drwetter/testssl.sh,Command-line TLS/SSL testing tool. Checks protocols ciphers and vulnerabilities.,Open Source Foundation,Verified,2026-02-13
Cryptosense Analyzer,CSC-025,Cryptographic Agility Frameworks,Yes (PQC readiness),"Cryptographic security analysis platform with PQC readiness assessment. Discovers existing crypto usage, identifies quantum-vulnerable implementations, and provides migration recommendations.",Commercial,Commercial,Current,2025,,Critical,Cloud On-premise,All industries,https://cryptosense.com/,,Cryptographic security analysis platform. Discovers crypto usage and vulnerabilities.,Trusted Vendor,Verified,2026-02-13
ISARA Radiate,CSC-025,Cryptographic Agility Frameworks,Yes (Core focus),"Purpose-built quantum-safe security toolkit. Core focus on PQC migration with algorithm agility, hybrid modes, and enterprise integration. Comprehensive solution for organizational PQC transition.",Commercial,Commercial,Current,2024,Yes (components),Critical,Cross-platform,All industries,https://www.isara.com/products/isara-radiate.html,,Quantum-safe security toolkit. Enables smooth PQC transition.,Trusted Vendor,Verified,2026-02-13
wolfBoot,CSC-026,Secure Boot and Firmware Security,Yes (ML-DSA),"Secure bootloader with ML-DSA signature verification. Ensures firmware integrity using quantum-resistant digital signatures. v2.7.0 adds new hardware targets including Vorago VA416x0 and Nordic nRF5340 TrustZone support. Critical for long-lived embedded devices and IoT.",Commercial,GPLv3/Commercial,2.7.0,2025-11-27,Yes (FIPS 140-3 via wolfCrypt),High,ARM x86 RISC-V,All industries,https://www.wolfssl.com/,https://github.com/wolfSSL/wolfBoot,Universal secure bootloader with HSM integration and PQC support (ML-DSA). Suitable for IoT automotive and aerospace applications.,Trusted Vendor,Verified,2026-02-13
Windows Server 2025,CSC-031,Operating Systems,"Yes (ML-KEM ML-DSA in CNG)",General availability of PQC algorithms in November 2025 update. Supports ML-KEM and ML-DSA via CNG and Certificate functions.,Commercial,Commercial,Nov 2025 Update,2025-11,Yes (Trusted),Critical,Windows Server,All industries,https://www.microsoft.com/en-us/windows-server,,"Microsoft's latest server OS with native PQC support via CNG.",Trusted Vendor,Verified,2026-02-13
Android 16,CSC-031,Operating Systems,"Yes (Native API support)","Native API support for quantum-resistant cryptography including PQ3 and TSPHINCS+. Upgraded TLS 1.3 and Adiantum v2 for data at rest protection.",Open Source,Apache-2.0,16,2025-06,Yes (Trusted),Critical,Mobile,All industries,https://developer.android.com/,,"Next-gen Android OS with native PQC APIs and updated TLS 1.3.",Trusted Vendor,Verified,2026-02-13
iOS 26 / macOS 26,CSC-031,Operating Systems,"Yes (PQ3 HPKE with ML-KEM ML-DSA)","System-wide PQC support including PQ3 for iMessage and HPKE with ML-KEM 768/1024 and ML-DSA-65/ML-DSA-87. APIs for third-party apps via CryptoKit. Quantum-secure TLS negotiation with automatic fallback. Apple services adopting quantum-secure TLS including CloudKit Safari and iCloud Private Relay.",Proprietary,Commercial,iOS 26.3 macOS 26.3,2026-02-11,Yes (Trusted),Critical,Apple Ecosystem,All industries,https://developer.apple.com/,,"Apple's latest OS releases with comprehensive system-level PQC support via CryptoKit ML-KEM and ML-DSA APIs.",Trusted Vendor,Verified,2026-02-13
Juniper Junos OS,CSC-032,Network Operating Systems,"Yes (RFC 8784 PQC PSK ML-DSA)","Supports RFC 8784 for Post-Quantum using Pre-Shared Keys (PPK) in IKEv2. PQC signatures for software images using ML-DSA-87 across ACX EX MX QFX SRX PTX Series. Quantum Buffer in SSH for cryptoagility. Hybrid NTRU Prime 761 + X25519 key exchange in SSH.",Proprietary,Commercial,25.4R1,2026-02,Yes (Verified),High,Juniper Hardware,Enterprise Telecom,https://www.juniper.net/,,"Network OS with full-stack PQC including RFC 8784 ML-DSA image signing and quantum-safe SSH.",Verified,Verified,2026-02-13
Palo Alto PAN-OS,CSC-033,Network Security Software,"Yes (ML-KEM ML-DSA Cipher Proxy)","PAN-OS 12.1 Orion release supports NIST standard PQC algorithms (ML-KEM ML-DSA). Features quantum readiness dashboard with real-time cryptographic asset inventory compliance validation and inline remediation. Automated cipher translation instantly upgrades applications to quantum-safe encryption. Fifth-generation quantum-optimized NGFWs including PA-5500 and ruggedized PA-455R-5G.",Proprietary,Commercial,12.1 Orion,2025-08,Yes (Trusted),Critical,Palo Alto Hardware,Enterprise,https://www.paloaltonetworks.com/,,"Next-gen firewall OS with specialized PQC hardware acceleration cipher translation and quantum readiness dashboard.",Trusted Vendor,Verified,2026-02-13
Fortinet FortiOS,CSC-033,Network Security Software,"Yes (ML-KEM BIKE HQC Frodo IPsec PQC)","FortiOS 7.6 provides built-in quantum-safe features for FortiGate NGFW and Secure SD-WAN. Integrates NIST-approved ML-KEM plus BIKE HQC and Frodo algorithms for IPsec key exchange. Supports hybrid mode for gradual transition. QKD integration available since FortiOS 7.4. No extra cost for FortiOS customers.",Proprietary,Commercial,7.6.5,2025-12,Yes (Trusted),Critical,FortiGate,Enterprise,https://www.fortinet.com/,,"Security-driven OS with native PQC IPsec VPN and SD-WAN support including ML-KEM BIKE HQC and Frodo.",Trusted Vendor,Verified,2026-02-13
Check Point Quantum,CSC-033,Network Security Software,"Yes (ML-KEM Quantum-safe VPN)","R82 recommended release with QSKE (Quantum Safe Key Exchange) using ML-KEM (Kyber512/768/1024). Default MKE proposal configures DH group 15 + Kyber768. Supports quantum-safe key exchange for IKEv2 site-to-site VPNs. Remote access VPN PQC support on roadmap for Windows macOS and Linux clients.",Proprietary,Commercial,R82,2026-02,Yes (Trusted),Critical,Check Point Hardware,Enterprise,https://www.checkpoint.com/,,"Firewall software with ML-KEM quantum-safe VPN key exchange. R82 recommended release with active 2026 updates.",Trusted Vendor,Verified,2026-02-13
SandboxAQ Sandwich,CSC-001,Cryptographic Libraries,"Yes (Agile API liboqs backend)",Meta-library providing a unified API for crypto agility. Uses liboqs backend to support wide range of PQC algorithms.,Open Source,AGPL-3.0,0.3.0+,2025-02,No,High,Cross-platform,All industries,https://sandboxaq.com/,,"Crypto-agility library with unified API and liboqs backend.",Open Source,Verified,2026-02-13
Cloudflare CIRCL,CSC-001,Cryptographic Libraries,"Yes (ML-KEM ML-DSA hybrids)",Cloudflare Interoperable Reusable Cryptographic Library. Optimized Go implementation of ML-KEM and ML-DSA.,Open Source,Apache-2.0,1.6.3,2026-01-22,No,High,Go,All industries,https://github.com/cloudflare/circl,,"Cloudflare's advanced crypto library for Go, specializing in PQC experiments.",Open Source,Verified,2026-02-13
Mullvad VPN App,CSC-010,VPN and IPsec Software,"Yes (WireGuard PQC)","WireGuard tunnels with post-quantum protection enabled by default. Uses ML-KEM PSK for hybrid quantum resistance. OpenVPN support removed January 15 2026 - WireGuard only. New Rust-based WireGuard engine (GotaTun) live on Android with desktop and iOS planned for 2026. QUIC and LWO obfuscation added.",Open Source,GPLv3,2025.14,2025-12-09,Yes (Trusted),High,Cross-platform,Consumer,https://mullvad.net/,,"Privacy-focused VPN with default post-quantum WireGuard tunnels. OpenVPN retired January 2026.",Trusted Vendor,Verified,2026-02-13
ExpressVPN Lightway,CSC-010,VPN and IPsec Software,"Yes (ML-KEM Hybrid via wolfSSL)","Proprietary Lightway protocol upgraded from Kyber to NIST-standardized ML-KEM via wolfSSL integration. Now uses NIST Security Level 5 key sizes for both TCP and UDP protocols. Hybrid cryptography approach combining classical and quantum-safe algorithms.",Proprietary,Proprietary,Current,2026-01,Yes (Trusted),High,Cross-platform,Consumer,https://www.expressvpn.com/,,"Lightway protocol upgraded to ML-KEM via wolfSSL with NIST Security Level 5 protection.",Trusted Vendor,Verified,2026-02-13
Tuta Mail,CSC-011,Secure Messaging and Communication,"Yes (TutaCrypt Hybrid ML-KEM)","TutaCrypt protocol upgraded from Kyber to ML-KEM compatibility following NIST standardization. Hybrid encryption combining ML-KEM with X25519 ECDH. Enabled by default for all new accounts. Over 50% of existing users migrated to TutaCrypt protocol. Side-channel vulnerability mitigations applied to encryption libraries.",Open Source,GPLv3,Current,2026-01,Yes (Trusted),High,Cross-platform,Consumer,https://tuta.com/,,"Encrypted email service using TutaCrypt (ML-KEM hybrid) protocol. Over 50% user migration complete.",Trusted Vendor,Verified,2026-02-13
InfoSec Global AgileSec,CSC-025,Cryptographic Agility Frameworks,"Yes (Crypto Agility Discovery)",Analytics and SDK platform for crypto inventory and agility. Enables automated discovery and migration to PQC without code changes.,Commercial,Commercial,2025 Release,2025,Yes (Trusted),Critical,Enterprise Cloud,Enterprise,https://www.infosecglobal.com/,,"Crypto agility platform for discovery, inventory, and automated remediation.",Trusted Vendor,Verified,2026-02-13
Futurex CryptoHub,CSC-002,Hardware Security Module (HSM) Software,"Yes (PCI HSM Validated PQC)",First HSM to receive PCI HSM validation with PQC support. Supports ML-DSA and ML-KEM for financial and enterprise security.,Commercial,Commercial,June 2025 FW,2025-06,Yes (Trusted),Critical,Hardware,Finance Enterprise,https://www.futurex.com/,,"PCI HSM validated Hardware Security Module with native PQC support.",Trusted Vendor,Verified,2026-02-13
Arqit Encryption Intelligence,CSC-025,Cryptographic Agility Frameworks,"Yes (Crypto Discovery and Migration)","Automated cryptographic discovery platform for post-quantum migration and compliance. Continuously identifies encryption assets legacy algorithms and deprecated protocols across networks applications and cloud environments. Selected by UK NCSC for Post-Quantum Cryptography Pilot under Assured Cyber Security Consultancy Scheme. Available as SaaS or via certified systems integrator partners.",Commercial,Commercial,Current,2026-01-22,No,Critical,Enterprise Cloud,Government Enterprise Finance,https://ir.arqit.uk/,,"Crypto discovery and risk prioritization platform for PQC migration. UK NCSC PQC Pilot participant.",Trusted Vendor,Verified,2026-02-13
Samsung S3SSE2A eSE,CSC-034,Hardware Security and Semiconductors,"Yes (ML-KEM Hardware Accelerated)","First embedded Secure Element (eSE) to integrate post-quantum cryptography. Features two dedicated PQC hardware accelerators achieving 18x faster cryptographic operations than software-only approaches. Powered by Thales secure OS and PQC libraries. CES 2026 Best Cybersecurity Innovation Award winner. Designed for Common Criteria EAL6+ certification. Quantum-resistant security for IoT mobile and embedded devices.",Commercial,Commercial,S3SSE2A,2026-01-06,Yes (CC EAL6+ targeted),Critical,Embedded IoT Mobile,Consumer IoT Enterprise,https://www.thalesgroup.com/en/news-centre/insights/enterprise/samsung-system-lsi-thales-quantum-leap-embedded-security,,First PQC-enabled embedded Secure Element with hardware-accelerated ML-KEM. CES 2026 Best Cybersecurity Innovation.,Trusted Vendor,Verified,2026-02-13
Thales payShield 10K,CSC-029,Payment Cryptography Systems,Planned,"Payment HSM with crypto-agile architecture. No specific PQC algorithms confirmed in payment HSM firmware yet. Thales Luna HSM line supports ML-KEM and ML-DSA but payShield payment firmware has not publicly announced PQC algorithm support. EMV PCI DSS 4.0 compliant. PCI PTS HSM v4 certified.",Commercial,Commercial,payShield 10K,2024,Yes (PCI PTS HSM v4 FIPS 140-2 L3),Critical,Hardware Appliance,"Finance, Retail, Payment Processing",https://cpl.thalesgroup.com/encryption/hardware-security-modules/payment-hsms/payshield-10k,,"Industry-leading payment HSM processing over 80% of global card transactions. Crypto-agile architecture positions for future PQC firmware updates.",Trusted Vendor,Verified,2026-02-16
Futurex Vectera Plus,CSC-029,Payment Cryptography Systems,Planned,"Payment HSM with crypto-agile architecture. No specific PQC algorithms publicly confirmed for Vectera Plus payment firmware. Futurex CryptoHub general-purpose HSM has ML-DSA and ML-KEM support suggesting payment HSM PQC firmware is in development. PCI PTS HSM v3 certified.",Commercial,Commercial,Current,2025,Yes (PCI PTS HSM v3 FIPS 140-2 L3),Critical,Hardware Appliance,"Finance, Retail, Payment Processing",https://www.futurex.com/products/vectera-plus,,"Payment HSM for transaction processing PIN management and key injection. Futurex general HSM platform already has PQC.",Trusted Vendor,Partially Verified,2026-02-16
Utimaco Athos,CSC-029,Payment Cryptography Systems,Planned,"Payment HSM with PQC on roadmap. Utimaco SecurityServer general-purpose HSM has announced PQC roadmap for NIST algorithms. Athos payment-specific HSM firmware does not yet publicly list ML-KEM or ML-DSA support. German vendor positioning for European PCI DSS and EMV compliance.",Commercial,Commercial,5.x,2025,Yes (PCI PTS HSM FIPS 140-2 L3),Critical,Hardware Appliance,"Finance, Retail, Payment Processing",https://utimaco.com/products/categories/payment-hsms,,"European payment HSM for EMV key management PIN processing and mobile payments. PQC expected via firmware update.",Trusted Vendor,Partially Verified,2026-02-16
Atalla AT1000e,CSC-029,Payment Cryptography Systems,No,"Legacy payment HSM now under OpenText (acquired from Micro Focus/HPE). No public PQC roadmap or algorithm support announcements found. Limited development activity since OpenText acquisition.",Commercial,Commercial,AT1000e,2023,Yes (FIPS 140-2 L3 PCI PTS HSM),Low,Hardware Appliance,"Finance, Retail",https://www.opentext.com/products/atalla-network-security-processor,,"Legacy payment HSM. No public PQC plans. Organizations should evaluate migration to PQC-ready alternatives.",Trusted Vendor,Partially Verified,2026-02-16
Cryptomathic CKMS,CSC-029,Payment Cryptography Systems,Planned,"Crypto Key Management System for payment infrastructure. No specific PQC algorithm support publicly announced. Partners with HSM vendors (Thales Utimaco) for hardware-backed operations.",Commercial,Commercial,Current,2025,No,High,Cloud On-Premise,"Finance, Retail, Payment Processing",https://www.cryptomathic.com/products,,"Key management platform for payment systems. PQC support will likely come through underlying HSM vendor firmware updates.",Trusted Vendor,Partially Verified,2026-02-16
Securosys Primus HSM,CSC-002,Hardware Security Module (HSM) Software,"Yes (ML-KEM ML-DSA SLH-DSA HSS-LMS XMSS)","Confirmed PQC support with hybrid operations. Supports ML-KEM (FIPS 203) ML-DSA (FIPS 204) SLH-DSA (FIPS 205) plus stateful hash-based signatures HSS-LMS and XMSS. CloudHSM ECO and SBX environments available for PQC testing. Swiss-engineered HSM.",Commercial,Commercial,Current,2025,Yes (FIPS 140-2 L4 CC EAL4+),Critical,Hardware Cloud,"Finance, Government, Healthcare, Defense",https://www.securosys.com/en/hsm/post-quantum-cryptography,,"Swiss HSM with comprehensive PQC algorithm support including all three NIST standards plus stateful hash-based signatures.",Trusted Vendor,Verified,2026-02-16
Marvell LiquidSecurity 2,CSC-002,Hardware Security Module (HSM) Software,Planned,"Cloud HSM adapter providing hardware-accelerated cryptographic operations. No public PQC algorithm support announced. Focuses on cloud-scale key management and TLS offloading.",Commercial,Commercial,LiquidSecurity 2,2024,Yes (FIPS 140-2 L3),High,Cloud Hardware,"Cloud, Finance, Enterprise",https://www.marvell.com/products/security-solutions.html,,"Cloud HSM adapter for hyperscale environments. PQC firmware updates expected as NIST standards mature.",Trusted Vendor,Partially Verified,2026-02-16
AWS CloudHSM,CSC-002,Hardware Security Module (HSM) Software,No,"Managed HSM service using FIPS 140-2 Level 3 validated hardware. Does not currently expose PQC algorithms through CloudHSM API despite AWS-LC library having PQC support.",Commercial,Commercial (AWS),Current,2025,Yes (FIPS 140-2 L3),High,AWS Cloud,All industries,https://docs.aws.amazon.com/cloudhsm/latest/userguide/introduction.html,,"Managed single-tenant HSM service. PQC algorithms not yet available through CloudHSM API.",Trusted Vendor,Partially Verified,2026-02-16
Google Cloud HSM,CSC-002,Hardware Security Module (HSM) Software,No,"Cloud KMS with HSM-backed keys using FIPS 140-2 Level 3 hardware. Does not currently support PQC algorithms for customer key operations. Google uses hybrid PQC internally but Cloud HSM/KMS API does not expose PQC key types.",Commercial,Commercial (Google),Current,2025,Yes (FIPS 140-2 L3),High,Google Cloud,All industries,https://cloud.google.com/kms/docs/hsm,,"Google managed HSM service. PQC not yet available for customer keys despite Google internal PQC deployment.",Trusted Vendor,Partially Verified,2026-02-16
DigiCert Trust Lifecycle Manager,CSC-004,Public Key Infrastructure (PKI) Software,"Yes (Hybrid PQC Certificates ML-DSA)","PQC pioneer with hybrid certificate issuance capabilities. Supports hybrid X.509 certificates combining classical RSA/ECDSA with ML-DSA signatures. PQC certificate testing environment available. Automated discovery of quantum-vulnerable certificates.",Commercial,Commercial,Current,2025,Yes (WebTrust),Critical,Cloud SaaS,All industries,https://www.digicert.com/trust-lifecycle-manager,,"Leading CA with PQC hybrid certificate capabilities. Automated certificate lifecycle management with quantum readiness assessment.",Trusted Vendor,Verified,2026-02-16
Sectigo Certificate Manager,CSC-004,Public Key Infrastructure (PKI) Software,Planned,"Dedicated PQC readiness page indicates active development. Certificate lifecycle management platform preparing for PQC certificate issuance. Hybrid certificate support expected.",Commercial,Commercial,Current,2025,Yes (WebTrust),High,Cloud SaaS,All industries,https://sectigo.com/post-quantum-cryptography,,"Major CA preparing for PQC certificate transition. Certificate lifecycle management platform with PQC readiness planning.",Trusted Vendor,Partially Verified,2026-02-16
Entrust PKI,CSC-004,Public Key Infrastructure (PKI) Software,"Yes (Hybrid PQC via nShield)","PKI platform with PQC capabilities via nShield HSM integration. Supports hybrid certificate operations combining classical and post-quantum algorithms.",Commercial,Commercial,Current,2025,Yes (FIPS 140-2 L3 via nShield),Critical,Cloud On-Premise,"Finance, Government, Healthcare",https://www.entrust.com/digital-security/certificate-solutions,,"Enterprise PKI with PQC support via nShield HSM integration. Hybrid certificate operations for gradual PQC transition.",Trusted Vendor,Partially Verified,2026-02-16
Microsoft AD CS,CSC-004,Public Key Infrastructure (PKI) Software,Planned,"Windows Server 2025 includes ML-KEM and ML-DSA in CNG but AD CS certificate templates do not yet natively support PQC algorithm OIDs for certificate issuance.",Commercial,Commercial,Windows Server 2025,2025-11,Yes (Windows FIPS mode),High,Windows Server,"Enterprise, Government",https://learn.microsoft.com/en-us/windows-server/identity/ad-cs/,,"Windows PKI platform. CNG has PQC algorithms but AD CS templates do not yet support PQC certificate issuance natively.",Trusted Vendor,Partially Verified,2026-02-16
smallstep Certificate Authority,CSC-004,Public Key Infrastructure (PKI) Software,Limited,"Modern zero-trust CA built in Go. Go 1.24+ includes crypto/mlkem with ML-KEM support. However step-ca does not yet expose PQC certificate issuance APIs. PQC-aware TLS for ACME and mTLS connections possible via Go runtime.",Open Source,Apache-2.0,0.28.x,2025,No,High,"Linux macOS Windows Docker Kubernetes",All industries,https://smallstep.com/docs/step-ca/,https://github.com/smallstep/certificates,"Modern CA with ACME support. PQC certificate issuance not yet available but Go runtime provides transport-layer quantum safety.",Open Source Community,Partially Verified,2026-02-16
PQClean,CSC-016,Post-Quantum Cryptography Libraries,"Yes (ML-KEM ML-DSA SLH-DSA HQC Falcon)","Clean portable C implementations of all NIST PQC algorithms. Focused on correctness readability and ease of integration. Each implementation is standalone with no external dependencies. Used as reference by pqcrypto Rust crate.",Open Source,Public Domain/CC0,Current,2025,No,Critical,Cross-platform (C99),All industries,https://github.com/PQClean/PQClean,https://github.com/PQClean/PQClean,"Clean standalone C implementations of PQC algorithms. Reference quality code used by multiple language binding projects.",Open Source Community,Verified,2026-02-16
CRYSTALS Reference Implementations,CSC-016,Post-Quantum Cryptography Libraries,"Yes (ML-KEM-512/768/1024 ML-DSA-44/65/87)","Official NIST reference implementations of ML-KEM (FIPS 203) and ML-DSA (FIPS 204). Canonical implementation used for validation and testing.",Open Source,Public Domain,FIPS 203/204 Final,2024-08,No (Reference Only),Critical,Cross-platform (C),All industries,https://pq-crystals.org/,https://github.com/pq-crystals,"NIST reference implementations for ML-KEM and ML-DSA. Canonical source for algorithm correctness validation.",Government/Standards,Verified,2026-02-16
IBM Quantum Safe Toolkit,CSC-016,Post-Quantum Cryptography Libraries,"Yes (ML-KEM ML-DSA SLH-DSA Hybrid)","IBM's quantum-safe cryptography toolkit with ML-KEM ML-DSA and SLH-DSA. IBM z16 provides on-chip quantum-safe acceleration. Quantum Safe Explorer tool for discovering and remediating quantum-vulnerable cryptography.",Commercial,Commercial/Apache-2.0,Current,2025,Yes (z16 FIPS 140-2 L4),Critical,IBM Z Linux Cloud,Enterprise Government Finance,https://www.ibm.com/quantum/quantum-safe,,"Enterprise PQC toolkit with mainframe hardware acceleration. Includes discovery and migration tools.",Trusted Vendor,Partially Verified,2026-02-16
jose4j,CSC-015,API Security and JWT Libraries,No,"Java implementation of JWS JWE JWK and JWT standards. No PQC algorithm support. Supports RSA ECDSA HMAC AES with standard JOSE algorithms. PQC blocked by IETF draft-ietf-jose-pqc-algorithms standardization.",Open Source,Apache-2.0,0.9.6,2025-01,No,High,Java 8+,All industries,https://bitbucket.org/b_c/jose4j/wiki/Home,https://bitbucket.org/b_c/jose4j,"Java JOSE library. No PQC. Blocked by IETF PQC JOSE specification.",Open Source Community,Verified,2026-02-16
Nimbus JOSE+JWT,CSC-015,API Security and JWT Libraries,No,"Feature-rich Java JOSE library. No PQC algorithm support. Comprehensive implementation of RFC 7515-7519 with RSA ECDSA EdDSA and AES. PQC dependent on IETF draft-ietf-jose-pqc-algorithms finalization.",Open Source,Apache-2.0,10.x,2025,No,High,Java 8+,All industries,https://connect2id.com/products/nimbus-jose-jwt,,Java JOSE/JWT library. No PQC. Awaiting IETF PQC JOSE specification.,Open Source Community,Verified,2026-02-16
jsonwebtoken (auth0),CSC-015,API Security and JWT Libraries,No,"Most popular Node.js JWT library. No PQC algorithm support. Uses RSA ECDSA HMAC for token signing. PQC integration blocked by IETF PQC JOSE specification and Node.js crypto API PQC support.",Open Source,MIT,9.0.2,2024,No,High,Node.js,All industries,https://github.com/auth0/node-jsonwebtoken,https://github.com/auth0/node-jsonwebtoken,"Node.js JWT library. No PQC. Dependent on Node.js crypto API and IETF PQC JOSE specification.",Open Source Community,Verified,2026-02-16
go-jose v4,CSC-015,API Security and JWT Libraries,No,"Go implementation of JOSE standards. No PQC support despite Go 1.24+ having native crypto/mlkem in stdlib.",Open Source,Apache-2.0,4.1.3,2025-10-03,No,High,Go,All industries,https://github.com/go-jose/go-jose,https://github.com/go-jose/go-jose,"Go JOSE library. No PQC support despite Go stdlib having native ML-KEM.",Open Source Community,Verified,2026-02-16
Spring Security OAuth2,CSC-015,API Security and JWT Libraries,Planned,"No current PQC support. Open GitHub issue #18103 requests Java 25 PQC support. Could leverage Bouncy Castle PQC provider once IETF standardizes PQC identifiers for JOSE.",Open Source,Apache-2.0,6.4.4,2026-02,No,High,Java 17+ Spring Boot,All industries,https://spring.io/projects/spring-security,https://github.com/spring-projects/spring-security/issues/18103,"Spring Security OAuth2/JWT framework. Community-requested PQC support pending.",Open Source Foundation,Verified,2026-02-16
UEFI Forum Secure Boot,CSC-026,Secure Boot and Firmware Security,Planned,"No PQC algorithm support in current UEFI Secure Boot specification (UEFI 2.10). Signature database supports RSA-2048 SHA-256 only. Future revisions expected to add ML-DSA/SLH-DSA for firmware signature verification.",Industry Standard,Industry Standard,UEFI 2.10,2024-08,No,High,x86_64 ARM64 RISC-V,All industries,https://uefi.org/specifications,https://uefi.org/specifications,"Industry standard firmware interface. PQC for Secure Boot awaiting specification update.",Industry Standard,Verified,2026-02-16
coreboot,CSC-026,Secure Boot and Firmware Security,No,"No PQC algorithm support. Open-source firmware uses vboot (Google Verified Boot) with RSA and SHA-256. Zero GitHub issues for post-quantum algorithms.",Open Source,GPLv2,24.12,2025-03-27,No,High,x86 ARM,All industries,https://www.coreboot.org/,https://github.com/coreboot/coreboot,"Open-source firmware replacing proprietary BIOS/UEFI. No PQC support for firmware verification.",Open Source Foundation,Verified,2026-02-16
U-Boot,CSC-026,Secure Boot and Firmware Security,No,"No PQC algorithm support. Universal Boot Loader supports FIT image verification using RSA-2048/4096 and SHA-256/512. PQC signature verification not on roadmap.",Open Source,GPLv2+,2026.01,2026-01,No,High,ARM MIPS RISC-V x86 PowerPC,All industries,https://u-boot.readthedocs.io/,https://github.com/u-boot/u-boot,"Universal bootloader for embedded systems. Verified boot uses RSA/SHA only. No PQC support.",Open Source Foundation,Verified,2026-02-16
Linux IMA/EVM,CSC-026,Secure Boot and Firmware Security,No,"No PQC algorithm support for file integrity verification. IMA and EVM use RSA/ECDSA signatures and SHA-256/512. Kernel crypto API does not include ML-DSA or SLH-DSA.",Open Source,GPLv2,6.13,2025-01,No,High,Linux,All industries,https://sourceforge.net/p/linux-ima/wiki/Home/,https://git.kernel.org/pub/scm/linux/kernel/git/torvalds/linux.git/tree/security/integrity,"Linux kernel integrity subsystem. IMA/EVM file verification limited to RSA/ECDSA.",Open Source Foundation,Verified,2026-02-16
Windows Secure Boot,CSC-026,Secure Boot and Firmware Security,Planned,"No PQC firmware signature verification in current Secure Boot. CNG supports ML-KEM/ML-DSA for applications but Secure Boot chain still uses RSA-2048.",Commercial,Commercial,Windows 11 24H2,2024-10,Yes (Classical),High,x86_64 ARM64,All industries,https://learn.microsoft.com/en-us/windows/security/operating-system-security/system-security/secure-boot-and-device-encryption/secure-boot,,"Microsoft Secure Boot. Classical RSA/SHA signatures only. PQC firmware signing expected in future releases.",Trusted Vendor,Verified,2026-02-16
ARM Trusted Firmware (TF-A),CSC-026,Secure Boot and Firmware Security,No,"No PQC algorithm support. Secure Boot for ARM uses RSA-2048/3072 ECDSA-P256. Zero GitHub issues for post-quantum algorithms.",Open Source,BSD-3-Clause,2.14.0,2025-11,No,High,ARM Cortex-A AArch64,All industries,https://www.trustedfirmware.org/,https://github.com/ARM-software/arm-trusted-firmware,"Reference implementation of ARM Secure Boot. Classical signatures only.",Open Source Foundation,Verified,2026-02-16
VeraCrypt,CSC-006,Disk and File Encryption Software,No,"No PQC algorithm support. Uses AES-256 (quantum-resistant) for symmetric encryption. Community feature requests for PQC (GitHub issues #498 #1406) closed without implementation. Key derivation lacks PQC key encapsulation.",Open Source,Apache-2.0,1.26.24,2025-05-31,No,High,Windows Linux macOS FreeBSD,All industries,https://veracrypt.fr/,https://github.com/veracrypt/VeraCrypt,"Open-source disk encryption. AES-256 is quantum-resistant but lacks PQC key encapsulation.",Open Source Community,Verified,2026-02-16
BitLocker (Windows),CSC-006,Disk and File Encryption Software,No,"No PQC key wrapping support. Uses AES-128/256 with XTS mode. Windows CNG supports ML-KEM/ML-DSA but BitLocker key protection chain not updated to use PQC. AES-256-XTS is quantum-resistant.",Proprietary,Commercial,Windows 11 24H2,2024-10,Yes (Classical FIPS 140-2),High,Windows,All industries,https://learn.microsoft.com/en-us/windows/security/operating-system-security/data-protection/bitlocker/,,"Microsoft full disk encryption. AES-XTS is quantum-safe but key protection chain uses classical RSA via TPM.",Trusted Vendor,Verified,2026-02-16
LUKS/dm-crypt,CSC-006,Disk and File Encryption Software,No,"No PQC algorithm support. LUKS2 uses AES-XTS-256 with Argon2id for key derivation. No PQC key encapsulation for master key wrapping. AES-256-XTS is quantum-resistant.",Open Source,GPLv2+,2.7.5,2025-10,No,High,Linux,All industries,https://gitlab.com/cryptsetup/cryptsetup,https://gitlab.com/cryptsetup/cryptsetup,"Linux disk encryption standard. AES-256-XTS is quantum-safe but key management lacks PQC.",Open Source Foundation,Verified,2026-02-16
FileVault (macOS),CSC-006,Disk and File Encryption Software,No,"No PQC key wrapping support. AES-XTS-256 for full-volume encryption. Apple CryptoKit has ML-KEM/ML-DSA but FileVault key protection chain not updated. AES-256-XTS is quantum-resistant.",Proprietary,Commercial,macOS 26.3,2026-02-11,Yes (Platform FIPS),High,macOS (Apple Silicon Intel),All industries,https://support.apple.com/guide/mac-help/protect-data-on-your-mac-with-filevault-mh11785/mac,,"Apple full-disk encryption. AES-256-XTS is quantum-safe but key wrapping has not adopted CryptoKit PQC APIs.",Trusted Vendor,Verified,2026-02-16
MongoDB Queryable Encryption,CSC-007,Database Encryption Software,No,"No PQC algorithm support. Client-Side Field Level Encryption uses AES-256. Data Encryption Keys wrapped via AWS KMS Azure Key Vault or GCP KMS using RSA-OAEP. AES-256 is quantum-resistant but key management relies on classical PKI.",Commercial,SSPL/Commercial,8.0,2024-10,No,High,Linux Windows macOS,"Finance, Healthcare, Retail, Government",https://www.mongodb.com/docs/manual/core/queryable-encryption/,https://github.com/mongodb/libmongocrypt,"MongoDB client-side encryption. AES-256 is quantum-safe but key wrapping uses classical algorithms.",Trusted Vendor,Verified,2026-02-16
Oracle TDE,CSC-007,Database Encryption Software,No,"No PQC algorithm support. Transparent Data Encryption uses AES-128/192/256. Master key stored in Oracle Key Vault using PKCS#12 with RSA key transport. AES-256 is quantum-resistant.",Commercial,Commercial,23ai,2024,Yes (FIPS 140-2 via OKV),High,"Linux Windows Solaris AIX","Finance, Healthcare, Government, Enterprise",https://www.oracle.com/database/technologies/security/tde.html,,"Oracle database transparent encryption. Classical RSA key management. No PQC key wrapping.",Trusted Vendor,Needs Verification,2026-02-16
SQL Server TDE/Always Encrypted,CSC-007,Database Encryption Software,No,"No PQC algorithm support. TDE uses AES-256. Always Encrypted uses AES-256-CBC with HMAC. Column Encryption Keys wrapped by RSA-OAEP. Microsoft CNG supports ML-KEM but SQL Server has not integrated PQC.",Commercial,Commercial,SQL Server 2022,2022-11,Yes (FIPS 140-2),High,Windows Linux (Docker),"Finance, Healthcare, Government, Enterprise",https://learn.microsoft.com/en-us/sql/relational-databases/security/encryption/transparent-data-encryption,,"Microsoft SQL Server encryption. Classical RSA key wrapping. CNG has PQC but SQL Server has not adopted it.",Trusted Vendor,Verified,2026-02-16
PostgreSQL pgcrypto,CSC-007,Database Encryption Software,No,"No PQC algorithm support. pgcrypto provides AES and PGP encryption using OpenSSL backend. OpenSSL 3.5+ has ML-KEM/ML-DSA but pgcrypto does not expose PQC functions.",Open Source,PostgreSQL License,17.2,2025-11,No,High,Linux Windows macOS,All industries,https://www.postgresql.org/docs/current/pgcrypto.html,,"PostgreSQL encryption extension. Uses OpenSSL backend but does not expose PQC algorithms.",Open Source Foundation,Verified,2026-02-16
MySQL Enterprise Encryption,CSC-007,Database Encryption Software,No,"No PQC algorithm support. MySQL provides RSA DH DSA and ECDH functions via OpenSSL. InnoDB tablespace encryption uses AES-256. No ML-KEM ML-DSA functions exposed.",Commercial,Commercial/GPLv2,9.2,2025-01,No,High,Linux Windows macOS,"Finance, Healthcare, Enterprise",https://dev.mysql.com/doc/refman/en/enterprise-encryption.html,,"MySQL enterprise encryption functions. Classical RSA/DSA/ECDH only.",Trusted Vendor,Verified,2026-02-16
CockroachDB Encryption,CSC-007,Database Encryption Software,No,"No PQC algorithm support. Encryption at Rest uses AES-128/192/256-CTR. Go 1.26 has native ML-KEM for TLS but CockroachDB has not integrated PQC for encryption at rest.",Commercial,BSL/CockroachDB License,25.2,2025-11,No,High,"Linux Windows macOS","Finance, Enterprise, SaaS",https://www.cockroachlabs.com/docs/stable/encryption.html,https://github.com/cockroachdb/cockroach,"CockroachDB encryption at rest. AES-256 is quantum-safe. Go stdlib ML-KEM not integrated.",Trusted Vendor,Verified,2026-02-16
Proton Mail,CSC-008,Email Encryption Software,"Yes (ML-KEM Hybrid)","First major email provider to deploy post-quantum encryption. Uses hybrid Curve25519 + ML-KEM key encapsulation for end-to-end encrypted email. Deployed to all users September 2023.",Open Source,Open Source (Server proprietary),4.x,2023-09,No,High,Web iOS Android,"Consumer, Enterprise, Government",https://proton.me/blog/post-quantum-encryption,https://github.com/ProtonMail,"First email provider with production PQC encryption protecting emails against quantum threats.",Trusted Vendor,Verified,2026-02-16
GnuPG,CSC-008,Email Encryption Software,"Yes (ML-KEM-768+X25519 ML-DSA-65+Ed25519)","Implements IETF PQC-in-OpenPGP draft. Supports composite PQC keys combining ML-KEM-768 with X25519 for encryption and ML-DSA-65 with Ed25519 for signing.",Open Source,GPLv3,2.5.x,2024-09,No,High,Linux macOS Windows,All industries,https://gnupg.org/,https://github.com/gpg/gnupg,"Reference OpenPGP implementation with PQC composite key support for quantum-resistant email and file encryption.",Open Source Foundation,Verified,2026-02-16
Thunderbird + OpenPGP,CSC-008,Email Encryption Software,No,"Uses RNP library for OpenPGP. RNP does not implement PQC algorithms. Dependent on IETF PQC-in-OpenPGP standard finalization.",Open Source,MPL-2.0,128.x,2025,No,High,Linux macOS Windows,All industries,https://www.thunderbird.net/,https://github.com/nickolay/rnp,"Open source email client with OpenPGP. PQC dependent on RNP library.",Open Source Foundation,Pending Verification,2026-02-16
Microsoft Outlook S/MIME,CSC-008,Email Encryption Software,Planned,"Windows CNG has ML-KEM/ML-DSA but Outlook S/MIME has not shipped PQC certificate support. Dependent on CA ecosystem issuing PQC X.509 certificates.",Commercial,Commercial,Microsoft 365,2025,Yes (via CNG),High,Windows macOS Web,Enterprise Government,https://www.microsoft.com/en-us/microsoft-365,,"Enterprise email with S/MIME encryption. PQC primitives available in OS but not in Outlook S/MIME workflow.",Trusted Vendor,Pending Verification,2026-02-16
Adobe Acrobat Sign,CSC-009,Digital Signature Software,No,"Uses RSA and ECDSA for PDF digital signatures (PAdES). No PQC signature support announced. Dependent on ETSI PAdES specification updates for PQC.",Commercial,Commercial,Current,2025,No,High,Web iOS Android Desktop,"Finance, Legal, Government, Healthcare",https://www.adobe.com/sign.html,,"Leading eSignature platform. PQC dependent on ETSI PAdES and CA ecosystem readiness.",Trusted Vendor,Pending Verification,2026-02-16
DocuSign,CSC-009,Digital Signature Software,No,"Uses RSA-2048/4096 and SHA-256. No public PQC announcements. PQC transition depends on PKI ecosystem supporting PQC signature algorithms.",Commercial,Commercial,Current,2025,No,High,Web iOS Android,"Finance, Legal, Real Estate, Healthcare",https://www.docusign.com/,,"Market-leading eSignature platform. PQC dependent on PKI ecosystem updates.",Trusted Vendor,Pending Verification,2026-02-16
DigiCert SigningHub,CSC-009,Digital Signature Software,Planned,"DigiCert is actively involved in PQC with hybrid TLS certificates. SigningHub positioned for PQC through DigiCert infrastructure but has not yet shipped PQC document signatures.",Commercial,Commercial,Current,2025,Yes (via DigiCert PKI),High,Cloud Web,"Finance, Legal, Government, Healthcare",https://www.digicert.com/signing/signhub,,"Cloud document signing with PQC roadmap through DigiCert PQC certificate infrastructure.",Trusted Vendor,Pending Verification,2026-02-16
Entrust Signing Automation,CSC-009,Digital Signature Software,Planned,"PQC capabilities in nShield HSMs. ML-DSA and SLH-DSA integration expected through HSM backend upgrades. No confirmed production PQC signing deployment.",Commercial,Commercial,Current,2025,Yes (via nShield HSM),High,Cloud Linux Windows,"Finance, Legal, Government",https://www.entrust.com/digital-security/digital-signing,,"Enterprise signing automation. PQC capabilities available through Entrust nShield HSM backend.",Trusted Vendor,Pending Verification,2026-02-16
GlobalSign Digital Signing Service,CSC-009,Digital Signature Software,No,"Cloud-based digital signing using RSA and ECDSA. No public PQC announcements. Active CA/Browser Forum member discussing PQC certificate profiles.",Commercial,Commercial,Current,2025,No,High,Cloud API,"Finance, Legal, Government",https://www.globalsign.com/en/digital-signing-service,,"CA-backed digital signing service. PQC dependent on CA/Browser Forum PQC certificate standards.",Trusted Vendor,Pending Verification,2026-02-16
sigstore/cosign,CSC-017,Code Signing and Software Integrity,Planned,"Uses ECDSA P-256 and Ed25519 for container image signing. PQC on roadmap but not yet implemented. Fulcio CA and Rekor transparency log would need PQC updates.",Open Source,Apache-2.0,2.4.x,2025,No,High,Linux macOS Windows,All industries,https://www.sigstore.dev/,https://github.com/sigstore/cosign,"Keyless code signing for containers. PQC integration planned for Fulcio CA and Rekor transparency log.",Open Source Foundation,Pending Verification,2026-02-16
Microsoft SignTool,CSC-017,Code Signing and Software Integrity,Planned,"Windows CNG has ML-KEM/ML-DSA but Authenticode code signing not yet updated for PQC algorithms. Dual-signing approach likely for backward compatibility.",Commercial,Commercial,Windows SDK,2025,Yes (via CNG),High,Windows,"Enterprise, Software Development",https://learn.microsoft.com/en-us/windows/win32/seccrypto/signtool,,"Windows code signing tool. PQC primitives in CNG but Authenticode format not yet updated.",Trusted Vendor,Pending Verification,2026-02-16
Apple codesign,CSC-017,Code Signing and Software Integrity,No,"Apple has PQ3 for iMessage and ML-KEM/ML-DSA in CryptoKit but code signing infrastructure not moved to PQC. Mach-O code signature format needs updates.",Proprietary,Commercial,Xcode 16.x,2025,No,High,macOS iOS,"Software Development, Enterprise",https://developer.apple.com/documentation/security/code_signing_services,,"Apple platform code signing. PQC available in CryptoKit but code signing infrastructure not updated.",Trusted Vendor,Pending Verification,2026-02-16
Notary Project,CSC-017,Code Signing and Software Integrity,No,"CNCF container image signing using X.509 certificates. RSA and ECDSA only. Plugin architecture could enable future PQC through third-party providers.",Open Source,Apache-2.0,1.2.x,2025,No,High,Linux macOS Windows,All industries,https://notaryproject.dev/,https://github.com/notaryproject/notation,"CNCF container image signing. Plugin architecture may enable future PQC integration.",Open Source Foundation,Pending Verification,2026-02-16
GPG Code Signing,CSC-017,Code Signing and Software Integrity,"Yes (ML-DSA-65+Ed25519 Composite)","GnuPG 2.5.x supports PQC composite signatures per IETF PQC-in-OpenPGP draft. ML-DSA-65 combined with Ed25519 for quantum-resistant code and package signing.",Open Source,GPLv3,2.5.x,2024-09,No,High,Linux macOS Windows,All industries,https://gnupg.org/,https://github.com/gpg/gnupg,"OpenPGP code signing with PQC composite signatures. Used for software package and Git commit signing.",Open Source Foundation,Verified,2026-02-16
DigiCert Software Trust Manager,CSC-017,Code Signing and Software Integrity,Planned,"Enterprise code signing with secure key storage and CI/CD integration. Positioned for PQC through DigiCert PQC certificate infrastructure. PQC code signing certificates not yet generally available.",Commercial,Commercial,Current,2025,Yes (DigiCert PKI),High,Cloud API CI/CD,"Enterprise, Software Development",https://www.digicert.com/software-trust-manager,,"Enterprise code signing platform. PQC roadmap through DigiCert PQC certificate program.",Trusted Vendor,Pending Verification,2026-02-16
AWS KMS (Cloud Gateway),CSC-028,Cloud Encryption Gateways,"Limited (Hybrid PQC TLS)","KMS API endpoints support hybrid PQC TLS key exchange (ECDH + ML-KEM) for data in transit protection. Powered by AWS-LC with FIPS 140-3 validated ML-KEM. Native PQC key types on roadmap.",Commercial,Commercial (AWS),Current,2025,Yes (FIPS 140-2 L2),High,AWS Cloud,All industries,https://aws.amazon.com/kms/,,"Managed key management with hybrid PQC TLS for API calls. Native PQC key types on roadmap.",Trusted Vendor,Verified,2026-02-16
Google Cloud KMS (Cloud Gateway),CSC-028,Cloud Encryption Gateways,"Yes (ML-KEM GA / ML-DSA Preview)","Cloud encryption gateway with PQC key types. ML-KEM-768/1024 and X-Wing (GA) for key encapsulation. ML-DSA-65 and SLH-DSA (Preview) for signing. Powered by BoringCrypto and Tink. Cloud HSM uses Marvell LiquidSecurity.",Commercial,Commercial (Google),Current,2025-10,Yes (FIPS 140-2 L1 software / L3 Cloud HSM),High,Google Cloud,All industries,https://cloud.google.com/kms,,"Cloud encryption gateway with industry-leading PQC key type support for encapsulation and signing.",Trusted Vendor,Verified,2026-02-16
Azure Key Vault,CSC-028,Cloud Encryption Gateways,Planned,"Microsoft SymCrypt has ML-KEM/ML-DSA but Azure Key Vault has not added PQC key types for customer operations. Managed HSM uses Marvell LiquidSecurity.",Commercial,Commercial (Microsoft),Current,2025,Yes (FIPS 140-2 L2/L3),High,Azure Cloud,All industries,https://azure.microsoft.com/en-us/products/key-vault,,"Cloud key management with HSM backing. PQC in SymCrypt but not exposed as Key Vault key types.",Trusted Vendor,Pending Verification,2026-02-16
Fortanix Data Security Manager,CSC-028,Cloud Encryption Gateways,Planned,"Multicloud key management with Confidential Computing (Intel SGX). PQC algorithm support on product roadmap but not confirmed as shipped.",Commercial,Commercial,Current,2025,Yes (FIPS 140-2 L2),High,Multicloud On-premises,"Finance, Healthcare, Government",https://www.fortanix.com/,,"Multicloud encryption gateway with Confidential Computing. PQC on roadmap.",Trusted Vendor,Pending Verification,2026-02-16
Thales CipherTrust Manager,CSC-028,Cloud Encryption Gateways,"Yes (ML-KEM ML-DSA via Luna HSM)","Centralized key management and encryption gateway. Integrates with Thales Luna HSMs (firmware 7.9+) with ML-KEM and ML-DSA. Transparent encryption and tokenization.",Commercial,Commercial,7.x,2025,Yes (FIPS 140-2 L2),High,Multicloud On-premises,"Finance, Healthcare, Government, Defense",https://cpl.thalesgroup.com/encryption/ciphertrust-manager,,"Enterprise encryption gateway with PQC via Luna HSM. Centralized multicloud key management.",Trusted Vendor,Verified,2026-02-16
Futurex Cloud,CSC-028,Cloud Encryption Gateways,"Yes (ML-KEM ML-DSA PCI Validated)","Cloud-hosted encryption backed by CryptoHub HSMs with PCI HSM validated PQC. Supports ML-DSA and ML-KEM. KMES Series 3 VirtuCrypt cloud HSM.",Commercial,Commercial,Current,2025,Yes (PCI HSM),High,Cloud,Finance Enterprise,https://www.futurex.com/,,"Cloud encryption gateway backed by PCI HSM validated PQC hardware.",Trusted Vendor,Verified,2026-02-16
