Country,FlagCode,OrgName,OrgFullName,OrgLogoUrl,Type,Category,StartYear,EndYear,Title,Description,SourceUrl,SourceDate,Status
Australia,AU,ASD,Australian Signals Directorate,,Milestone,Guidance,2022,2022,Initial PQC Planning Guide,ASD publishes initial Planning for Post-Quantum Cryptography guidance.,https://www.cyber.gov.au/business-government/secure-design/planning-for-post-quantum-cryptography,2022-07-01,Validated
Australia,AU,ASD,Australian Signals Directorate,,Milestone,Guidance,2024,2024,ISM December 2024 Update,"ASD updates ISM with specific PQC requirements (ISM-1917) including ML-DSA-87, ML-KEM-1024, SHA-384/512, AES-256 by 2030.",https://www.cyber.gov.au/sites/default/files/2024-12/22.%20ISM%20-%20Guidelines%20for%20Cryptography%20(December%202024).pdf,2024-12-01,Validated
Australia,AU,ASD,Australian Signals Directorate,,Phase,Discovery,2024,2026,Migration Planning Phase,"Organizations develop refined PQC transition plan accounting for security goals, risk tolerances, and data value.",https://www.cyber.gov.au/business-government/secure-design/planning-for-post-quantum-cryptography,2025-09-01,Validated
Australia,AU,ASD,Australian Signals Directorate,,Milestone,Guidance,2025,2025,PQC Planning Guide Updated,ASD publishes updated Planning for PQC guidance with LATICE framework and detailed milestones.,https://www.cyber.gov.au/business-government/secure-design/planning-for-post-quantum-cryptography,2025-09-01,Validated
Australia,AU,ASD,Australian Signals Directorate,,Phase,Migration,2026,2028,Critical Systems Migration Start,Implementation of PQC algorithms begins with most critical and sensitive systems.,https://www.cyber.gov.au/business-government/secure-design/planning-for-post-quantum-cryptography,2025-09-01,Validated
Australia,AU,ASD,Australian Signals Directorate,,Phase,Migration,2028,2030,Full Migration Phase,Complete transition to ASD-approved PQC algorithms across all systems.,https://www.cyber.gov.au/business-government/secure-design/planning-for-post-quantum-cryptography,2025-09-01,Validated
Australia,AU,ASD,Australian Signals Directorate,,Milestone,Deadline,2030,2030,Traditional Crypto Prohibited,"Cease use of traditional asymmetric cryptography (RSA, ECDSA, ECDH). Full transition to PQC. 5 years ahead of US/UK.",https://www.cyber.gov.au/business-government/secure-design/planning-for-post-quantum-cryptography,2025-09-01,Validated
BIS,INT,BIS,Bank for International Settlements,,Milestone,Guidance,2025,2025,Paper 158 Quantum Roadmap,BIS publishes Paper 158: Quantum-Readiness Roadmap for financial systems. Critical systems quantum-safe by early 2030s.,https://www.bis.org/publ/bisbull88.htm,2025-07-01,New
Canada,CA,CCCS,Canadian Centre for Cyber Security,,Milestone,Guidance,2023,2023,PQC Best Practices Published,CFDIR publishes Canadian National Quantum-Readiness Best Practices and Guidelines.,https://ised-isde.canada.ca/site/spectrum-management-telecommunications/sites/default/files/attachments/2023/cfdir-quantum-readiness-best-practices-v03.pdf,2023-06-12,Validated
Canada,CA,CCCS,Canadian Centre for Cyber Security,,Milestone,Guidance,2025,2025,PQC Migration Roadmap Published,CCCS publishes ITSM.40.001 Roadmap for migration to PQC for Government of Canada. Effective June 23 2025.,https://www.cyber.gc.ca/en/guidance/roadmap-migration-post-quantum-cryptography-government-canada-itsm40001,2025-06-23,Validated
Canada,CA,TBS,Treasury Board of Canada Secretariat,,Milestone,Policy,2025,2025,SPIN Notice Published,"Security Policy Implementation Notice on PQC migration effective October 9, 2025 under Policy on Government Security.",https://www.canada.ca/en/government/system/digital-government/policies-standards/spin/migrating-government-canada-post-quantum-cryptography.html,2025-10-09,Validated
Canada,CA,CCCS,Canadian Centre for Cyber Security,,Phase,Discovery,2025,2026,Departmental Planning Phase,Federal departments develop initial departmental PQC migration plans. Due by April 2026.,https://www.cyber.gc.ca/en/guidance/roadmap-migration-post-quantum-cryptography-government-canada-itsm40001,2025-06-23,Validated
Canada,CA,CCCS,Canadian Centre for Cyber Security,,Milestone,Deadline,2026,2026,Contract PQC Clauses Required,"All new Government of Canada contracts must include PQC capability clauses by April 1, 2026.",https://www.cyber.gc.ca/en/guidance/roadmap-migration-post-quantum-cryptography-government-canada-itsm40001,2025-06-23,Validated
Canada,CA,CCCS,Canadian Centre for Cyber Security,,Phase,Migration,2026,2031,High Priority Migration Phase,Migration of high priority government systems. Annual progress reporting required.,https://www.cyber.gc.ca/en/guidance/roadmap-migration-post-quantum-cryptography-government-canada-itsm40001,2025-06-23,Validated
Canada,CA,CCCS,Canadian Centre for Cyber Security,,Milestone,Deadline,2031,2031,High Priority Systems Complete,Completion of PQC migration for high priority government systems.,https://www.cyber.gc.ca/en/guidance/roadmap-migration-post-quantum-cryptography-government-canada-itsm40001,2025-06-23,Validated
Canada,CA,CCCS,Canadian Centre for Cyber Security,,Phase,Migration,2031,2035,Remaining Systems Migration,Migration of all remaining non-classified government systems.,https://www.cyber.gc.ca/en/guidance/roadmap-migration-post-quantum-cryptography-government-canada-itsm40001,2025-06-23,Validated
Canada,CA,CCCS,Canadian Centre for Cyber Security,,Milestone,Deadline,2035,2035,Full GC Migration Complete,Completion of PQC migration for all Government of Canada non-classified systems.,https://www.cyber.gc.ca/en/guidance/roadmap-migration-post-quantum-cryptography-government-canada-itsm40001,2025-06-23,Validated
China,CN,CACR,Chinese Association for Cryptologic Research,,Milestone,Standardization,2020,2020,CACR PQC Competition Results,CACR announces results of its post-quantum cryptography competition selecting initial algorithms (36 submissions).,https://www.sdxcentral.com/articles/analysis/china-russia-to-adopt-slightly-different-pqc-standards-from-us/2022/10/,2020-01-01,Validated
China,CN,ICCS,Institute of Commercial Cryptography Standards,,Milestone,Standardization,2025,2025,NGCC Program Launched,"China launches Next-Generation Commercial Cryptographic (NGCC) Algorithms Program for PQC standardization, February 5, 2025.",https://thequantuminsider.com/2025/02/18/china-launches-its-own-quantum-resistant-encryption-standard-bypassing-us-efforts/,2025-02-05,Validated
China,CN,China Telecom,China Telecom Quantum Group,,Milestone,Implementation,2025,2025,Hybrid Quantum-Safe System Launched,"China Telecom launches world's first distributed cryptography system combining QKD and PQC. Completes 1,000km quantum-encrypted call Beijing-Hefei. Rolling out across 16 cities.",https://thequantuminsider.com/2025/05/20/china-telecom-launches-hybrid-quantum-safe-encryption-system-completes-1000-kilometer-secure-call/,2025-05-20,New
China,CN,CAC,Cyberspace Administration of China,,Phase,Research,2025,2027,NGCC Algorithm Evaluation,"NGCC program evaluates submitted algorithms for security, performance, and implementation feasibility.",https://thequantuminsider.com/2025/02/18/china-launches-its-own-quantum-resistant-encryption-standard-bypassing-us-efforts/,2025-02-18,Validated
China,CN,CAC,Cyberspace Administration of China,,Phase,Migration,2027,2030,Financial Sector Migration,Mandated migration for critical financial infrastructure to quantum-safe cryptography.,https://www.belfercenter.org/publication/quantum-computing-and-cybersecurity-china,2023-01-01,Validated
Czech Republic,CZ,NUKIB,National Cyber and Information Security Agency,,Milestone,Guidance,2023,2023,Cryptographic Recommendations,NUKIB publishes Minimum Requirements for cryptographic algorithms with PQC guidance.,https://www.nukib.cz/en/,2023-01-01,Validated
Czech Republic,CZ,NUKIB,National Cyber and Information Security Agency,,Phase,Migration,2024,2027,Key Establishment Migration,Migration for key establishment and encryption systems.,https://www.gsma.com/newsroom/wp-content/uploads//Post-Quantum-Government-Initiatives-by-Country-and-Region-02-Mar-2025-Clean.pdf,2023-01-01,Validated
Czech Republic,CZ,NUKIB,National Cyber and Information Security Agency,,Milestone,Deadline,2027,2027,Encryption Migration Complete,Complete migration by 2027 for key establishment and encryption. Firmware/software signing as soon as possible.,https://www.gsma.com/newsroom/wp-content/uploads//Post-Quantum-Government-Initiatives-by-Country-and-Region-02-Mar-2025-Clean.pdf,2023-01-01,Validated
European Union,EU,ENISA,European Union Agency for Cybersecurity,,Milestone,Guidance,2022,2022,PQC Integration Study,ENISA publishes Post-Quantum Cryptography: Integration Study examining technology landscape.,https://www.enisa.europa.eu/publications/post-quantum-cryptography-integration-study,2022-05-01,Validated
European Union,EU,EC,European Commission,,Milestone,Policy,2024,2024,EU PQC Recommendation Published,European Commission publishes Recommendation (EU) 2024/1101 on Coordinated Implementation Roadmap for PQC transition.,https://digital-strategy.ec.europa.eu/en/library/recommendation-coordinated-implementation-roadmap-transition-post-quantum-cryptography,2024-04-11,Validated
European Union,EU,EC,European Commission,,Phase,Migration,2024,2030,Critical Infrastructure Migration,Migration of critical infrastructure and high-risk systems to quantum-safe cryptography.,https://digital-strategy.ec.europa.eu/en/library/coordinated-implementation-roadmap-transition-post-quantum-cryptography,2024-04-11,Validated
European Union,EU,NIS CG,NIS Cooperation Group,,Milestone,Guidance,2025,2025,Coordinated Roadmap v1.1,NIS Cooperation Group publishes Coordinated Implementation Roadmap for PQC Transition Version 1.1.,https://digital-strategy.ec.europa.eu/en/library/coordinated-implementation-roadmap-transition-post-quantum-cryptography,2025-06-01,New
European Union,EU,Europol,European Union Agency for Law Enforcement Cooperation,,Milestone,Guidance,2025,2025,QSFF Call to Action,Europol Quantum Safe Financial Forum publishes call to action. Notes 86% of executives unprepared.,https://www.europol.europa.eu/publications-events/publications/quantum-safe-financial-forum-call-to-action,2025-02-07,New
European Union,EU,NIS CG,NIS Cooperation Group,,Milestone,Policy,2025,2025,EU PQC Survey Launched,"NIS Cooperation Group PQC Work Stream launches public survey to gather feedback on Coordinated Implementation Roadmap. Feedback deadline September 29, 2025.",https://digital-strategy.ec.europa.eu/en/news/survey-eu-roadmap-post-quantum-cryptography,2025-08-11,New
European Union,EU,ECCG,European Cybersecurity Certification Group,,Milestone,Guidance,2025,2025,Agreed Cryptographic Algorithms v2,ECCG publishes Agreed Cryptographic Algorithms version 2 (May 2025) with PQC guidance. Recommends PQ/T hybrid schemes and adjusted symmetric key lengths.,https://pqshield.com/pqc-transition-roadmaps-and-guidance/,2025-05-01,New
European Union,EU,EC,European Commission,,Milestone,Deadline,2026,2026,Member State Strategy Initiation,All EU Member States should initiate national PQC transition strategies by end of 2026.,https://digital-strategy.ec.europa.eu/en/library/coordinated-implementation-roadmap-transition-post-quantum-cryptography,2024-04-11,Validated
European Union,EU,EC,European Commission,,Milestone,Deadline,2030,2030,High-Risk Systems Secured,Critical infrastructure and high-risk systems secured with PQC by 2030.,https://digital-strategy.ec.europa.eu/en/library/coordinated-implementation-roadmap-transition-post-quantum-cryptography,2024-04-11,Validated
European Union,EU,EC,European Commission,,Milestone,Deadline,2035,2035,Full EU PQC Transition,Complete PQC transition for all feasible systems across EU member states.,https://digital-strategy.ec.europa.eu/en/library/coordinated-implementation-roadmap-transition-post-quantum-cryptography,2024-04-11,Validated
France,FR,ANSSI,Agence nationale de la sécurité des systèmes d'information,,Milestone,Guidance,2022,2022,Initial PQC Position Paper,"ANSSI publishes initial position paper on post-quantum cryptography transition, mandating hybrid approach.",https://cyber.gouv.fr/en/publications/anssi-views-post-quantum-cryptography-transition,2022-01-01,Validated
France,FR,ANSSI,Agence nationale de la sécurité des systèmes d'information,,Milestone,Guidance,2023,2023,PQC Position Paper Follow-up,ANSSI publishes follow-up position paper with updated guidance on hybridization requirements.,https://cyber.gouv.fr/sites/default/files/document/follow_up_position_paper_on_post_quantum_cryptography.pdf,2023-12-01,Validated
France,FR,ANSSI/BSI/NLNCSA/SE,"ANSSI, BSI, NLNCSA, Swedish Armed Forces",,Milestone,Guidance,2024,2024,Joint QKD Position Paper,"ANSSI with BSI, NLNCSA, and Swedish NCSA publish joint Position Paper on Quantum Key Distribution. Recommends prioritizing PQC over QKD. January 26, 2024.",https://cyber.gouv.fr/en/actualites/uses-and-limits-quantum-key-distribution,2024-01-26,New
France,FR,ANSSI,Agence nationale de la sécurité des systèmes d'information,,Milestone,Research,2024,2024,PQC Market Studies Published,"ANSSI publishes two market studies on PQC readiness among French cybersecurity ecosystem (developers and consultants). Findings show significant preparedness gaps. November 25, 2024.",https://cyber.gouv.fr/actualites/lanssi-partage-deux-etudes-de-marche-sur-la-cryptographie-post-quantique-menees-aupres,2024-11-25,New
France,FR,ANSSI,Agence nationale de la sécurité des systèmes d'information,,Phase,Migration,2024,2025,Phase 1 - Pre-Quantum Security,Mandatory pre-quantum security measures; PQC implementation optional but encouraged.,https://cyber.gouv.fr/en/publications/anssi-views-post-quantum-cryptography-transition,2022-01-01,Validated
France,FR,ANSSI,Agence nationale de la sécurité des systèmes d'information,,Milestone,Certification,2025,2025,Cryptographic Accreditation Doctrine Updated,ANSSI Centre de Certification National (CCN) updates cryptographic accreditation doctrine to include PQC evaluation requirements. March 2025.,https://cyber.gouv.fr/actualites/premiers-visas-de-securite-incluant-de-la-cryptographie-post-quantique,2025-03-01,New
France,FR,ANSSI,Agence nationale de la sécurité des systèmes d'information,,Milestone,Certification,2025,2025,CEA-Leti CESTI PQC Accreditation,"CEA-Leti becomes first CESTI (evaluation center) accredited by ANSSI to evaluate PQC solutions. September 29, 2025.",https://cyber.gouv.fr/actualites/premiers-visas-de-securite-incluant-de-la-cryptographie-post-quantique,2025-09-29,New
France,FR,ANSSI,Agence nationale de la sécurité des systèmes d'information,,Milestone,Certification,2025,2025,First PQC Security Visas Issued,ANSSI issues first French PQC security certifications: Thales Smartcard MultiApp 5.2 Premium PQC (Sept 29) and Samsung S3SSE2A microcontroller (Oct 1). Both include lattice-based algorithms.,https://cyber.gouv.fr/actualites/premiers-visas-de-securite-incluant-de-la-cryptographie-post-quantique,2025-10-16,New
France,FR,ANSSI,Agence nationale de la sécurité des systèmes d'information,,Milestone,Guidance,2025,2025,PQC FAQ Published,"ANSSI publishes comprehensive PQC FAQ covering algorithm recommendations (ML-KEM, ML-DSA, FN-DSA, SLH-DSA), hybridization requirements, and transition timeline. October 2025.",https://cyber.gouv.fr/cryptographie-post-quantique-faq,2025-10-07,New
France,FR,ANSSI,Agence nationale de la sécurité des systèmes d'information,,Milestone,Guidance,2025,2025,PG-083 Cryptographic Guide Update (Planned),ANSSI plans to update Guide des mécanismes cryptographiques (PG-083) and algorithm selection guide to include PQC by end of 2025.,https://cyber.gouv.fr/cryptographie-post-quantique-faq,2025-10-07,New
France,FR,ANSSI,Agence nationale de la sécurité des systèmes d'information,,Phase,Migration,2025,2030,Phase 2 - Hybridization Required,Hybrid cryptography (classical + PQC) required for systems requiring post-quantum security assurance.,https://cyber.gouv.fr/en/publications/anssi-views-post-quantum-cryptography-transition,2022-01-01,Validated
France,FR,ANSSI,Agence nationale de la sécurité des systèmes d'information,,Milestone,Guidance,2026,2026,IPsec DR Referential Update (Planned),ANSSI plans revision of IPsec DR referential to include PQC requirements. Expected 2026.,https://cyber.gouv.fr/cryptographie-post-quantique-faq,2025-10-07,New
France,FR,ANSSI,Agence nationale de la sécurité des systèmes d'information,,Milestone,Deadline,2027,2027,PQC Qualification Requirement,"PQC integration mandatory for cryptographic solutions entering ANSSI qualification process, at least for certain product types. Starting 2027.",https://cyber.gouv.fr/actualites/premiers-visas-de-securite-incluant-de-la-cryptographie-post-quantique,2025-10-16,New
France,FR,ANSSI,Agence nationale de la sécurité des systèmes d'information,,Phase,Migration,2030,2035,Phase 3 - Standalone PQC Optional,"Standalone PQC becomes optional (not mandatory). Note: 2030 is when PQC alone becomes acceptable, not required.",https://cyber.gouv.fr/en/publications/anssi-views-post-quantum-cryptography-transition,2022-01-01,Corrected
G7,G7,G7 CEG,G7 Cyber Expert Group,,Milestone,Policy,2024,2024,G7 Statement on Quantum Computing,"G7 issues statement on planning for opportunities and risks of quantum computing for cybersecurity, September 25, 2024.",https://www.gsma.com/newsroom/wp-content/uploads//Post-Quantum-Government-Initiatives-by-Country-and-Region-02-Mar-2025-Clean.pdf,2024-09-25,Validated
GSMA,INT,GSMA,GSM Association,,Milestone,Guidance,2024,2024,PQ.03 v2.0 Guidelines,GSMA Post Quantum Telco Network Task Force publishes PQ.03 v2.0 covering telecom use cases (October 2024).,https://www.gsma.com/solutions-and-impact/technologies/security/gsma_resources/post-quantum-telco-network-impact-assessment-guidelines/,2024-10-01,New
Germany,DE,BSI,Bundesamt für Sicherheit in der Informationstechnik,,Milestone,Policy,2024,2024,EU Joint Statement on PQC,"BSI initiates joint statement with 18 EU member states (later 21) urging PQC transition, November 27, 2024.",https://www.bsi.bund.de/SharedDocs/Downloads/EN/BSI/Crypto/PQC-joint-statement.pdf,2024-11-27,Validated
Germany,DE,BSI,Bundesamt für Sicherheit in der Informationstechnik,,Milestone,Guidance,2025,2025,TR-02102-1 PQC Update,BSI publishes Version 2025-01 of TR-02102-1 with significant PQC recommendations including ML-KEM and ML-DSA.,https://www.bsi.bund.de/EN/Themen/Unternehmen-und-Organisationen/Informationen-und-Empfehlungen/Quantentechnologien-und-Post-Quanten-Kryptografie/quantentechnologien-und-post-quanten-kryptografie.html,2025-01-01,Validated
Germany,DE,BSI/Bundesdruckerei,BSI with Bundesdruckerei and G+D,,Milestone,Testing,2025,2025,Quantum-Secure ID Card Demonstrator,"World's first functional quantum-secure ID card demonstrator unveiled November 10-11, 2025 with BSI, Bundesdruckerei, G+D, Infineon.",https://www.gi-de.com/en/about-us/press/press-releases/germany-sets-new-standards-for-secure-id-documents-in-the-quantum-computing-era,2025-11-10,Validated
Germany,DE,BSI/DLR,BSI with German Aerospace Center,,Milestone,Research,2025,2025,QUANTITY Initiative Launched,BSI and DLR launch QUANTITY initiative in March 2025 focusing on quantum cryptanalysis to strengthen algorithm selection and validate PQC security.,https://www.postquantumcryptography.de/publications/bsi-compliant-pqc.html,2025-03-01,New
Germany,DE,BSI,Bundesamt für Sicherheit in der Informationstechnik,,Milestone,Deadline,2030,2030,Critical Applications PQC,Most sensitive and critical applications should be PQC-protected by end of 2030.,https://www.bsi.bund.de/EN/Themen/Unternehmen-und-Organisationen/Informationen-und-Empfehlungen/Quantentechnologien-und-Post-Quanten-Kryptografie/quantentechnologien-und-post-quanten-kryptografie.html,2024-01-01,Validated
India,IN,TEC,Telecommunication Engineering Centre,,Milestone,Guidance,2025,2025,TEC Technical Report Published,"TEC publishes Technical Report TEC 910018:2025 on Migration to Post-Quantum Cryptography, January 2025.",https://www.tec.gov.in/pdf/TR/Final%20technical%20report%20on%20migration%20to%20PQC%2028-03-25.pdf,2025-01-01,New
India,IN,CERT-In,Indian Computer Emergency Response Team,,Milestone,Guidance,2025,2025,BOM Guidelines Expanded,CERT-In expands Bill of Materials requirements to include Cryptographic BOM (CBOM) and Quantum Readiness BOM (QBOM).,https://www.cert-in.org.in/,2025-01-01,New
International,INT,PQCC,Post-Quantum Cryptography Coalition,,Milestone,Guidance,2025,2025,PQC Migration Roadmap Published,"PQCC publishes comprehensive PQC Migration Roadmap in May 2025 with four-category framework: Preparation, Baseline Understanding, Planning and Execution, Monitoring and Evaluation.",https://pqcc.org/post-quantum-cryptography-migration-roadmap/,2025-05-01,New
Israel,IL,INCD,Israel National Cyber Directorate,,Milestone,Guidance,2022,2022,PQC Readiness Guide Published,Organizational Cyber Readiness to the Post-Quantum Age guidance published January 2022.,https://www.gsma.com/newsroom/wp-content/uploads//Post-Quantum-Government-Initiatives-by-Country-and-Region-02-Mar-2025-Clean.pdf,2022-01-01,Validated
Israel,IL,INCD,Israel National Cyber Directorate,,Milestone,Policy,2025,2025,National Cybersecurity Strategy 2025-2028,INCD publishes National Cybersecurity Strategy including quantum threat mitigation provisions.,https://www.gov.il/en/departments/incd/govil-landing-page,2025-02-01,New
Israel,IL,BOI,Bank of Israel,,Milestone,Regulation,2025,2025,Banking PQC Directive,"Bank of Israel issues Directive Letter 202501EN (January 7, 2025) requiring financial institutions to manage quantum risk.",https://www.boi.org.il/en/,2025-01-07,Validated
Israel,IL,INCD,Israel National Cyber Directorate,,Milestone,Deadline,2025,2025,Government Threat Assessment,All government ministries must complete quantum threat assessment and require PQC in new contracts by end of 2025.,https://www.ynetnews.com/business/article/h1srzlgqkl,2025-01-01,New
Israel,IL,INCD/BOI,Israel National Cyber Directorate / Bank of Israel,,Phase,Discovery,2025,2027,Inventory & Planning Phase,"Organizations create cryptographic inventory, add PQC to contracts, develop initial plans.",https://www.gsma.com/newsroom/wp-content/uploads//Post-Quantum-Government-Initiatives-by-Country-and-Region-02-Mar-2025-Clean.pdf,2025-01-01,Validated
Italy,IT,ACN,Agenzia per la Cybersicurezza Nazionale,,Milestone,Guidance,2024,2024,PQC Guidance Published,ACN publishes 'Crittografia Post-Quantum e Quantistica: Preparazione alla Minaccia Quantistica' guidance.,https://www.gsma.com/newsroom/wp-content/uploads//Post-Quantum-Government-Initiatives-by-Country-and-Region-02-Mar-2025-Clean.pdf,2024-07-01,Validated
Japan,JP,CRYPTREC,Cryptographic Research and Evaluation Committees,,Milestone,Guidance,2022,2022,PQC Guideline GL-2004-2022,CRYPTREC publishes Guidelines for Post-Quantum Cryptography technical guidance.,https://www.cryptrec.go.jp/en/,2022-01-01,Validated
Japan,JP,NEDO,New Energy and Industrial Technology Development Organization,,Phase,Research,2024,2026,K Program PQC Research,NEDO K Program research on PQC implementation technologies. Final standardization documents due 2026.,https://pqshield.com/pqshield-announces-participation-in-nedo-program-to-implement-post-quantum-cryptography-across-japan/,2024-07-01,Validated
Japan,JP,NISC,National center of Incident readiness and Strategy for Cybersecurity,,Phase,Discovery,2024,2026,PQC Migration Planning,"Following NIST standardization, focusing on lattice-based and hash-based algorithms. CRYPTREC preparing detailed guidelines.",https://www.gsma.com/newsroom/wp-content/uploads//Post-Quantum-Government-Initiatives-by-Country-and-Region-02-Mar-2025-Clean.pdf,2025-03-02,Validated
Japan,JP,METI/NISC,METI and NISC,,Milestone,Policy,2025,2025,Cybersecurity Industry Policy Package,METI releases policy package for strengthening Japan's cybersecurity industry including PQC. METI and NISC establish shared vision for Software Bill of Materials in September 2025.,https://itbusinesstoday.com/tech/cybersecurity/japans-national-cyber-defense-push-preparing-for-quantum-driven-threats/,2025-03-01,New
Japan,JP,NEC/NICT,NEC with NICT and Toshiba,,Milestone,Implementation,2025,2025,QKD High-Speed Data Integration Demo,"NEC, NICT, and Toshiba unveil world's first integrated system for QKD and high-speed data transmission in large-capacity optical network. September 2025.",https://itbusinesstoday.com/tech/cybersecurity/japans-national-cyber-defense-push-preparing-for-quantum-driven-threats/,2025-09-16,New
Japan,JP,NISC,National center of Incident readiness and Strategy for Cybersecurity,,Phase,Migration,2026,2030,Critical Systems Migration,Target for migrating critical government systems. Dual-track approach: PQC and QKD technologies.,https://itbusinesstoday.com/tech/cybersecurity/japans-national-cyber-defense-push-preparing-for-quantum-driven-threats/,2025-10-06,Validated
NATO,NATO,NATO,North Atlantic Treaty Organization,,Milestone,Policy,2024,2024,Quantum Technologies Strategy,"NATO publishes first Quantum Technologies Strategy January 17, 2024 committing to PQC transition.",https://www.nato.int/cps/en/natohq/news_221601.htm,2024-01-17,New
New Zealand,NZ,GCSB/NCSC,Government Communications Security Bureau / NCSC,,Milestone,Guidance,2024,2024,NZISM v3.8 Updated,New Zealand Information Security Manual updated with PQC guidance.,https://www.gsma.com/newsroom/wp-content/uploads//Post-Quantum-Government-Initiatives-by-Country-and-Region-02-Mar-2025-Clean.pdf,2024-09-01,Validated
New Zealand,NZ,GCSB/NCSC,Government Communications Security Bureau / NCSC,,Phase,Discovery,2024,2026,Planning Phase,Organizations start planning for PQC transition.,https://www.gsma.com/newsroom/wp-content/uploads//Post-Quantum-Government-Initiatives-by-Country-and-Region-02-Mar-2025-Clean.pdf,2024-09-01,Validated
New Zealand,NZ,GCSB/NCSC,Government Communications Security Bureau / NCSC,,Milestone,Guidance,2025,2025,NZISM v3.9 Published,NZISM Version 3.9 (November 2025) includes Section 2.4 on PQC preparation. 19 agencies implementing.,https://www.nzism.gcsb.govt.nz/,2025-11-01,New
New Zealand,NZ,GCSB/NCSC,Government Communications Security Bureau / NCSC,,Phase,Migration,2026,2030,Transition Phase,Transition to PQC begins from 2026-27 across government agencies.,https://www.gsma.com/newsroom/wp-content/uploads//Post-Quantum-Government-Initiatives-by-Country-and-Region-02-Mar-2025-Clean.pdf,2024-09-01,Validated
Singapore,SG,CSA,Cyber Security Agency,,Milestone,Guidance,2022,2022,Initial PQC Guidance,CSA issues initial guidance on quantum computing threats and PQC preparation.,https://www.gsma.com/newsroom/wp-content/uploads//Post-Quantum-Government-Initiatives-by-Country-and-Region-02-Mar-2025-Clean.pdf,2022-01-01,Validated
Singapore,SG,MAS,Monetary Authority of Singapore,,Milestone,Regulation,2024,2024,Financial Services PQC Advisory,"MAS issues Circular MAS/TCRS/2024/01 requiring financial services to prepare PQC transition plan, February 20, 2024.",https://www.mas.gov.sg/regulation/circulars/technology-risk-advisory-on-quantum-resistant-cryptography,2024-02-20,Validated
Singapore,SG,CSA/MAS,Cyber Security Agency / Monetary Authority of Singapore,,Phase,Discovery,2024,2026,Financial Sector Planning,Financial services firms develop quantum risk management and PQC transition plans per MAS advisory.,https://www.gsma.com/newsroom/wp-content/uploads//Post-Quantum-Government-Initiatives-by-Country-and-Region-02-Mar-2025-Clean.pdf,2024-01-01,Validated
Singapore,SG,CSA,Cyber Security Agency,,Milestone,Guidance,2025,2025,Quantum-Safe Handbook Released,CSA releases Quantum-Safe Handbook and Quantum Readiness Index for public consultation at SICW 2025.,https://www.csa.gov.sg/resources/publications/quantum-safe-handbook-and-quantum-readiness-index/,2025-10-01,Validated
Singapore,SG,MAS,Monetary Authority of Singapore,,Milestone,Testing,2025,2025,Financial Sector QKD Sandbox Completed,"MAS completes QKD proof-of-concept sandbox (Sept 2024-March 2025). DBS, HSBC, OCBC, UOB tested QKD for settlement files. Generated 6.75M AES-256 keys/day per bank.",https://www.qnulabs.com/blog/singapore-quantum-threat-and-quantum-security-landscape,2025-03-01,New
South Korea,KR,NIS/KISA,National Intelligence Service / KISA,,Milestone,Standardization,2025,2025,KpqC Competition Results,"Korea Post-Quantum Cryptography Competition winners announced January 16, 2025: HAETAE, AIMer, SMAUG-T, NTRU+.",https://kpqc.cryptolab.co.kr/,2025-01-16,New
South Korea,KR,MSIT,Ministry of Science and ICT,,Phase,Migration,2025,2028,Pilot Transition Phase,Initial implementation period for PQC in government and critical sectors.,https://www.gsma.com/newsroom/wp-content/uploads//Post-Quantum-Government-Initiatives-by-Country-and-Region-02-Mar-2025-Clean.pdf,2025-01-01,New
South Korea,KR,MSIT,Ministry of Science and ICT,,Milestone,Deadline,2035,2035,Full PQC Roadmap Complete,Target completion of national PQC transition roadmap.,https://www.gsma.com/newsroom/wp-content/uploads//Post-Quantum-Government-Initiatives-by-Country-and-Region-02-Mar-2025-Clean.pdf,2025-01-01,New
Spain,ES,CCN,Centro Criptológico Nacional,,Milestone,Guidance,2022,2022,Four-Phase PQC Approach,CCN defines four-phase approach from today through post-2030. Recommends NIST algorithms and FrodoKEM.,https://www.gsma.com/newsroom/wp-content/uploads//Post-Quantum-Government-Initiatives-by-Country-and-Region-02-Mar-2025-Clean.pdf,2022-01-01,Validated
Spain,ES,CCN,Centro Criptológico Nacional,,Phase,Migration,2022,2030,PQC Transition Period,Four-phase approach implementation period.,https://www.gsma.com/newsroom/wp-content/uploads//Post-Quantum-Government-Initiatives-by-Country-and-Region-02-Mar-2025-Clean.pdf,2022-01-01,Validated
Taiwan,TW,MODA,Ministry of Digital Affairs,,Phase,Policy,2024,2029,Five-Year PQC Plan,Taiwan launches five-year PQC implementation plan targeting quantum-safe government systems.,https://www.gsma.com/newsroom/wp-content/uploads//Post-Quantum-Government-Initiatives-by-Country-and-Region-02-Mar-2025-Clean.pdf,2024-01-01,New
Taiwan,TW,MODA,Ministry of Digital Affairs,,Milestone,Deadline,2027,2027,Full Quantum-Safe Target,Target for full quantum-safe upgrades across government digital infrastructure.,https://www.gsma.com/newsroom/wp-content/uploads//Post-Quantum-Government-Initiatives-by-Country-and-Region-02-Mar-2025-Clean.pdf,2024-01-01,New
United Kingdom,GB,NCSC,National Cyber Security Centre,https://www.ncsc.gov.uk/images/ncsc-logo.svg,Milestone,Guidance,2024,2024,PQC White Paper Updated,NCSC updates PQC White Paper to endorse NIST quantum-safe algorithms. First major jurisdiction to reflect NIST algorithms.,https://www.ncsc.gov.uk/whitepaper/next-steps-preparing-for-post-quantum-cryptography,2024-08-01,Validated
United Kingdom,GB,NCSC,National Cyber Security Centre,https://www.ncsc.gov.uk/images/ncsc-logo.svg,Milestone,Guidance,2025,2025,PQC Migration Roadmap Published,NCSC publishes comprehensive three-phase PQC migration roadmap with specific milestones through 2035.,https://www.ncsc.gov.uk/guidance/pqc-migration-timelines,2025-03-20,Validated
United Kingdom,GB,CMORG,Cross Market Operational Resilience Group,,Milestone,Guidance,2025,2025,Financial Sector PQC Guidance,CMORG publishes Guidance for Post-Quantum Cryptography v1.0 for UK financial sector (April 2025).,https://www.cmorg.org.uk/sites/default/files/2025-06/CMORG%20-%20Guidance%20for%20Post-Quantum%20Cryptography%20-%20April%202025.pdf,2025-04-01,New
United Kingdom,GB,DSIT,Department for Science Innovation and Technology,,Milestone,Research,2025,2025,CNI Perspectives Report,DSIT publishes Perspectives on the Plan for PQC Transition covering five CNI sectors.,https://www.gov.uk/government/publications/perspectives-on-the-plan-for-pqc-transition,2025-11-27,New
United Kingdom,GB,NCSC,National Cyber Security Centre,https://www.ncsc.gov.uk/images/ncsc-logo.svg,Phase,Discovery,2025,2028,Discovery & Planning Phase,Organizations complete full discovery of cryptographic services needing upgrades and draft migration plan.,https://www.ncsc.gov.uk/guidance/pqc-migration-timelines,2025-03-20,Validated
United Kingdom,GB,NCSC,National Cyber Security Centre,https://www.ncsc.gov.uk/images/ncsc-logo.svg,Phase,Migration,2028,2031,Priority Migration Phase,"Execute high-priority PQC upgrades, refine plans, and prepare infrastructure for full transition.",https://www.ncsc.gov.uk/guidance/pqc-migration-timelines,2025-03-20,Validated
United Kingdom,GB,NCSC,National Cyber Security Centre,https://www.ncsc.gov.uk/images/ncsc-logo.svg,Phase,Migration,2031,2035,Full Migration Phase,"Complete migration to PQC for all systems, services, and products.",https://www.ncsc.gov.uk/guidance/pqc-migration-timelines,2025-03-20,Validated
United Kingdom,GB,NCSC,National Cyber Security Centre,https://www.ncsc.gov.uk/images/ncsc-logo.svg,Milestone,Deadline,2035,2035,Full PQC Compliance,Target for full compliance with PQC standards across all government and critical sectors.,https://www.ncsc.gov.uk/guidance/pqc-migration-timelines,2025-03-20,Validated
United States,US,White House,Executive Office of the President,,Milestone,Policy,2022,2022,NSM-10 Published,National Security Memorandum on Promoting U.S. Leadership in Quantum Computing while Mitigating Risks to Vulnerable Cryptographic Systems.,https://www.whitehouse.gov/briefing-room/presidential-actions/2022/05/04/national-security-memorandum-on-promoting-united-states-leadership-in-quantum-computing-and-mitigating-risks-to-vulnerable-cryptographic-systems/,2022-05-04,Validated
United States,US,OMB,Office of Management and Budget,,Milestone,Policy,2022,2022,M-23-02 Cryptographic Inventory,OMB Memorandum requiring federal agencies to submit cryptographic system inventories per NSM-10.,https://www.whitehouse.gov/wp-content/uploads/2022/11/M-23-02-M-Memo-on-Migrating-to-Post-Quantum-Cryptography.pdf,2022-11-18,New
United States,US,Congress,United States Congress,,Milestone,Policy,2022,2022,Quantum Computing Cybersecurity Preparedness Act,H.R.7535 signed into law requiring OMB to prioritize federal agency migration to PQC.,https://www.congress.gov/bill/117th-congress/house-bill/7535,2022-12-21,New
United States,US,NSA,National Security Agency,,Milestone,Policy,2022,2022,CNSA 2.0 Published,NSA publishes Commercial National Security Algorithm Suite 2.0 with quantum-resistant algorithm requirements.,https://media.defense.gov/2022/Sep/07/2003071834/-1/-1/0/CSA_CNSA_2.0_ALGORITHMS_.PDF,2022-09-07,Validated
United States,US,NSA,National Security Agency,,Phase,Migration,2022,2025,Software/Firmware Signing Transition,Begin transitioning immediately; support and prefer CNSA 2.0 by 2025 for software and firmware signing.,https://media.defense.gov/2022/Sep/07/2003071834/-1/-1/0/CSA_CNSA_2.0_ALGORITHMS_.PDF,2022-09-07,Validated
United States,US,NIST/NSA,National Institute of Standards and Technology / NSA,,Phase,Discovery,2022,2026,Cryptographic Inventory,Federal agencies perform comprehensive cryptographic inventory using ACDI tools per NSM-10.,https://www.whitehouse.gov/briefing-room/presidential-actions/2022/05/04/national-security-memorandum-on-promoting-united-states-leadership-in-quantum-computing-and-mitigating-risks-to-vulnerable-cryptographic-systems/,2022-05-04,Validated
United States,US,NIST,National Institute of Standards and Technology,https://www.nist.gov/themes/custom/nist_www/logo.svg,Milestone,Standardization,2024,2024,"FIPS 203, 204, 205 Published","NIST releases the first set of PQC standards for ML-KEM (FIPS 203), ML-DSA (FIPS 204), and SLH-DSA (FIPS 205). Effective August 14, 2024.",https://csrc.nist.gov/pubs/fips/203/final,2024-08-13,Validated
United States,US,NIST,National Institute of Standards and Technology,https://www.nist.gov/themes/custom/nist_www/logo.svg,Milestone,Guidance,2024,2024,NIST IR 8547 Transition Guidance (Draft),"NIST publishes Initial Public Draft guidance for transition to PQC standards, proposing deprecation timelines.",https://csrc.nist.gov/pubs/ir/8547/ipd,2024-11-12,Validated
United States,US,White House,Executive Office of the President,,Milestone,Policy,2024,2024,PQC Report to Congress,White House publishes July 2024 Report on Post-Quantum Cryptography estimating $7.1B government-wide migration cost (2025-2035).,https://bidenwhitehouse.archives.gov/wp-content/uploads/2024/07/REF_PQC-Report_FINAL_Send.pdf,2024-07-01,Validated
United States,US,NSA,National Security Agency,,Milestone,Policy,2024,2024,CNSA 2.0 Version 2.1,NSA releases updated CNSA 2.0 v2.1 with refined guidance and clarifications.,https://media.defense.gov/2022/Sep/07/2003071834/-1/-1/0/CSA_CNSA_2.0_ALGORITHMS_.PDF,2024-12-01,New
United States,US,CISA,Cybersecurity and Infrastructure Security Agency,,Milestone,Guidance,2024,2024,Automated PQC Discovery Strategy,CISA publishes Strategy for Migrating to Automated Post-Quantum Cryptography Discovery and Inventory Tools.,https://www.cisa.gov/sites/default/files/2024-09/Strategy-for-Migrating-to-Automated-PQC-Discovery-and-Inventory-Tools.pdf,2024-09-01,Validated
United States,US,CISA,Cybersecurity and Infrastructure Security Agency,,Milestone,Guidance,2024,2024,PQC Considerations for OT,CISA publishes Post-Quantum Considerations for Operational Technology guidance for critical infrastructure.,https://www.cisa.gov/sites/default/files/2024-10/Post-Quantum%20Considerations%20for%20Operational%20Technology%20(508).pdf,2024-10-01,Validated
United States,US,NSA,National Security Agency,,Phase,Migration,2024,2025,Web/Cloud Services Transition,Support and prefer CNSA 2.0 by 2025 for web browsers/servers and cloud services.,https://media.defense.gov/2022/Sep/07/2003071834/-1/-1/0/CSA_CNSA_2.0_ALGORITHMS_.PDF,2022-09-07,Validated
United States,US,NSA,National Security Agency,,Phase,Migration,2024,2026,Traditional Networking Transition,"Support and prefer CNSA 2.0 by 2026 for traditional networking equipment (VPNs, routers).",https://media.defense.gov/2022/Sep/07/2003071834/-1/-1/0/CSA_CNSA_2.0_ALGORITHMS_.PDF,2022-09-07,Validated
United States,US,NIST,National Institute of Standards and Technology,https://www.nist.gov/themes/custom/nist_www/logo.svg,Milestone,Standardization,2025,2025,HQC Selected as Fifth Algorithm,NIST selects HQC (Hamming Quasi-Cyclic) as backup KEM algorithm based on code-based cryptography.,https://www.nist.gov/news-events/news/2025/03/nist-selects-hqc-fifth-algorithm-post-quantum-encryption,2025-03-11,Validated
United States,US,White House,Executive Office of the President,,Milestone,Policy,2025,2025,Executive Order 14144,"Biden administration EO on cybersecurity including PQC provisions, issued January 16, 2025.",https://www.federalregister.gov/documents/2025/01/17/2025-01470/strengthening-and-promoting-innovation-in-the-nations-cybersecurity,2025-01-16,New
United States,US,White House,Executive Office of the President,,Milestone,Policy,2025,2025,EO 14144 Modified,Trump administration modifies Executive Order 14144 on June 6 2025 while retaining PQC migration provisions.,https://quantumcomputingreport.com/president-trump-modifies-executive-order-14144-for-government-pqc-migration/,2025-06-06,New
United States,US,NIST,National Institute of Standards and Technology,https://www.nist.gov/themes/custom/nist_www/logo.svg,Milestone,Standardization,2025,2025,IR 8547 Public Comments Published,"NIST publishes all public comments received on IR 8547 draft. Comment period closed January 10, 2025. Final version in development.",https://csrc.nist.gov/files/pubs/ir/8547/ipd/docs/nist-ir-8547-ipd-comments-received.pdf,2025-01-10,New
United States,US,NIST,National Institute of Standards and Technology,https://www.nist.gov/themes/custom/nist_www/logo.svg,Milestone,Standardization,2025,2025,FIPS 206 (FN-DSA) Draft Submitted,NIST submits draft standard for FN-DSA (FIPS 206) based on FALCON algorithm for approval. Initial Public Draft expected Q4 2025. Final standard expected late 2026/early 2027.,https://www.digicert.com/blog/quantum-ready-fndsa-nears-draft-approval-from-nist,2025-08-28,New
United States,US,NIST,National Institute of Standards and Technology,https://www.nist.gov/themes/custom/nist_www/logo.svg,Milestone,Standardization,2025,2025,Sixth PQC Standardization Conference,"NIST holds Sixth PQC Standardization Conference in September 2025 to discuss algorithm updates, FIPS 206, and migration guidance.",https://csrc.nist.gov/presentations/2025/fips-206-fn-dsa-falcon,2025-09-25,New
United States,US,NIST NCCoE,NIST National Cybersecurity Center of Excellence,,Milestone,Guidance,2025,2025,CSWP 48 PQC Migration Mappings Draft,"NCCoE publishes initial draft of Cybersecurity White Paper 48 - Mappings of Migration to PQC Project Capabilities to Risk Framework Documents (CSF 2.0, SP 800-53). Comment period closed October 20, 2025.",https://www.nist.gov/news-events/news/2025/09/new-draft-white-paper-pqc-migration-mappings-risk-framework-docs,2025-09-01,New
United States,US,NSA,National Security Agency,,Phase,Migration,2025,2027,Operating Systems Transition,Support and prefer CNSA 2.0 by 2027 for operating systems.,https://media.defense.gov/2022/Sep/07/2003071834/-1/-1/0/CSA_CNSA_2.0_ALGORITHMS_.PDF,2022-09-07,Validated
United States,US,CISA,Cybersecurity and Infrastructure Security Agency,,Phase,Discovery,2025,2027,ACDI Deployment Phase,Federal agencies deploy Automated Cryptographic Discovery and Inventory (ACDI) tools per CISA strategy to complete cryptographic inventories.,https://www.cisa.gov/sites/default/files/2024-09/Strategy-for-Migrating-to-Automated-PQC-Discovery-and-Inventory-Tools.pdf,2024-09-01,New
United States,US,NIST NCCoE,NIST National Cybersecurity Center of Excellence,,Phase,Testing,2025,2028,PQC Interoperability Testing,NCCoE performs interoperability testing of standardized PQC algorithms in common protocols.,https://www.nccoe.nist.gov/crypto-agility-considerations-migrating-post-quantum-cryptographic-algorithms,2024-01-01,Validated
United States,US,NSA,National Security Agency,,Phase,Migration,2025,2033,Large PKI Systems Migration,Migration of large public key infrastructure systems to CNSA 2.0 algorithms.,https://media.defense.gov/2022/Sep/07/2003071834/-1/-1/0/CSA_CNSA_2.0_ALGORITHMS_.PDF,2022-09-07,Validated
United States,US,NIST,National Institute of Standards and Technology,https://www.nist.gov/themes/custom/nist_www/logo.svg,Milestone,Standardization,2027,2027,HQC Standard Finalized (Expected),Final standard incorporating HQC algorithm expected to be published approximately one year after draft.,https://www.nist.gov/news-events/news/2025/03/nist-selects-hqc-fifth-algorithm-post-quantum-encryption,2025-03-11,Validated
United States,US,NSA,National Security Agency,,Milestone,Deadline,2027,2027,NSS Acquisitions CNSA 2.0 Required,New National Security Systems acquisitions must be CNSA 2.0 compliant starting January 2027.,https://media.defense.gov/2022/Sep/07/2003071836/-1/-1/0/CSI_CNSA_2.0_FAQ_.PDF,2024-12-01,Validated
United States,US,NSA,National Security Agency,,Milestone,Deadline,2030,2030,112-bit Security Deprecated,"Legacy algorithms offering less than 112-bit security (e.g., RSA-2048) deprecated per NIST IR 8547.",https://csrc.nist.gov/pubs/ir/8547/ipd,2024-11-12,Validated
United States,US,NSA,National Security Agency,,Milestone,Deadline,2030,2030,CNSA 2.0 Exclusive - Network/Signing,Exclusively use CNSA 2.0 for software/firmware signing and traditional networking equipment.,https://media.defense.gov/2022/Sep/07/2003071834/-1/-1/0/CSA_CNSA_2.0_ALGORITHMS_.PDF,2022-09-07,Validated
United States,US,NSA,National Security Agency,,Milestone,Deadline,2031,2031,NSS Quantum Resistant Majority,Vast majority of cryptography in National Security Systems should be quantum resistant.,https://media.defense.gov/2022/Sep/07/2003071836/-1/-1/0/CSI_CNSA_2.0_FAQ_.PDF,2024-12-01,Validated
United States,US,NSA,National Security Agency,,Milestone,Deadline,2033,2033,CNSA 2.0 Exclusive - OS/Web/Cloud,"Exclusively use CNSA 2.0 for web browsers/servers, cloud services, operating systems, and large PKI systems.",https://media.defense.gov/2022/Sep/07/2003071834/-1/-1/0/CSA_CNSA_2.0_ALGORITHMS_.PDF,2022-09-07,Validated
United States,US,NSA,National Security Agency,,Milestone,Deadline,2035,2035,Full CNSA 2.0 Transition Complete,Complete transition to CNSA 2.0 algorithms for all National Security Systems (NSS).,https://media.defense.gov/2022/Sep/07/2003071834/-1/-1/0/CSA_CNSA_2.0_ALGORITHMS_.PDF,2022-09-07,Validated
US,US,CISA,Cybersecurity and Infrastructure Security Agency,,Deadline,Federal Mandate,2025,2025,CISA PQC Product Category List Publication,"CISA released initial list of product categories supporting PQC per Executive Order. List developed with ATARC covering data management, networking, and enterprise endpoint security. Products must be generally available, FIPS-compliant, and interoperable.",https://www.cisa.gov/quantum,2025-12-01,Completed
US,US,NSA,National Security Agency,,Deadline,NSS Compliance,2025,2025,CNSA 1.0 Compliance Deadline for NSS,"All existing National Security Systems must be CNSA 1.0 compliant  or submit waiver request by end of year. Systems not compliant have 6 months to achieve CNSA 2.0 compliance or request waiver.", https://media.defense.gov/2022/Sep/07/2003071836/-1/-1/0/CSI_CNSA_2.0_FAQ_.PDF,2025-12-31,In Progress
MY,MY,PKI Consortium,Public Key Infrastructure Consortium,,Milestone,International Coordination,2025,2025,PKI Consortium PQC Conference 2025 Conclusions,"World's largest PQC conference concluded in Kuala Lumpur with 2500+ delegates from 30+ countries. Issued urgent global call for immediate action on PQC migration. Next conference announced for Germany 2026.", https://pkic.org/2025/11/04/post-quantum-cryptography-conference-2025-concludes-with-urgent-call-for-global-migration-to-quantum-resistant-encryption-systems/,2025-11-03,Completed
DE,DE,BSI,Bundesamt für Sicherheit in der Informationstechnik,,Milestone,National Initiative,2025,2025,Germany Quantum-Secure ID Card Demonstrator,"BSI and Bundesdruckerei announced demonstrator project for quantum-secure ID card chips. President Claudia Plattner stated PQC essential with 2030 quantum computer capability assumption.",https://www.bsi.bund.de/,2025-11-13,Announced
US,US,Microsoft,Microsoft Corporation,,Milestone,Industry Implementation,2025,2025,NIST PQC Algorithms in Windows Platform,"Microsoft announced general availability of NIST post-quantum cryptography algorithms ML-KEM and ML-DSA in Windows 11 and Windows Server 2025 via November 2025 update  enabling enterprise PQC adoption.",https://www.microsoft.com/en-us/security/blog/,2025-11-01,Completed
US,US,SEALSQ,SEALSQ Corp,,Milestone,Industry Implementation,2025,2025,US Post-Quantum Root of Trust Service Launch,"SEALSQ launched US-based Post-Quantum Root of Trust service for enterprises and government agencies aligned with NIST PQC standards and NSA CNSA 2.0 framework integrating with Quantum Shield QS7001 hardware.", https://quantumcomputingreport.com/news/,2025-11-21,Completed