Name,Country,Role,Organization,Type,Category,Contribution,ImageUrl,WebsiteUrl,LinkedinUrl,KeyResourceUrl,trusted_source_id
Dr. Jérôme Notin,France,CEO,GIP ACYMA (cybermalveillance.gouv.fr),Public,Government,CEO of GIP ACYMA which operates cybermalveillance.gouv.fr; leads France's national cyber victim assistance platform; promotes quantum-safe awareness for SMEs and individuals.,https://ui-avatars.com/api/?name=Jerome+Notin&background=0b0d17&color=22d3ee&size=128&bold=true,https://www.cybermalveillance.gouv.fr/,https://www.linkedin.com/in/jeromenotin/,ANSSI PQC Position Paper;ANSSI-PQC-FAQ-2025,
Andrei Gurtov,Sweden,Full Professor,Linköping University,Academic,Standards,Full Professor at Linköping University and adjunct professor at Aalto University and University of Helsinki; research in network security and PQC protocol design; contributes to quantum-safe communications standards.,https://ui-avatars.com/api/?name=Andrei+Gurtov&background=0b0d17&color=60a5fa&size=128&bold=true,https://liu.se/,https://www.linkedin.com/in/andrei-gurtov-9386a21/,IETF RFC 9370;IETF RFC 8784,
Dr. Martin Albrecht,United Kingdom,Professor,King's College London;SandboxAQ,Academic,Industry Vendor,Professor of Cybersecurity and Chair of Cryptography at King's College London; Research Scientist at SandboxAQ; leading PQC cryptanalysis expert who broke several NIST PQC candidates during the standardization process.,https://ui-avatars.com/api/?name=Martin+Albrecht&background=0b0d17&color=a78bfa&size=128&bold=true,https://resquant.com/,https://www.linkedin.com/in/martin-albrecht-42a74b95/,FIPS 203;FIPS 204;NIST IR 8413,
Dr. Scott Aaronson,United States,Professor,University of Texas Austin,Academic,Standards,Leading quantum computing theorist; contributes to understanding quantum threats to cryptography; authored 'Quantum Computing Since Democritus'.,https://ui-avatars.com/api/?name=Scott+Aaronson&background=0b0d17&color=60a5fa&size=128&bold=true,https://www.scottaaronson.com/,https://www.linkedin.com/in/scott-aaronson-ab83933a0/,NIST IR 8105;GRI-Quantum-Threat-Timeline-2025,
Dr. Nadia Heninger,United States,Professor,UC San Diego,Academic,Algorithm Inventor,Cryptanalysis expert at University of San Diego Crypto Group; discovered vulnerabilities in RSA and random number generation; PQC security analysis.,https://ui-avatars.com/api/?name=Nadia+Heninger&background=0b0d17&color=f59e0b&size=128&bold=true,https://cseweb.ucsd.edu/~nadiah/,https://www.linkedin.com/in/nadia-heninger-87578a5/,NIST IR 8105;NIST IR 8413,
Dr. Emmanuelle Encrenaz,France,Associate Professor,Sorbonne Université (LIP6/CNRS),Academic,Standards,Associate Professor at Sorbonne Université affiliated with LIP6/CNRS; PQCrypto steering committee member; contributes to international PQC standardization and research on algebraic and post-quantum cryptography.,https://ui-avatars.com/api/?name=Emmanuelle+Encrenaz&background=0b0d17&color=60a5fa&size=128&bold=true,https://www.lip6.fr/,https://www.linkedin.com/in/emmanuelle-encrenaz-34012b58/,ANSSI PQC Position Paper;NIST IR 8413,
Prof. Edoardo Persichetti,United States,Associate Professor,Florida Atlantic University,Academic,Standards,Associate Professor at Florida Atlantic University; Director of the Center for Cryptology and Information Security; PQCrypto steering committee member; expert in code-based PQC algorithm development and lattice cryptography.,https://ui-avatars.com/api/?name=Edoardo+Persichetti&background=0b0d17&color=60a5fa&size=128&bold=true,https://www.fau.edu/,https://www.linkedin.com/in/edoardo-persichetti-56a92a8b/,NIST IR 8545;NIST IR 8413,
Dr. Dustin Moody,United States,PQC Standardization Lead,NIST,Public,Government,Led NIST's eight-year standardization effort; oversaw evaluation of 82 algorithms; directed finalization of FIPS 203/204/205 (Aug 2024); selected HQC (Mar 2025).,https://ui-avatars.com/api/?name=Dustin+Moody&background=0b0d17&color=22d3ee&size=128&bold=true,https://csrc.nist.gov/projects/post-quantum-cryptography,https://www.linkedin.com/in/dustin-moody-88410550/,NIST IR 8413;FIPS 203,
Dr. Lily Chen,United States,NIST Fellow; Former Manager Cryptographic Technology Group,NIST,Public,Government,Co-architect of NIST's PQC standardization; co-authored foundational NISTIR 8105; 30+ years cryptography experience; leads NIST-ITU liaison.,https://ui-avatars.com/api/?name=Lily+Chen&background=0b0d17&color=22d3ee&size=128&bold=true,https://www.nist.gov/people/lily-chen,https://www.linkedin.com/in/lily-lidong-chen-2666761/,FIPS 203;FIPS 204;FIPS 205,
Ollie Whitehouse,United Kingdom,Chief Technology Officer,NCSC (UK),Public,Government,"First-ever NCSC CTO (Oct 2023); published three-phase PQC migration roadmap (Mar 2025) with 2035 deadline: identify by 2028, upgrade by 2031, complete by 2035; launched assured PQC consultancy scheme; endorsed NIST algorithms.",https://ui-avatars.com/api/?name=Ollie+Whitehouse&background=0b0d17&color=22d3ee&size=128&bold=true,https://www.ncsc.gov.uk/,https://www.linkedin.com/in/olliewhitehouse/,UK NCSC PQC Guidance;UK-NCSC-Migration-Timelines-2025;UK-NCSC-PQC-Whitepaper-2024,
Vincent Strubel,France,Director General,ANSSI (France),Public,Government,"Led overall French PQC strategy; ANSSI to require PQC in all products for qualification from 2027; oversaw first PQC certifications (Thales MultiApp 5.2, Samsung S3SSE2A, 2025); IPsec DR PQC update planned 2026.",https://ui-avatars.com/api/?name=Vincent+Strubel&background=0b0d17&color=22d3ee&size=128&bold=true,https://cyber.gouv.fr/en/,https://www.linkedin.com/in/vincent-strubel-7b7056200/,ANSSI PQC Position Paper;ANSSI-PQC-FAQ-2025;ANSSI-PQC-Position-2022;EU-BSI-PQC-Joint-Statement-2024,
Claudia Plattner,Germany,President,BSI (Germany),Public,Government,"Since July 2023 led BSI's quantum-safe initiatives; initiated joint PQC statement with 18 EU member states (Nov 2024); oversaw world-first quantum-secure ID card with Bundesdruckerei, G+D, and Infineon (Nov 2025).",https://ui-avatars.com/api/?name=Claudia+Plattner&background=0b0d17&color=22d3ee&size=128&bold=true,https://www.bsi.bund.de/,https://www.linkedin.com/in/claudiaplattner/,BSI TR-02102-1;BSI-AIS-20-31;BSI-ANSSI-QKD-Position-2024;EU-BSI-PQC-Joint-Statement-2024,
Dr. Stephan Ehlen,Germany,Expert Quantum Technologies and PQC,BSI (Germany),Public,Government,"Presented BSI's PQC policy at international conferences; developed recommendations for FrodoKEM, Classic McEliece, XMSS, LMS.",https://ui-avatars.com/api/?name=Stephan+Ehlen&background=0b0d17&color=22d3ee&size=128&bold=true,https://www.bsi.bund.de/,https://www.linkedin.com/in/stephan-ehlen/,BSI TR-02102-1;BSI-AIS-20-31;BSI-ANSSI-QKD-Position-2024;EU-BSI-PQC-Joint-Statement-2024,
Juhan Lepassaar,European Union,Executive Director,ENISA,Public,Government,Oversaw publication of key ENISA PQC reports (2021-2022); hosted Threathunt 2030 Conference; coordinated EU-wide PQC guidance.,https://ui-avatars.com/api/?name=Juhan+Lepassaar&background=0b0d17&color=22d3ee&size=128&bold=true,https://www.enisa.europa.eu/,https://www.linkedin.com/in/juhan-lepassaar-961205340/,ENISA PQC Guidelines;ENISA-EUDI-Wallet-Security;EU-NIS-CG-Roadmap-v1.1;EUCC v2.0 ACM,
Dr. Vadim Lyubashevsky,United States,Principal Research Scientist,IBM Research Europe Zurich,Academic,Algorithm Inventor,Principal designer of both Kyber (ML-KEM) and Dilithium (ML-DSA); authored foundational lattice cryptography tutorials.,https://ui-avatars.com/api/?name=Vadim+Lyubashevsky&background=0b0d17&color=f59e0b&size=128&bold=true,https://researcher.watson.ibm.com/researcher/view.php?person=zurich-VAD,https://www.linkedin.com/in/vadim-lyubashevsky-13b8142/,FIPS 203;FIPS 204,
Prof. Dr. Léo Ducas,France,Senior Researcher; Professor,CWI Amsterdam; Leiden University,Academic,Algorithm Inventor,"Co-designer of Kyber, Dilithium, NewHope, Frodo; leading expert on lattice cryptanalysis; USENIX/Facebook Internet Defense Prize recipient.",https://ui-avatars.com/api/?name=Leo+Ducas&background=0b0d17&color=f59e0b&size=128&bold=true,https://homepages.cwi.nl/~ducas/,https://www.linkedin.com/in/leo-ducas-28b6a04a/,FIPS 203;FIPS 204,
Prof. Dr. Eike Kiltz,Germany,Professor,Ruhr University Bochum,Academic,Algorithm Inventor,Co-designer of Kyber and Dilithium; developed security proofs for lattice-based schemes.,https://ui-avatars.com/api/?name=Eike+Kiltz&background=0b0d17&color=f59e0b&size=128&bold=true,https://informatik.rub.de/kiltz/,https://www.linkedin.com/in/eike-kiltz-24b167387/,FIPS 203;FIPS 204,
Prof. Dr. Andreas Hülsing,Germany,Associate Professor,TU Eindhoven; SandboxAQ,Academic,Algorithm Inventor,Team leader and primary submitter for SPHINCS+; inventor of WOTS+ and XMSS; extensive publications on hash-based signatures.,https://ui-avatars.com/api/?name=Andreas+Hulsing&background=0b0d17&color=f59e0b&size=128&bold=true,https://huelsing.net/wordpress/?page_id=5,https://www.linkedin.com/in/andreas-huelsing-b7868874/,FIPS 205,
Prof. Dr. Gilles Zémor,France,Professor,Institut de Mathématiques de Bordeaux,Academic,Algorithm Inventor,Co-designer of HQC; expertise in coding theory and efficient error-correcting codes.,https://ui-avatars.com/api/?name=Gilles+Zemor&background=0b0d17&color=f59e0b&size=128&bold=true,https://www.math.u-bordeaux.fr/,https://www.linkedin.com/in/gilles-zémor-a02292b/,FIPS-207-HQC,
Todd Moore,France,Global VP Data Security Products,Thales,Private,Industry Vendor,Leads Luna HSMs and High Speed Encryptors; launched PQC Starter Kit with Quantinuum (Jan 2024); Thales co-authored FALCON algorithm.,https://ui-avatars.com/api/?name=Todd+Moore&background=0b0d17&color=a78bfa&size=128&bold=true,https://cpl.thalesgroup.com/,https://www.linkedin.com/in/todd-moore-a21a143/,HSBC-InfoSecGlobal-Thales-CryptographicInventory-2025;Samsung-Thales-ML-KEM-eSE-2026,
Dr. Douglas Stebila,Canada,Professor,University of Waterloo,Academic,Standards,Lead author of draft-ietf-tls-hybrid-design (TLS 1.3 hybrid key exchange); co-author of ECDHE-MLKEM drafts; foundational PQC TLS research.,https://ui-avatars.com/api/?name=Douglas+Stebila&background=0b0d17&color=60a5fa&size=128&bold=true,https://www.douglas.stebila.ca/,https://www.linkedin.com/in/douglasstebila/,draft-ietf-tls-ecdhe-mlkem-04,
Prof. Dr. Heung Youl Youm,South Korea,Former Chair ITU-T SG17 (2017-2024),Soonchunhyang University,Academic,Standards,Led ITU-T SG17 security standardization including QKD and PQC work for 7 years.,https://ui-avatars.com/api/?name=Heung+Youl+Youm&background=0b0d17&color=60a5fa&size=128&bold=true,https://www.sch.ac.kr/,https://www.linkedin.com/in/heung-youl-youm-77868412/,KpqC-Competition-Results;ETSI-GR-QSC-001,
Prof. Dr. Michele Mosca,Canada,Founder Institute for Quantum Computing; Professor,University of Waterloo; evolutionQ,Academic,Standards,PC Chair of ETSI/IQC Quantum Safe events; founder of IQC; global PQC advocacy leader; developed Mosca's theorem for quantum risk assessment.,https://ui-avatars.com/api/?name=Michele+Mosca&background=0b0d17&color=60a5fa&size=128&bold=true,https://uwaterloo.ca/institute-for-quantum-computing/,https://www.linkedin.com/in/dr-mosca/,GRI-Quantum-Threat-Timeline-2024;GRI-Quantum-Threat-Timeline-2025,
Rachel Noble,Australia,Former Director-General,ASD (Australia),Public,Government,Director-General of ASD (2020–Sep 2024); oversaw Australia's PQC strategy and quantum computing investments; coordinated Five Eyes quantum security initiatives; succeeded by Abigail Bradshaw (Sep 2024).,https://ui-avatars.com/api/?name=Rachel+Noble&background=0b0d17&color=22d3ee&size=128&bold=true,https://www.asd.gov.au/,https://www.linkedin.com/in/rachel-noble-908766324/,AU-ASD-ISM-Crypto-2024,
Sami Khoury,Canada,Senior Official for Cyber Security; Former Head CCCS,Government of Canada,Public,Government,Canada's Senior Official for Cyber Security (from Sep 2024); former Head of the Canadian Centre for Cyber Security (CCCS); led Canadian cybersecurity strategy including PQC transition guidance; published ITSAP.00.017 on quantum-safe migration.,https://ui-avatars.com/api/?name=Sami+Khoury&background=0b0d17&color=22d3ee&size=128&bold=true,https://cyber.gc.ca/,https://www.linkedin.com/in/sami-khoury-1a263422/,CA-TBS-SPIN-PQC-2025,
Dr. Jintai Ding,United States,Professor Emeritus; Dean,University of Cincinnati; Xi'an Jiaotong-Liverpool University,Academic,Algorithm Inventor,Charles Phelps Taft Distinguished Professor Emeritus at University of Cincinnati; Dean of the School of Mathematics and Physics at Xi'an Jiaotong-Liverpool University (XJTLU); co-designer of RAINBOW (broken by Ward Beullens 2022); expert in multivariate cryptography.,https://ui-avatars.com/api/?name=Jintai+Ding&background=0b0d17&color=f59e0b&size=128&bold=true,https://homepages.uc.edu/~dingjt/,https://www.linkedin.com/in/jintai-ding-865b631b/,NIST IR 8413;NIST IR 8309,
Dr. Gorjan Alagic,United States,Associate Research Scientist; Guest Researcher,QuICS (University of Maryland); NIST,Academic,Algorithm Inventor,Associate Research Scientist at QuICS (University of Maryland) and Guest Researcher at NIST; co-editor of NISTIR 8413 on quantum security; extensive work on quantum algorithms and PQC security proofs.,https://ui-avatars.com/api/?name=Gorjan+Alagic&background=0b0d17&color=f59e0b&size=128&bold=true,https://www.nist.gov/,https://www.linkedin.com/in/gorjan-alagic/,NIST IR 8413,
Bruce Schneier,United States,Security Technologist; Author,Harvard Kennedy School,Academic,Standards,Public interest technology fellow; cybersecurity thought leader; extensive writing on quantum threats and PQC transition; advocate for open standards.,https://ui-avatars.com/api/?name=Bruce+Schneier&background=0b0d17&color=60a5fa&size=128&bold=true,https://www.schneier.com/,,NIST IR 8105;NIST CSWP 39,
Dr. Johannes Buchmann,Germany,Professor Emeritus,TU Darmstadt,Academic,Standards,Founder of European PQC research; established TU Darmstadt's cryptography group; extensive contributions to code-based and lattice cryptography education.,https://ui-avatars.com/api/?name=Johannes+Buchmann&background=0b0d17&color=60a5fa&size=128&bold=true,https://www.cryptoplexity.de/,https://www.linkedin.com/in/johannes-buchmann-6b9a18221/,IETF RFC 8391;NIST SP 800-208;FIPS 205,
Dr. Rainer Steinwandt,United States,Professor,Florida Atlantic University,Academic,Standards,Focuses on quantum-safe protocols and implementations; research on PQC in constrained environments; contributor to IoT security standards.,https://ui-avatars.com/api/?name=Rainer+Steinwandt&background=0b0d17&color=60a5fa&size=128&bold=true,https://www.fau.edu/,https://www.linkedin.com/in/rainer-steinwandt-02849412/,draft-ietf-pquip-pqc-engineers-14;NIST IR 8413,
Dr. Nikita Borisov,United States,Professor,University of Illinois,Academic,Standards,Research on PQC in real-world protocols; contributor to secure messaging systems; extensive work on hybrid encryption schemes.,https://ui-avatars.com/api/?name=Nikita+Borisov&background=0b0d17&color=60a5fa&size=128&bold=true,https://ece.illinois.edu/,https://www.linkedin.com/in/nikitaborisov/,draft-ietf-tls-hybrid-design-16;IETF RFC 9180,
Jaime Gomez Garcia,Spain,Head of Quantum Technologies,Banco Santander,Private,Industry Adopter,Pioneer in financial-sector PQC adoption; leads Santander's quantum-safe cryptography strategy; active in ETSI QSC working group and IBM Quantum Network; promotes quantum risk awareness across global banking.,https://ui-avatars.com/api/?name=Jaime+Gomez+Garcia&background=0b0d17&color=a78bfa&size=128&bold=true,https://www.santander.com/,https://www.linkedin.com/in/jaime-gomez-garcia/,Europol-FS-ISAC-PQC-Financial-2026;BIS-Paper-158,
Bill Newhouse,United States,Cybersecurity Engineer,NIST NCCoE,Public,Government,Project lead for NIST NCCoE PQC migration practice guides (SP 1800-38 series); co-authored NIST IR 8547 on interoperability and FIPS 203/204/205 adoption; drives federal agency quantum-safe readiness.,https://ui-avatars.com/api/?name=Bill+Newhouse&background=0b0d17&color=22d3ee&size=128&bold=true,https://www.nccoe.nist.gov/,https://www.linkedin.com/in/cybernewhouse/,FIPS 203;FIPS 204;FIPS 205;NIST NCCoE SP 1800-38A;NIST NCCoE SP 1800-38B,
Blair Canavan,Canada,Director of Alliances – PKI and PQC Portfolio,Thales,Private,Industry Vendor,"Leads Thales PQC Partner Ecosystem and Quantum-Safe 360 Alliance (with IBM Consulting, Keyfactor, Quantinuum) to accelerate enterprise quantum-safe migrations; 30+ years of cybersecurity expertise driving crypto-agility readiness.",https://ui-avatars.com/api/?name=Blair+Canavan&background=0b0d17&color=a78bfa&size=128&bold=true,https://cpl.thalesgroup.com/,https://www.linkedin.com/in/blair-canavan-5b708a2/,HSBC-InfoSecGlobal-Thales-CryptographicInventory-2025;Samsung-Thales-ML-KEM-eSE-2026,
Fabiana Da Pieve,Italy,Programme and Policy Officer,European Commission (DG CNECT),Public,Government,Designs EU-wide PQC deployment policy at DG CNECT; co-leads the NIS cooperation group PQC workstream coordinating member-state quantum-safe transitions; bridges quantum physics research with cryptographic security policy including EuroQCI.,https://ui-avatars.com/api/?name=Fabiana+Da+Pieve&background=0b0d17&color=22d3ee&size=128&bold=true,https://digital-strategy.ec.europa.eu/,https://www.linkedin.com/in/fabiana-da-pieve-585b132a/,EU PQC Recommendation;EU-NIS-CG-Roadmap-v1.1;EUDI-Wallet-ARF,
Prof Bill Buchanan OBE,United Kingdom,Professor of Applied Cryptography,Edinburgh Napier University,Academic,Standards,Creator of asecuritysite.com with 30+ books and 400+ research papers on PQC; OBE for services to cybersecurity (2017); FRSE; Top 2% of scientists globally (Stanford 2025); Times Higher Education 'Most Innovative Teacher' 2023; vocal advocate for FIPS 203/204/205 adoption.,https://ui-avatars.com/api/?name=Bill+Buchanan&background=0b0d17&color=60a5fa&size=128&bold=true,https://asecuritysite.com/,https://www.linkedin.com/in/billatnapier/,FIPS 203;FIPS 204;FIPS 205,
Éric Brier,France,CTO Cyber Defence Solutions,Thales Group,Private,Algorithm Inventor,CTO at Thales leading the team that co-designed FALCON (FIPS 206); Thales lab co-author of FALCON signature algorithm selected by NIST as PQC standard after six-year competition; research background in fault attacks and cryptographic implementations.,https://ui-avatars.com/api/?name=Eric+Brier&background=0b0d17&color=f59e0b&size=128&bold=true,https://www.thalesgroup.com/,https://www.linkedin.com/in/ericbrier/,FIPS 206,
Damien Stehlé,France,Professor; CryptoLab Research Director,ENS de Lyon; CryptoLab,Academic,Algorithm Inventor,"Co-designed ML-KEM (CRYSTALS-Kyber) and ML-DSA (CRYSTALS-Dilithium), two of three NIST PQC standards published in 2024. Founded CryptoLab's Lyon research center. ERC grant recipient for lattice-based cryptography research (LattAC project).",https://ui-avatars.com/api/?name=Damien+Stehle&background=0b0d17&color=10b981&size=128&bold=true,https://perso.ens-lyon.fr/damien.stehle/,https://www.linkedin.com/in/damien-stehl%C3%A9-0576351/,FIPS 203;FIPS 204,
Pierre-Alain Fouque,France,Professor,Université de Rennes; IRISA/Inria,Academic,Algorithm Inventor,"Co-designer of FALCON (FN-DSA), NIST's lattice-based signature standard. Leads the CAPSULE team at IRISA/Inria focused on embedded security and cryptography. Coordinates the PQ-TLS project developing post-quantum HTTPS protocols.",https://ui-avatars.com/api/?name=Pierre-Alain+Fouque&background=0b0d17&color=10b981&size=128&bold=true,https://www.di.ens.fr/~fouque/,https://www.linkedin.com/in/pierre-alain-fouque-42b3841/,FIPS 206,
Adeline Roux-Langlois,France,CNRS Directrice de recherche,GREYC; Université de Caen Normandie,Academic,Standards,Specialist in lattice-based cryptography security proofs. Key contributions to post-quantum anonymous credentials (CRYPTO 2023) and practical post-quantum privacy signatures (ACM CCS 2024). PhD from ENS de Lyon under Damien Stehlé.,https://ui-avatars.com/api/?name=Adeline+Roux-Langlois&background=0b0d17&color=10b981&size=128&bold=true,https://langloi227.users.greyc.fr/,,FIPS 203;FIPS 204;ANSSI PQC Position Paper,
Daniel J. Bernstein,United States,Research Professor; Personal Professor,University of Illinois Chicago;TU Eindhoven,Academic,Algorithm Inventor,"Coined the term ""post-quantum cryptography"" (2003); co-designed SPHINCS+ (now FIPS 205 / SLH-DSA, NIST standard) with Andreas Hülsing and team; co-designed Classic McEliece (NIST on-ramp finalist, oldest studied code-based KEM); co-designed NTRU Prime; creator of Curve25519, ChaCha20/Poly1305, and NaCl/libsodium cryptographic library.",https://ui-avatars.com/api/?name=Daniel+Bernstein&background=0b0d17&color=f59e0b&size=128&bold=true,https://cr.yp.to/,,FIPS 205,
Prof. Oded Regev,United States,Silver Professor of Computer Science,NYU Courant Institute of Mathematical Sciences,Academic,Algorithm Inventor,"Inventor of Learning With Errors (LWE, 2005) — the foundational hard problem underlying ML-KEM (Kyber) and ML-DSA (Dilithium); proved quantum reduction establishing LWE hardness; 2018 Gödel Prize for LWE work; ACM Fellow 2025; foundational figure in lattice-based cryptography theory.",https://ui-avatars.com/api/?name=Oded+Regev&background=0b0d17&color=f59e0b&size=128&bold=true,https://cims.nyu.edu/~regev/,,FIPS 203;FIPS 204;FIPS 206,
Prof. Tanja Lange,Germany,Full Professor of Cryptology; Chair PQCrypto Steering Committee,TU Eindhoven,Academic,Algorithm Inventor,Full Professor of Cryptology at TU Eindhoven; co-designed NTRU Prime (NIST on-ramp finalist) with Daniel Bernstein; co-authored Classic McEliece papers; co-organized the inaugural PQCrypto workshop (2006) and chairs its steering committee; Scientific Director of Ei/PSI (Eindhoven Institute for Protection of Systems and Information); ERC grant recipient for post-quantum research.,https://ui-avatars.com/api/?name=Tanja+Lange&background=0b0d17&color=f59e0b&size=128&bold=true,https://hyperelliptic.org/tanja/,,NIST IR 8309;NIST IR 8413,
Paul van Brouwershaven,Netherlands,Chair; Founder & CEO,PKI Consortium;Digitorus,Private,Standards,"Chairs the PKI Consortium's Post-Quantum Cryptography Working Group and co-organises the annual PQC Conference series. Authored the PQC Maturity Model (PQCMM), a practical framework adopted by governments and enterprises to assess quantum-readiness and plan migration strategies. Founder and CEO of Digitorus with 25+ years in PKI and digital trust.",https://ui-avatars.com/api/?name=Paul+van+Brouwershaven&background=0b0d17&color=60a5fa&size=128&bold=true,https://www.digitorus.com/,https://www.linkedin.com/in/pvanbrouwershaven/,PKI-Consortium-PQC-2025;RFC 9802;RFC 9810,
Albert de Ruiter,Netherlands,Vice Chair; Policy Authority for PKI (PKIoverheid),PKI Consortium;Logius,Public,Government,"Vice Chair of the PKI Consortium and Policy Authority for PKI at Logius (Dutch Ministry of Internal Affairs); co-founded the PKI Consortium's annual PQC Conference series, a major international forum for PQC standardisation and adoption. Active member of the Dutch government's quantum-safe cryptography working group; teaches quantum-safe digital infrastructure governance at TU Delft.",https://ui-avatars.com/api/?name=Albert+de+Ruiter&background=0b0d17&color=22d3ee&size=128&bold=true,https://pkic.org/,https://www.linkedin.com/in/albert-de-ruiter-0006a83/,PKI-Consortium-PQC-2025;RFC 9802;RFC 9810,
Sven Rajala,United States,Senior PKI & PQC Strategy Consultant,Keyfactor,Private,Industry Vendor,"Senior cybersecurity consultant at Keyfactor specialising in PKI automation and PQC readiness; leads quantum-safe migration strategy for enterprise clients. Hosts the KEYMASTER educational video series covering practical PQC implementation including hybrid certificates, ML-DSA/SLH-DSA signatures, and NIST SP 800-227 KEM guidance. Active presenter at PKI Consortium PQC Conferences.",https://ui-avatars.com/api/?name=Sven+Rajala&background=0b0d17&color=a78bfa&size=128&bold=true,https://www.keyfactor.com/,https://www.linkedin.com/in/international-pki-man-of-mystery/,HSBC-InfoSecGlobal-Thales-CryptographicInventory-2025;RFC 9802;draft-bonnell-lamps-chameleon-certs-07,
Chris Bailey,United States,Board Chair,PKI Consortium;AppViewX,Private,Standards,"Board Chair of the PKI Consortium and founding member of both the CA/Browser Forum and PKI Consortium; a 25+ year digital trust and PKI veteran driving industry-wide quantum-safe readiness. Former SVP at Entrust; advocates urgently for rapid collective migration to post-quantum encryption, stating ""We have no choice but to transition quickly and collectively.""",https://ui-avatars.com/api/?name=Chris+Bailey&background=0b0d17&color=60a5fa&size=128&bold=true,,https://www.linkedin.com/in/christophertmbailey/,PKI-Consortium-PQC-2025;RFC 9802;RFC 9810,
Tomas Gustavsson,Sweden,Chief PKI Officer; Co-Founder,Keyfactor,Private,Industry Vendor,"Created EJBCA, the world's leading open-source enterprise PKI software, which now supports all NIST-standardized PQC algorithms (ML-KEM, ML-DSA, SLH-DSA). As Chief PKI Officer at Keyfactor and co-founder of PrimeKey, he has been a central voice on hybrid certificate migration and practical PQC readiness for enterprise PKI. He actively presents at global conferences and contributes to the PKI Consortium PQC working groups.",https://ui-avatars.com/api/?name=Tomas+Gustavsson&background=0b0d17&color=a78bfa&size=128&bold=true,https://www.keyfactor.com/,https://www.linkedin.com/in/tgustavsson/,HSBC-InfoSecGlobal-Thales-CryptographicInventory-2025;RFC 9802;draft-bonnell-lamps-chameleon-certs-07,
David Hook,Australia,VP Software Engineering; Founder,Legion of the Bouncy Castle,Private,Industry Vendor,"Co-founded the Legion of the Bouncy Castle in 2000 — one of the most widely used open-source cryptographic API libraries in Java and C# — which integrated full NIST PQC standard support (ML-KEM, ML-DSA, SLH-DSA) through 2024. He led the FIPS 140-2/3 certifications of Bouncy Castle's Java and C# APIs and presents extensively on hybrid PQC techniques, stateless PQC digital signatures, and Key Encapsulation Mechanisms. His work makes enterprise-grade PQC accessible to millions of developers globally.",https://ui-avatars.com/api/?name=David+Hook&background=0b0d17&color=a78bfa&size=128&bold=true,https://www.bouncycastle.org/,https://www.linkedin.com/in/david-hook-29b720/,draft-bonnell-lamps-chameleon-certs-07,
Corey Bonnell,United States,Technology Strategist,DigiCert,Private,Standards,"Active co-author in the IETF LAMPS Working Group and originator of the Chameleon Certificates Internet-Draft (draft-bonnell-lamps-chameleon-certs), which enables paired classical/PQC certificate structures for phased quantum migration. He co-authored the IETF PQC for Engineers guidance document and contributes to standardizing how ML-DSA, SLH-DSA, and composite algorithms are encoded in X.509 certificates. He represents DigiCert in CA/Browser Forum, X9, and IETF standards bodies.",https://ui-avatars.com/api/?name=Corey+Bonnell&background=0b0d17&color=60a5fa&size=128&bold=true,https://www.digicert.com/,https://www.linkedin.com/in/coreybonnell/,draft-bonnell-lamps-chameleon-certs-07,
John Gray,Canada,Software Developer (Architect),Entrust,Private,Standards,"Lead co-author of the IETF LAMPS Composite ML-DSA and Composite ML-KEM Internet-Drafts, which define how hybrid classical+PQC algorithms are encoded in X.509 certificates and CMS structures. His composite certificate standards work — together with Mike Ounsworth at Entrust — was adopted into the IETF standards track and represents the primary industry path for backward-compatible PQC certificate migration. He has published 3 RFCs and maintains 9+ active Internet-Drafts across LAMPS and related working groups.",https://ui-avatars.com/api/?name=John+Gray&background=0b0d17&color=60a5fa&size=128&bold=true,https://www.entrust.com/,https://www.linkedin.com/in/john-gray-aa281460/,draft-bonnell-lamps-chameleon-certs-07,
Sudha E. Iyer,Ireland,Chief Cybersecurity Architect (Digital Assets and Data),Citi,Private,Industry Adopter,"Founding member of the FS-ISAC Post-Quantum Cryptography Working Group, representing the financial sector's largest global coordination effort on quantum migration readiness. As Chief Cybersecurity Architect at Citi with over 20 years of cryptographic architecture experience, she leads enterprise-scale PQC adoption strategy at one of the world's largest financial institutions. She also serves as International Project Leader at ISO for smart contract and blockchain security standardization, and speaks internationally on PQC readiness in regulated industries.",https://ui-avatars.com/api/?name=Sudha+Iyer&background=0b0d17&color=10b981&size=128&bold=true,https://www.fsisac.com/knowledge/pqc,https://www.linkedin.com/in/sudhaeiyer/,Europol-FS-ISAC-PQC-Financial-2026;NIST CSWP 39,
Tadahiko Ito,Japan,Senior Researcher,SECOM CO. LTD.,Private,Standards,"Senior Researcher at SECOM specializing in cryptographic key management, PQC migration planning, and policy standardization, with IETF contributions including RFC 9336 (X.509 Extended Key Usage for document signing). He contributes to IETF PQC certificate migration guidance and the IETF Hackathon's pqc-certificates interoperability project, and co-authored a 2025 academic paper on the grand challenges of PQC blockchain migration. He is a regular speaker at international forums including the PKI Consortium PQC Conference and FS-ISAC APAC Summit.",https://ui-avatars.com/api/?name=Tadahiko+Ito&background=0b0d17&color=60a5fa&size=128&bold=true,https://www.secom.co.jp/english/,https://www.linkedin.com/in/tadahiko-ito-b1b674160/,Japan CRYPTREC Report 2024;PKI-Consortium-PQC-2025,
Alison Becker,United States,Cryptographer,National Security Agency (NSA),Public,Government,"NSA cryptographer and co-author of RFC 9763, specifying algorithm identifiers for ML-KEM, ML-DSA, and SLH-DSA for use with the Commercial National Security Algorithm Suite 2.0 (CNSA 2.0); contributes to NSA public guidance on quantum-safe cryptography.",https://ui-avatars.com/api/?name=Alison+Becker&background=0b0d17&color=22d3ee&size=128&bold=true,https://www.nsa.gov/,,RFC-9763,
Michael Jenkins,United States,Technical Director; Cryptographer,National Security Agency (NSA),Public,Government,NSA Technical Director and co-author of RFC 9763 defining algorithm identifiers for post-quantum algorithms in CNSA 2.0; contributor to NSA public guidance on quantum-safe cryptography transitions for national security systems.,https://ui-avatars.com/api/?name=Michael+Jenkins&background=0b0d17&color=22d3ee&size=128&bold=true,https://www.nsa.gov/,,RFC-9763,
Rebecca Guthrie,United States,Cryptographer,National Security Agency (NSA),Public,Government,"NSA cryptographer and co-author of RFC 9763, establishing the algorithm identifiers for ML-KEM, ML-DSA, and SLH-DSA used in federal CNSA 2.0 implementations; contributes to standards underpinning U.S. national security PQC migration.",https://ui-avatars.com/api/?name=Rebecca+Guthrie&background=0b0d17&color=22d3ee&size=128&bold=true,https://www.nsa.gov/,,RFC-9763,
Allen Roginsky,United States,Research Scientist,NIST,Public,Government,"NIST Computer Security Division researcher and co-author of NIST SP 800-131A Revision 3, providing guidance on transitioning cryptographic key lengths and algorithms to post-quantum standards across U.S. federal systems.",https://ui-avatars.com/api/?name=Allen+Roginsky&background=0b0d17&color=22d3ee&size=128&bold=true,https://csrc.nist.gov/,,NIST-SP-800-131A-Rev3,
Elaine Barker,United States,Research Scientist,NIST,Public,Government,"NIST researcher and co-author of NIST SP 800-131A Revision 3, guiding federal agencies on transitioning cryptographic key lengths and algorithms to post-quantum standards; long-time contributor to NIST SP 800-57 key management recommendations.",https://ui-avatars.com/api/?name=Elaine+Barker&background=0b0d17&color=22d3ee&size=128&bold=true,https://csrc.nist.gov/,,NIST-SP-800-131A-Rev3,
Suzanne Lightman,United States,Research Scientist; Project Lead,NIST NCCoE,Public,Government,"NIST NCCoE project lead and co-author of NIST SP 800-82 Revision 3 (Guide to Operational Technology Security); key contributor to guidance on OT/ICS PQC migration for critical infrastructure sectors including energy, manufacturing, and transportation.",https://ui-avatars.com/api/?name=Suzanne+Lightman&background=0b0d17&color=22d3ee&size=128&bold=true,https://www.nccoe.nist.gov/,,NIST SP 800-82 Rev. 3,
Hannes Tschofenig,Germany,Professor; IETF Security Expert,Hochschule Bonn-Rhein-Sieg (H-BRS),Academic,Standards,"Professor at H-BRS and prolific IETF contributor; co-author of JOSE PQC KEM draft, DTLS 1.3 (RFC 9147), SUIT firmware update protocol (RFC 9019), and IoT device authentication standards; instrumental in bringing post-quantum cryptography to constrained IoT and embedded environments.",https://ui-avatars.com/api/?name=Hannes+Tschofenig&background=0b0d17&color=60a5fa&size=128&bold=true,https://www.h-brs.de/,,draft-ietf-jose-pqc-kem;RFC 9147;RFC 9019;RFC 7250,
Carsten Bormann,Germany,Professor; IETF Expert,Universität Bremen TZI,Academic,Standards,"Professor at Universität Bremen and leading IETF contributor; co-author of CBOR (Concise Binary Object Representation), CoAP (Constrained Application Protocol), and RFC 7228 defining IoT constraints taxonomy; his compact encoding standards enable PQC in constrained devices.",https://ui-avatars.com/api/?name=Carsten+Bormann&background=0b0d17&color=60a5fa&size=128&bold=true,https://www.uni-bremen.de/,,RFC 7228,
Katie Arrington,United States,Chief Information Officer (CIO),U.S. Department of Defense,Public,Government,Chief Information Officer of the U.S. Department of Defense; issued the DoD PQC Migration Memo (2025) directing DoD components to begin preparing for migration to post-quantum cryptography; driving federal PQC adoption across the defense industrial base and supply chain.,https://ui-avatars.com/api/?name=Katie+Arrington&background=0b0d17&color=22d3ee&size=128&bold=true,https://dodcio.defense.gov/,,DoD-CIO-PQC-Memo-2025,
Yilei Chen,China,Professor; Cryptographer,Tsinghua University,Academic,Algorithm Inventor,Researcher who published a 2024 paper proposing a quantum algorithm that appeared to threaten the security of lattice-based cryptographic schemes underlying ML-KEM and ML-DSA; the work (later found to have a flaw) prompted NIST to intensify security analysis of finalized PQC standards and underscored the importance of ongoing cryptographic research for quantum-safe migration.,https://ui-avatars.com/api/?name=Yilei+Chen&background=0b0d17&color=f59e0b&size=128&bold=true,https://www.tsinghua.edu.cn/,,Cloudflare-PQ-Internet-2025,
Samuel Jaques,Canada,Research Fellow; Quantum Cryptanalyst,University of Waterloo,Academic,Algorithm Inventor,University of Waterloo researcher specializing in quantum algorithm resource estimation for cryptanalysis; his work on precise qubit and gate count benchmarks for quantum attacks on classical cryptosystems informs security parameter selection for NIST PQC standard algorithms and global migration timeline planning.,https://ui-avatars.com/api/?name=Samuel+Jaques&background=0b0d17&color=f59e0b&size=128&bold=true,https://uwaterloo.ca/,,Cloudflare-PQ-Internet-2025,
Meltem Sönmez Turan,United States,Research Scientist; Cryptographer,NIST,Public,Government,NIST cryptographer and co-author of NIST SP 800-56C Revision 2 (Key-Derivation Methods in Key-Establishment Schemes) and NIST SP 800-108 Revision 1 (Key Derivation using PRFs); her work on key derivation standards underpins post-quantum key management implementations and hybrid classical/PQC key establishment in federal systems.,https://ui-avatars.com/api/?name=Meltem+Sonmez+Turan&background=0b0d17&color=22d3ee&size=128&bold=true,https://csrc.nist.gov/,,NIST-SP-800-56C-R2;NIST-SP-800-108-R1,
John Kelsey,United States,Research Scientist; Cryptographer,NIST,Public,Government,"NIST cryptographer and co-author of the NIST PQC Standardization status reports (NIST IR 8413, 8545) documenting the selection of ML-KEM, ML-DSA, SLH-DSA, and HQC; contributor to key derivation standards (NIST SP 800-56C R2); a foundational contributor to the decade-long NIST PQC standardization process.",https://ui-avatars.com/api/?name=John+Kelsey&background=0b0d17&color=22d3ee&size=128&bold=true,https://csrc.nist.gov/,,NIST IR 8413;NIST-SP-800-56C-R2,
Quynh Dang,United States,Research Scientist; Cryptographer,NIST,Public,Government,NIST cryptographer and co-author of NIST IR 8413 (Third Round PQC Status Report) and NIST SP 800-56C Revision 2; contributes to NIST key management and post-quantum standardization research; her technical work on key derivation methods supports quantum-safe cryptographic implementations across federal infrastructure.,https://ui-avatars.com/api/?name=Quynh+Dang&background=0b0d17&color=22d3ee&size=128&bold=true,https://csrc.nist.gov/,,NIST IR 8413;NIST-SP-800-56C-R2,
Romain Alléaume,France,Professor; QKD Standards Expert,Télécom Paris (IMT),Academic,Standards,Professor at Télécom Paris and contributor to ETSI GS QKD 012 (Device and Communication Channel Parameters); active in ETSI QKD Industry Specification Group driving interoperability standards for quantum key distribution networks; his research bridges theoretical QKD security proofs and practical network deployment.,https://ui-avatars.com/api/?name=Romain+Alleaume&background=0b0d17&color=60a5fa&size=128&bold=true,https://www.telecom-paris.fr/,,ETSI-GS-QKD-012,
Aditya Koranga,India,Principal Security Architect; TAC Member OpenSSL; TAC Vice Chair PQCA; TSC Member CBOMkit; Director NgKore,PQStation,Private,Standards,"Principal Security Architect at PQStation and leading contributor to the open-source PQC ecosystem; Technical Advisory Committee (TAC) member at OpenSSL Foundation; TAC Vice Chair at LF Post Quantum Cryptography Alliance (PQCA); Technical Steering Committee (TSC) member at CBOMkit; Director at NgKore Foundation; co-author of 3GPP technical report on quantum-safe 5G and holder of a patent on quantum-safe SUPI (Subscriber Permanent Identifier) protection; ACM CCS paper author on quantum-safe network protocols; creator of the Qvision product for PQC visibility; author of quantum-safe blog series and technical articles; speaker at OpenSSL Conference, ACM CCS, Luminari Conference, and Linux Foundation DTF Days.",https://ui-avatars.com/api/?name=Aditya+Koranga&background=0b0d17&color=60a5fa&size=128&bold=true,,https://www.linkedin.com/in/aditya-koranga/,OpenSSL-3x-Docs;liboqs-v0.15.0;FIPS 203,
Krzysztof (Kris) Kwiatkowski,United Kingdom,Cryptographer; Engineer,PQShield,Private,Industry Vendor,"Cryptographer and engineer at PQShield specializing in PQC implementations; creator of PQShield PQCryptoLib-Core (FIPS-certified), PQCryptoLib-SDK, and PQMicroLib-Core targeting embedded and general-purpose environments; co-author of the IETF hybrid ECDHE-ML-KEM key agreement draft for TLS 1.3 and the IETF PQC migration guidance draft; contributor to the NIST NCCoE PQC Migration practice guide (SP 1800-38C).",https://ui-avatars.com/api/?name=Krzysztof+Kris+Kwiatkowski&background=0b0d17&color=a78bfa&size=128&bold=true,https://pqshield.com/,https://www.linkedin.com/in/krzysiekkwiatkowski/,draft-ietf-tls-ecdhe-mlkem-04;draft-kwiatkowski-pquip-pqc-migration-00;NIST NCCoE SP 1800-38C;draft-ietf-pquip-pqc-hsm-constrained-03,
Dr. Vladimir Soukharev,Canada,VP Cryptographic Technology,Keyfactor (InfoSec Global),Private,Industry Vendor,"VP of Cryptographic Technology at Keyfactor (InfoSec Global); leads cryptographic R&D with focus on PQC, Cryptographic Agility, and Cryptographic Discovery & Analytics; Ph.D. from University of Waterloo under David Jao specializing in cryptography; contributor to NCCoE, NIST, and Quantum-Safe Canada government PQC initiatives; published at PQCrypto, Financial Cryptography, and the Journal of Mathematical Cryptology; member of CryptoWorks21 and Centre for Applied Cryptographic Research.",https://ui-avatars.com/api/?name=Vladimir+Soukharev&background=0b0d17&color=a78bfa&size=128&bold=true,https://www.keyfactor.com/,https://www.linkedin.com/in/vladimir-soukharev-ph-d-960bb3109/,HSBC-InfoSecGlobal-Thales-CryptographicInventory-2025;NIST NCCoE SP 1800-38C,
