software_name,cpe_uri,cpe_vendor,cpe_product,match_confidence,status,nvd_url,last_verified_date
.NET 10 PQC,,,,,not_found,,2026-04-01
.NET System.Security.Cryptography,,,,,not_found,,2026-04-01
01 Quantum IronCAP,,,,,not_found,,2026-04-01
1Password,,,,,not_found,,2026-04-01
A10 Networks Thunder ADC,,,,,not_found,,2026-04-01
AdGuard DNS,,,,,not_found,,2026-04-01
Adobe Acrobat Sign,,,,,not_found,,2026-04-01
Adva FSP 3000 S-Flex,,,,,not_found,,2026-04-01
Adva Network Security FSP 3000 S-Flex,,,,,not_found,,2026-04-01
Africa Quantum Consortium PQC,,,,,not_found,,2026-04-01
Akamai Connected Cloud,,,,,not_found,,2026-04-01
Akamai Edge,,,,,not_found,,2026-04-01
Akamai PQC Edge,,,,,not_found,,2026-04-01
Algorand,,,,,not_found,,2026-04-01
Algorand FALCON Mainnet,,,,,not_found,,2026-04-01
Alibaba Cloud GVSM,,,,,not_found,,2026-04-01
Alpine Linux,cpe:2.3:o:alpinelinux:alpine_linux:-:*:*:*:*:*:*:*,alpinelinux,alpine_linux,exact,matched,https://nvd.nist.gov/products/cpe/search#results?namingFormat=2.3&keyword=alpine%20linux,2026-04-01
Amazon CloudFront,cpe:2.3:a:amazon:amazon_cloudfront:-:*:*:*:*:*:*:*,amazon,amazon_cloudfront,exact,matched,https://nvd.nist.gov/products/cpe/search#results?namingFormat=2.3&keyword=amazon%20cloudfront,2026-04-01
Amazon Cognito,,,,,not_found,,2026-04-01
Amazon EKS,,,,,not_found,,2026-04-01
Amazon Web Services (AWS),,,,,not_found,,2026-04-01
AMD SEV-SNP (Secure Encrypted Virtualization),,,,,not_found,,2026-04-01
AMD Versal Adaptive SoC,,,,,not_found,,2026-04-01
American Binary Ambit Client,,,,,not_found,,2026-04-01
Anchorage Digital,,,,,not_found,,2026-04-01
Android 16,cpe:2.3:o:google:android:-:*:*:*:*:*:*:*,google,android,manual,matched,https://nvd.nist.gov/products/cpe/search#results?namingFormat=2.3&keyword=google%20android,2026-04-28
Android 17 PQC,,,,,not_found,,2026-04-01
ANKATech ANKASecure,,,,,not_found,,2026-04-01
ANSSI PQC Migration Guidance,,,,,not_found,,2026-04-01
Apache Guacamole,cpe:2.3:a:apache:guacamole:0.8.3:*:*:*:*:*:*:*,apache,guacamole,exact,matched,https://nvd.nist.gov/products/cpe/search#results?namingFormat=2.3&keyword=apache%20guacamole,2026-04-01
Apache HTTP Server,cpe:2.3:a:apache:http_server:1.2:*:*:*:*:*:*:*,apache,http_server,exact,matched,https://nvd.nist.gov/products/cpe/search#results?namingFormat=2.3&keyword=apache%20http_server,2026-04-01
Apache Tomcat,cpe:2.3:a:apache:tomcat:-:*:*:*:*:*:*:*,apache,tomcat,exact,matched,https://nvd.nist.gov/products/cpe/search#results?namingFormat=2.3&keyword=apache%20tomcat,2026-04-01
Apache Traffic Server,cpe:2.3:a:apache:traffic_server:2.0.0:*:*:*:*:*:*:*,apache,traffic_server,exact,matched,https://nvd.nist.gov/products/cpe/search#results?namingFormat=2.3&keyword=apache%20traffic%20server,2026-04-01
Apple codesign,,,,,not_found,,2026-04-01
Apple PQ3 / CoreCrypto,,,,,not_found,,2026-04-01
Apple Safari,cpe:2.3:a:apple:safari:-:*:*:*:*:*:*:*,apple,safari,exact,matched,https://nvd.nist.gov/products/cpe/search#results?namingFormat=2.3&keyword=apple%20safari,2026-04-01
Applivery UEM PQC,,,,,not_found,,2026-04-01
AppViewX CERT+,,,,,not_found,,2026-04-01
AppViewX Spring 2026,,,,,not_found,,2026-04-01
Aptos,cpe:2.3:a:aptosfoundation:aptos:1.4.3:*:*:*:*:*:*:*,aptosfoundation,aptos,exact,matched,https://nvd.nist.gov/products/cpe/search#results?namingFormat=2.3&keyword=aptos%20aptos,2026-04-01
Arch Linux,cpe:2.3:o:archlinux:arch_linux:-:*:*:*:*:*:*:*,archlinux,arch_linux,manual,matched,https://nvd.nist.gov/products/cpe/search#results?namingFormat=2.3&keyword=archlinux%20arch_linux,2026-04-28
Arista EOS (Extensible Operating System),,,,,not_found,,2026-04-01
ARM Confidential Compute Architecture (CCA),,,,,not_found,,2026-04-01
ARM Trusted Firmware (TF-A),cpe:2.3:a:arm:trusted_firmware-a:-:*:*:*:*:*:*:*,arm,trusted_firmware-a,partial,partial,https://nvd.nist.gov/products/cpe/search#results?namingFormat=2.3&keyword=arm%20trusted%20firmware%20%28tf-a%29,2026-04-01
ARM TrustZone,,,,,not_found,,2026-04-01
Arqit 6WIND Telco PQC,,,,,not_found,,2026-04-01
Arqit Encryption Intelligence,,,,,not_found,,2026-04-01
Arqit QuantumCloud,,,,,not_found,,2026-04-01
Ascertia ADSS PKI Server,,,,,not_found,,2026-04-01
Ascertia ADSS Server/SAM,,,,,not_found,,2026-04-01
Ascertia ADSS Signing Server,,,,,not_found,,2026-04-01
ASUSTOR ADM 5.1 PQC,,,,,not_found,,2026-04-01
AsyncSSH,,,,,not_found,,2026-04-01
Auth0 (Okta Customer Identity),,,,,not_found,,2026-04-01
AUTOCRYPT PKI-Vehicles,,,,,not_found,,2026-04-01
Avalanche,,,,,not_found,,2026-04-01
AWS API Gateway PQC,,,,,not_found,,2026-04-01
AWS Application Load Balancer (ALB),,,,,not_found,,2026-04-01
AWS CloudHSM,,,,,not_found,,2026-04-01
AWS Identity and Access Management (IAM),,,,,not_found,,2026-04-01
AWS KMS,,,,,not_found,,2026-04-01
AWS KMS (Cloud Gateway),,,,,not_found,,2026-04-01
AWS Payments Cryptography PQC,,,,,not_found,,2026-04-01
AWS Private CA PQC,,,,,not_found,,2026-04-01
AWS s2n-tls,,,,,not_found,,2026-04-01
AWS Transfer Family,,,,,not_found,,2026-04-01
AWS-LC,cpe:2.3:a:amazon:aws-lc-sys:-:*:*:*:*:rust:*:*,amazon,aws-lc-sys,exact,matched,https://nvd.nist.gov/products/cpe/search#results?namingFormat=2.3&keyword=amazon%20aws-lc,2026-04-01
Azure AKS,,,,,not_found,,2026-04-01
Azure Dedicated HSM (Marvell LiquidSecurity),,,,,not_found,,2026-04-01
Azure DevOps,,,,,not_found,,2026-04-01
Azure Key Vault,,,,,not_found,,2026-04-01
Barracuda Email Protection,,,,,not_found,,2026-04-01
BERTEN MLDS-B235,,,,,not_found,,2026-04-01
BERTEN MLKE-B135,,,,,not_found,,2026-04-01
BIS Project Leap PQC,,,,,not_found,,2026-04-01
Bitcoin Core,cpe:2.3:a:bitcoincore:bitcoin_core:0.16.2:*:*:*:*:*:*:*,bitcoincore,bitcoin_core,exact,matched,https://nvd.nist.gov/products/cpe/search#results?namingFormat=2.3&keyword=bitcoin%20core,2026-04-01
BitGo,,,,,not_found,,2026-04-01
BitLocker (Windows),,,,,not_found,,2026-04-01
Bitvise SSH Server,,,,,not_found,,2026-04-01
Bitwarden,cpe:2.3:a:bitwarden:server:1.0.0:*:*:*:*:*:*:*,bitwarden,server,partial,partial,https://nvd.nist.gov/products/cpe/search#results?namingFormat=2.3&keyword=bitwarden%20bitwarden,2026-04-01
BoringSSL,cpe:2.3:a:google:chrome:0.2.149.29:*:*:*:*:*:*:*,google,chrome,exact,matched,https://nvd.nist.gov/products/cpe/search#results?namingFormat=2.3&keyword=google%20chrome,2026-04-01
Botan,cpe:2.3:a:botan_project:botan:1.10.0:*:*:*:*:*:*:*,botan_project,botan,exact,matched,https://nvd.nist.gov/products/cpe/search#results?namingFormat=2.3&keyword=botan%20botan,2026-04-01
Bouncy Castle C# .NET,,,,,not_found,,2026-04-01
Bouncy Castle C\# / Java,,,,,not_found,,2026-04-01
Bouncy Castle Java,cpe:2.3:a:bouncycastle:legion-of-the-bouncy-castle-java-crytography-api:1.36:*:*:*:*:*:*:*,bouncycastle,legion-of-the-bouncy-castle-java-crytography-api,exact,matched,https://nvd.nist.gov/products/cpe/search#results?namingFormat=2.3&keyword=bouncy%20castle%20java,2026-04-01
Bouncy Castle Java LTS,,,,,not_found,,2026-04-01
Brave Browser,cpe:2.3:a:brave:browser:1.9.56:*:*:*:*:android:*:*,brave,browser,exact,matched,https://nvd.nist.gov/products/cpe/search#results?namingFormat=2.3&keyword=brave%20browser,2026-04-01
Broadcom Avi (NSX ALB),,,,,not_found,,2026-04-01
Broadcom Emulex SecureHBA,,,,,not_found,,2026-04-01
Broadcom Symantec DLP,,,,,not_found,,2026-04-01
Broadcom Symantec SES,,,,,not_found,,2026-04-01
BSI PQC Recommendations,,,,,not_found,,2026-04-01
BTQ Bitcoin Quantum,,,,,not_found,,2026-04-01
BTQ Bitcoin Quantum Testnet,,,,,not_found,,2026-04-01
C-DOT Quantum CEM Encryptor,,,,,not_found,,2026-04-01
Caddy Server,,,,,not_found,,2026-04-01
Cardano,,,,,not_found,,2026-04-01
CAST KiviPQC-KEM,,,,,not_found,,2026-04-01
CATO Networks SASE,,,,,not_found,,2026-04-01
Cellcrypt PQC Communications,,,,,not_found,,2026-04-01
CentOS Stream,cpe:2.3:o:centos:stream:8:*:*:*:*:*:*:*,centos,stream,exact,matched,https://nvd.nist.gov/products/cpe/search#results?namingFormat=2.3&keyword=centos%20stream,2026-04-01
Check Point Quantum,cpe:2.3:h:checkpoint:quantum_security_management:-:*:*:*:*:*:*:*,checkpoint,quantum_security_management,partial,partial,https://nvd.nist.gov/products/cpe/search#results?namingFormat=2.3&keyword=check%20point%20quantum,2026-04-01
Checkmarx One,,,,,not_found,,2026-04-01
ChromeOS,,,,,not_found,,2026-04-01
Ciena WaveLogic 6 Extreme,,,,,not_found,,2026-04-01
Cilium Service Mesh PQC,,,,,not_found,,2026-04-01
CIQ Rocky Linux CAVP PQC,,,,,not_found,,2026-04-01
CircleCI,,,,,not_found,,2026-04-01
CISA PQC Migration Framework,,,,,not_found,,2026-04-01
Cisco ASA (Adaptive Security Appliance),cpe:2.3:o:cisco:adaptive_security_appliance_software:-:*:*:*:*:*:*:*,cisco,adaptive_security_appliance_software,manual,matched,https://nvd.nist.gov/products/cpe/search#results?namingFormat=2.3&keyword=cisco%20adaptive_security_appliance_software,2026-04-28
Cisco Catalyst 9500 PQC,,,,,not_found,,2026-04-01
Cisco Catalyst Center,,,,,not_found,,2026-04-01
Cisco Identity Services Engine (ISE),cpe:2.3:h:cisco:identity_services_engine:-:*:*:*:*:*:*:*,cisco,identity_services_engine,exact,matched,https://nvd.nist.gov/products/cpe/search#results?namingFormat=2.3&keyword=cisco%20identity%20services%20engine%20%28ise%29,2026-04-01
Cisco IOS XE PQC,cpe:2.3:o:cisco:ios_xe:-:*:*:*:*:*:*:*,cisco,ios_xe,manual,matched,https://nvd.nist.gov/products/cpe/search#results?namingFormat=2.3&keyword=cisco%20ios_xe,2026-04-28
Cisco IOS XR,cpe:2.3:o:cisco:ios_xr_for_crs-1:-:*:*:*:*:*:*:*,cisco,ios_xr_for_crs-1,exact,matched,https://nvd.nist.gov/products/cpe/search#results?namingFormat=2.3&keyword=cisco%20ios%20xr,2026-04-01
Cisco Meraki MX (Cloud-Managed Firewall),,,,,not_found,,2026-04-01
Cisco Secure Client (AnyConnect),,,,,not_found,,2026-04-01
Cisco Webex,cpe:2.3:a:cisco:webex_recording_format_player:27.21.10:*:*:*:*:*:*:*,cisco,webex_recording_format_player,exact,matched,https://nvd.nist.gov/products/cpe/search#results?namingFormat=2.3&keyword=cisco%20webex,2026-04-01
citadel_pqcrypto,,,,,not_found,,2026-04-01
Citrix ADC (NetScaler),,,,,not_found,,2026-04-01
Citrix CVAD,,,,,not_found,,2026-04-01
Citrix Virtual Apps and Desktops,cpe:2.3:a:citrix:virtual_apps_and_desktops:1903:*:*:*:ltsr:*:*:*,citrix,virtual_apps_and_desktops,exact,matched,https://nvd.nist.gov/products/cpe/search#results?namingFormat=2.3&keyword=citrix%20virtual%20apps%20and%20desktops,2026-04-01
Claroty Platform,,,,,not_found,,2026-04-01
Cloudflare CIRCL,cpe:2.3:a:cloudflare:circl:1.3.3:*:*:*:*:go:*:*,cloudflare,circl,exact,matched,https://nvd.nist.gov/products/cpe/search#results?namingFormat=2.3&keyword=cloudflare%20circl,2026-04-01
Cloudflare Edge Network,,,,,not_found,,2026-04-01
Cloudflare Zero Trust,,,,,not_found,,2026-04-01
CockroachDB Encryption,,,,,not_found,,2026-04-01
Codegic Khatim PKI Server,,,,,not_found,,2026-04-01
Codegic Khatim Sign Server,,,,,not_found,,2026-04-01
Cohesity DataCloud,,,,,not_found,,2026-04-01
Coinbase Custody,,,,,not_found,,2026-04-01
Commvault Cloud,,,,,not_found,,2026-04-01
Confluent Cloud Kafka PQC,,,,,not_found,,2026-04-01
Copper.co,,,,,not_found,,2026-04-01
coreboot,cpe:2.3:o:coreboot:coreboot:4.13:*:*:*:*:*:*:*,coreboot,coreboot,exact,matched,https://nvd.nist.gov/products/cpe/search#results?namingFormat=2.3&keyword=coreboot%20coreboot,2026-04-01
CoreDNS PQC DNSSEC,,,,,not_found,,2026-04-01
Cosmian covercrypt,,,,,not_found,,2026-04-01
Cosmos/Tendermint,,,,,not_found,,2026-04-01
Cranium AI Security Platform,,,,,not_found,,2026-04-01
CREDEBL,,,,,not_found,,2026-04-01
CrowdStrike Falcon,cpe:2.3:a:crowdstrike:falcon:6.31.14505.0:*:*:*:*:*:*:*,crowdstrike,falcon,exact,matched,https://nvd.nist.gov/products/cpe/search#results?namingFormat=2.3&keyword=crowdstrike%20falcon,2026-04-01
Crucible,,,,,not_found,,2026-04-01
Crypto Quantique QDID Platform,,,,,not_found,,2026-04-01
Crypto++ (cryptopp),,,,,not_found,,2026-04-01
Crypto4A QxEDGE,,,,,not_found,,2026-04-01
Crypto4A QxHSM,,,,,not_found,,2026-04-01
Crypto4A QxVault,,,,,not_found,,2026-04-01
Cryptomathic CKMS,,,,,not_found,,2026-04-01
Cryptomathic CrystalKey 360,,,,,not_found,,2026-04-01
CryptoNext COMPASS Network Probe,,,,,not_found,,2026-04-01
CryptoNext COMPASS Probe,,,,,not_found,,2026-04-01
CryptoNext Quantum-Safe Library,,,,,not_found,,2026-04-01
Cryptosense Analyzer,,,,,not_found,,2026-04-01
CryptPad PQC Collaboration,,,,,not_found,,2026-04-01
CRYSTALS Reference Implementations,,,,,not_found,,2026-04-01
curl PQC,,,,,not_found,,2026-04-01
CyberArk Conjur,cpe:2.3:a:cyberark:conjur_service_broker:-:*:*:*:*:pivotal_cloud_foundry:*:*,cyberark,conjur_service_broker,exact,matched,https://nvd.nist.gov/products/cpe/search#results?namingFormat=2.3&keyword=cyberark%20conjur,2026-04-01
Cyberint (Check Point),,,,,not_found,,2026-04-01
CZERTAINLY,,,,,not_found,,2026-04-01
Dashlane,cpe:2.3:a:dashlane:dashlane:-:*:*:*:*:windows:*:*,dashlane,dashlane,exact,matched,https://nvd.nist.gov/products/cpe/search#results?namingFormat=2.3&keyword=dashlane%20dashlane,2026-04-01
Debian 12 (Bookworm),cpe:2.3:o:debian:debian_linux:-:*:*:*:*:*:*:*,debian,debian_linux,manual,matched,https://nvd.nist.gov/products/cpe/search#results?namingFormat=2.3&keyword=debian%20debian_linux,2026-04-28
Delinea Secret Server,cpe:2.3:a:delinea:secret_server:10.9.000002:*:*:*:*:*:*:*,delinea,secret_server,exact,matched,https://nvd.nist.gov/products/cpe/search#results?namingFormat=2.3&keyword=delinea%20secret%20server,2026-04-01
Dell BSAFE Crypto Module for C,,,,,not_found,,2026-04-01
Dell BSAFE Crypto-J,cpe:2.3:a:dell:bsafe_crypto-j:-:*:*:*:*:*:*:*,dell,bsafe_crypto-j,exact,matched,https://nvd.nist.gov/products/cpe/search#results?namingFormat=2.3&keyword=dell%20bsafe%20crypto-j,2026-04-01
Dell PowerStore OS 4.0,,,,,not_found,,2026-04-01
DFNS,,,,,not_found,,2026-04-01
DigiCert CertCentral,,,,,not_found,,2026-04-01
DigiCert Device Trust Manager,,,,,not_found,,2026-04-01
DigiCert ONE,,,,,not_found,,2026-04-01
DigiCert SigningHub,,,,,not_found,,2026-04-01
DigiCert Software Trust Manager,,,,,not_found,,2026-04-01
DigiCert Trust Lifecycle Manager,,,,,not_found,,2026-04-01
DigiCert TrustCore SDK,,,,,not_found,,2026-04-01
Docker Engine 28.0,cpe:2.3:a:docker:docker:-:*:*:*:*:*:*:*,docker,docker,manual,matched,https://nvd.nist.gov/products/cpe/search#results?namingFormat=2.3&keyword=docker%20docker,2026-04-28
Dogtag Certificate System,cpe:2.3:a:dogtagpki:dogtagpki:-:*:*:*:*:*:*:*,dogtagpki,dogtagpki,manual,matched,https://nvd.nist.gov/products/cpe/search#results?namingFormat=2.3&keyword=dogtagpki%20dogtagpki,2026-04-28
Dragos Platform,cpe:2.3:a:dragos:dragos_platform:2.2.1:*:*:*:*:*:*:*,dragos,dragos_platform,exact,matched,https://nvd.nist.gov/products/cpe/search#results?namingFormat=2.3&keyword=dragos%20platform,2026-04-01
Druva Data Resiliency Cloud,,,,,not_found,,2026-04-01
DuckDuckGo Browser,,,,,not_found,,2026-04-01
Dyber QuantaTPM,,,,,not_found,,2026-04-01
Eclipse Jetty,cpe:2.3:a:eclipse:jetty:-:*:*:*:*:*:*:*,eclipse,jetty,manual,matched,https://nvd.nist.gov/products/cpe/search#results?namingFormat=2.3&keyword=eclipse%20jetty,2026-04-28
EJBCA,cpe:2.3:a:keyfactor:ejbca:-:*:*:*:*:*:*:*,keyfactor,ejbca,manual,matched,https://nvd.nist.gov/products/cpe/search#results?namingFormat=2.3&keyword=keyfactor%20ejbca,2026-04-28
Elastic Stack (ELK),,,,,not_found,,2026-04-01
Element (Matrix Protocol),,,,,not_found,,2026-04-01
Enquantum PQC Accelerator,,,,,not_found,,2026-04-01
Entrust Cryptographic Platform,,,,,not_found,,2026-04-01
Entrust Cryptographic Security Platform,,,,,not_found,,2026-04-01
Entrust Identity as a Service (IDaaS),,,,,not_found,,2026-04-01
Entrust KeyControl,,,,,not_found,,2026-04-01
Entrust nShield,cpe:2.3:h:entrust:nshield_5c:-:*:*:*:*:*:*:*,entrust,nshield_5c,exact,matched,https://nvd.nist.gov/products/cpe/search#results?namingFormat=2.3&keyword=entrust%20nshield,2026-04-01
Entrust PKI,,,,,not_found,,2026-04-01
Envoy Proxy,cpe:2.3:a:envoyproxy:envoy:1.13.6:*:*:*:*:*:*:*,envoyproxy,envoy,partial,partial,https://nvd.nist.gov/products/cpe/search#results?namingFormat=2.3&keyword=envoy%20proxy,2026-04-01
Ericsson Quantum-Safe 5G,,,,,not_found,,2026-04-01
ESCRYPT Automotive PQC Solutions,,,,,not_found,,2026-04-01
essendi xc,,,,,not_found,,2026-04-01
Ethereum (Geth),,,,,not_found,,2026-04-01
ETSI TS 104 105 Hybrid PQC Standard,,,,,not_found,,2026-04-01
EUDI Reference Wallet,,,,,not_found,,2026-04-01
EVERTRUST HORIZON,,,,,not_found,,2026-04-01
EVERTRUST STREAM,,,,,not_found,,2026-04-01
Eviden IDnomic PKI,,,,,not_found,,2026-04-01
Eviden PQC HSMaaS,,,,,not_found,,2026-04-01
Eviden Trustway Proteccio NetHSM,,,,,not_found,,2026-04-01
evolutionQ BasejumpQDN,,,,,not_found,,2026-04-01
evolutionQ BasejumpSKI,,,,,not_found,,2026-04-01
ExeQuantum,,,,,not_found,,2026-04-01
ExpressVPN Lightway,,,,,not_found,,2026-04-01
F5 ADSP PQC,,,,,not_found,,2026-04-01
F5 BIG-IP,cpe:2.3:h:f5:big-ip:-:*:*:*:*:*:*:*,f5,big-ip,exact,matched,https://nvd.nist.gov/products/cpe/search#results?namingFormat=2.3&keyword=f5%20big-ip,2026-04-01
Fastly Edge Cloud,,,,,not_found,,2026-04-01
Fastly PQC CDN,,,,,not_found,,2026-04-01
Fedora Linux,cpe:2.3:o:fedoraproject:fedora:-:*:*:*:*:*:*:*,fedoraproject,fedora,manual,matched,https://nvd.nist.gov/products/cpe/search#results?namingFormat=2.3&keyword=fedoraproject%20fedora,2026-04-28
FileVault (macOS),,,,,not_found,,2026-04-01
Fireblocks,,,,,not_found,,2026-04-01
FIS Modern Banking,,,,,not_found,,2026-04-01
Forcepoint DLP,,,,,not_found,,2026-04-01
Fortanix Data Security Manager,,,,,not_found,,2026-04-01
Fortanix PQC Central,,,,,not_found,,2026-04-01
Fortinet FortiAuthenticator,cpe:2.3:a:fortinet:fortiauthenticator:3.0.0:*:*:*:*:*:*:*,fortinet,fortiauthenticator,exact,matched,https://nvd.nist.gov/products/cpe/search#results?namingFormat=2.3&keyword=fortinet%20fortiauthenticator,2026-04-01
Fortinet FortiGate (FortiOS),cpe:2.3:o:fortinet:fortios:-:*:*:*:*:*:*:*,fortinet,fortios,manual,matched,https://nvd.nist.gov/products/cpe/search#results?namingFormat=2.3&keyword=fortinet%20fortios,2026-04-28
Fortinet FortiGate-Rugged,cpe:2.3:o:fortinet:fortios:-:*:*:*:*:*:*:*,fortinet,fortios,manual,matched,https://nvd.nist.gov/products/cpe/search#results?namingFormat=2.3&keyword=fortinet%20fortios,2026-04-28
Fortinet FortiManager,cpe:2.3:a:fortinet:fortimanager:-:*:*:*:*:*:*:*,fortinet,fortimanager,manual,matched,https://nvd.nist.gov/products/cpe/search#results?namingFormat=2.3&keyword=fortinet%20fortimanager,2026-04-28
Fortinet FortiOS,cpe:2.3:o:fortinet:fortios:4.3.10:*:*:*:*:*:*:*,fortinet,fortios,exact,matched,https://nvd.nist.gov/products/cpe/search#results?namingFormat=2.3&keyword=fortinet%20fortios,2026-04-01
Fortinet FortiWeb,cpe:2.3:a:fortinet:fortiweb:-:*:*:*:*:*:*:*,fortinet,fortiweb,manual,matched,https://nvd.nist.gov/products/cpe/search#results?namingFormat=2.3&keyword=fortinet%20fortiweb,2026-04-28
Forward Edge-AI Isidore Quantum,,,,,not_found,,2026-04-01
Forward Edge-AI Space Router,,,,,not_found,,2026-04-01
FreeBSD,cpe:2.3:o:freebsd:freebsd:-:*:*:*:*:*:*:*,freebsd,freebsd,manual,matched,https://nvd.nist.gov/products/cpe/search#results?namingFormat=2.3&keyword=freebsd%20freebsd,2026-04-28
FreeRTOS,,,,,not_found,,2026-04-01
FusionAuth,cpe:2.3:a:fusionauth:fusionauth:1.0.13:*:*:*:*:*:*:*,fusionauth,fusionauth,exact,matched,https://nvd.nist.gov/products/cpe/search#results?namingFormat=2.3&keyword=fusionauth%20fusionauth,2026-04-01
Futurex Cloud,,,,,not_found,,2026-04-01
Futurex CryptoHub,,,,,not_found,,2026-04-01
Futurex Vectera Plus,,,,,not_found,,2026-04-01
G+D Quantum-Safe SIM Platform,,,,,not_found,,2026-04-01
Garantir GaraTrust,,,,,not_found,,2026-04-01
General Dynamics Mission,,,,,not_found,,2026-04-01
Genua Quantum-Resistant VPN,,,,,not_found,,2026-04-01
Giesecke+Devrient PQC ID Card,,,,,not_found,,2026-04-01
GitHub Actions,cpe:2.3:a:github:runner:2.298.2:*:*:*:*:*:*:*,github,runner,partial,partial,https://nvd.nist.gov/products/cpe/search#results?namingFormat=2.3&keyword=github%20actions,2026-04-01
GitHub Copilot Security,,,,,not_found,,2026-04-01
GitHub SSH PQC,,,,,not_found,,2026-04-01
GitLab CI/CD,cpe:2.3:a:gitlab:gitlab:-:*:*:*:*:*:*:*,gitlab,gitlab,manual,matched,https://nvd.nist.gov/products/cpe/search#results?namingFormat=2.3&keyword=gitlab%20gitlab,2026-04-28
GlobalSign Atlas CLM,,,,,not_found,,2026-04-01
GlobalSign Digital Signing Service,,,,,not_found,,2026-04-01
Gmail / Google Workspace,,,,,not_found,,2026-04-01
GnuPG,cpe:2.3:a:gnupg:gnupg:-:*:*:*:*:*:*:*,gnupg,gnupg,manual,matched,https://nvd.nist.gov/products/cpe/search#results?namingFormat=2.3&keyword=gnupg%20gnupg,2026-04-28
GnuTLS,cpe:2.3:a:gnu:gnutls:-:*:*:*:*:*:*:*,gnu,gnutls,exact,matched,https://nvd.nist.gov/products/cpe/search#results?namingFormat=2.3&keyword=gnu%20gnutls,2026-04-01
Go stdlib crypto/mlkem,,,,,not_found,,2026-04-01
go-jose v4,,,,,not_found,,2026-04-01
Google ALTS,,,,,not_found,,2026-04-01
Google Chrome,cpe:2.3:a:google:chrome:0.2.149.29:*:*:*:*:*:*:*,google,chrome,exact,matched,https://nvd.nist.gov/products/cpe/search#results?namingFormat=2.3&keyword=google%20chrome,2026-04-01
Google Cloud CDN,,,,,not_found,,2026-04-01
Google Cloud HSM,,,,,not_found,,2026-04-01
Google Cloud KMS,,,,,not_found,,2026-04-01
Google Cloud KMS (Cloud Gateway),,,,,not_found,,2026-04-01
Google Cloud Platform (GCP),,,,,not_found,,2026-04-01
Google GKE,,,,,not_found,,2026-04-01
Google OpenTitan,,,,,not_found,,2026-04-01
Google Tink,cpe:2.3:a:google:tink:1.0.0:*:*:*:*:*:*:*,google,tink,exact,matched,https://nvd.nist.gov/products/cpe/search#results?namingFormat=2.3&keyword=google%20tink,2026-04-01
GPG Code Signing,,,,,not_found,,2026-04-01
GSMA PQ Telco Task Force,,,,,not_found,,2026-04-01
HAProxy,cpe:2.3:a:haproxy:haproxy:-:*:*:*:*:*:*:*,haproxy,haproxy,manual,matched,https://nvd.nist.gov/products/cpe/search#results?namingFormat=2.3&keyword=haproxy%20haproxy,2026-04-28
hash-sigs,,,,,not_found,,2026-04-01
HashiCorp Boundary,cpe:2.3:a:hashicorp:boundary:0.1.8:*:*:*:*:*:*:*,hashicorp,boundary,exact,matched,https://nvd.nist.gov/products/cpe/search#results?namingFormat=2.3&keyword=hashicorp%20boundary,2026-04-01
HashiCorp Consul Connect (Service Mesh),,,,,not_found,,2026-04-01
HashiCorp Vault,cpe:2.3:a:hashicorp:vault:0.1.0:*:*:*:*:*:*:*,hashicorp,vault,exact,matched,https://nvd.nist.gov/products/cpe/search#results?namingFormat=2.3&keyword=hashicorp%20vault,2026-04-01
HashiCorp Vault Transit,,,,,not_found,,2026-04-01
HiddenLayer Model Scanner,,,,,not_found,,2026-04-01
HIPAA (Quantum Security Rule),,,,,not_found,,2026-04-01
Hitachi DoMobile,,,,,not_found,,2026-04-01
HP Enterprise Printers PQC,,,,,not_found,,2026-04-01
HPE Alletra MP,,,,,not_found,,2026-04-01
HPE ProLiant Gen12,,,,,not_found,,2026-04-01
HQC Algorithm,,,,,not_found,,2026-04-01
Huawei PQC Network Security,,,,,not_found,,2026-04-01
Hyland OnBase,cpe:2.3:a:hyland:onbase:18.0.0.0:*:*:*:*:*:*:*,hyland,onbase,exact,matched,https://nvd.nist.gov/products/cpe/search#results?namingFormat=2.3&keyword=hyland%20onbase,2026-04-01
Hyperledger Aries (ACA-Py),,,,,not_found,,2026-04-01
Hyperledger Besu,,,,,not_found,,2026-04-01
Hyperledger Fabric,cpe:2.3:a:hyperledger:fabric:1.4.0:*:*:*:*:*:*:*,hyperledger,fabric,exact,matched,https://nvd.nist.gov/products/cpe/search#results?namingFormat=2.3&keyword=hyperledger%20fabric,2026-04-01
Hyperledger Fabric 3.0 PQC,,,,,not_found,,2026-04-01
I4P Trident HSM,,,,,not_found,,2026-04-01
IBM Aspera,,,,,not_found,,2026-04-01
IBM Cloud HSM (Utimaco),,,,,not_found,,2026-04-01
IBM Db2,cpe:2.3:a:ibm:db2:-:*:*:*:*:*:*:*,ibm,db2,exact,matched,https://nvd.nist.gov/products/cpe/search#results?namingFormat=2.3&keyword=ibm%20db2,2026-04-01
IBM Guardium Key Lifecycle Manager,,,,,not_found,,2026-04-01
IBM Guardium Quantum Safe,,,,,not_found,,2026-04-01
IBM Guardium Safe,,,,,not_found,,2026-04-01
IBM LinuxONE PQC,,,,,not_found,,2026-04-01
IBM MQ,cpe:2.3:a:ibm:websphere_mq:-:*:*:*:*:*:*:*,ibm,websphere_mq,exact,matched,https://nvd.nist.gov/products/cpe/search#results?namingFormat=2.3&keyword=ibm%20mq,2026-04-01
IBM Quantum Safe Toolkit,,,,,not_found,,2026-04-01
IBM Security Guardium Data Protection,,,,,not_found,,2026-04-01
IBM Storage Scale 5.2,cpe:2.3:a:ibm:storage_scale:5.2.3.0:*:*:*:*:*:*:*,ibm,storage_scale,exact,matched,https://nvd.nist.gov/products/cpe/search#results?namingFormat=2.3&keyword=ibm%20storage%20scale%205.2,2026-04-01
IBM z/OS Cryptographic Services (ICSF),,,,,not_found,,2026-04-01
IBM z/VSE,,,,,not_found,,2026-04-01
IBM z17 Quantum Safe,,,,,not_found,,2026-04-01
ID Quantique Cerberis XGR QKD,,,,,not_found,,2026-04-01
ID Quantique Quantis QRNG,,,,,not_found,,2026-04-01
IDEMIA Digital Identity Platform,,,,,not_found,,2026-04-01
IDEMIA PQC Accelerator,,,,,not_found,,2026-04-01
IDEMIA PQC Secure Element,,,,,not_found,,2026-04-01
Imperva WAF,,,,,not_found,,2026-04-01
India National PQC Roadmap,,,,,not_found,,2026-04-01
Infineon AURIX TC49 PQC,,,,,not_found,,2026-04-01
Infineon OPTIGA TPM SLB 9672,,,,,not_found,,2026-04-01
Infineon PSOC Control C3 PQC,,,,,not_found,,2026-04-01
Infineon TEGRION SLC27 PQC,,,,,not_found,,2026-04-01
Infineon TEGRION SLI22 Automotive,,,,,not_found,,2026-04-01
Intel Platform Trust Technology (PTT),,,,,not_found,,2026-04-01
Intel TDX (Trust Domain Extensions),,,,,not_found,,2026-04-01
Internxt Drive PQC,,,,,not_found,,2026-04-01
Inturai PQ Station ESP32,,,,,not_found,,2026-04-01
iOS 26 / macOS 26,,,,,not_found,,2026-04-01
IOTA,,,,,not_found,,2026-04-01
IP Cores PQC1,,,,,not_found,,2026-04-01
IronCore Labs SaaS Shield,,,,,not_found,,2026-04-01
ISARA Advance,,,,,not_found,,2026-04-01
ISARA Radiate,,,,,not_found,,2026-04-01
ISC BIND 9.21,cpe:2.3:a:isc:bind:-:*:*:*:*:*:*:*,isc,bind,manual,matched,https://nvd.nist.gov/products/cpe/search#results?namingFormat=2.3&keyword=isc%20bind,2026-04-28
Istio Service Mesh,,,,,not_found,,2026-04-01
Ivanti Neurons for MDM,,,,,not_found,,2026-04-01
Jamf Pro,cpe:2.3:a:jamf:jamf:8.5:*:*:*:pro:*:*:*,jamf,jamf,partial,partial,https://nvd.nist.gov/products/cpe/search#results?namingFormat=2.3&keyword=jamf%20pro,2026-04-01
Java 24 PQC Runtime,,,,,not_found,,2026-04-01
Java jarsigner (JDK),,,,,not_found,,2026-04-01
Jenkins,cpe:2.3:a:jenkins:jenkins:-:*:*:*:*:*:*:*,jenkins,jenkins,manual,matched,https://nvd.nist.gov/products/cpe/search#results?namingFormat=2.3&keyword=jenkins%20jenkins,2026-04-28
JetBrains TeamCity 2026.1,cpe:2.3:a:jetbrains:teamcity:-:*:*:*:*:*:*:*,jetbrains,teamcity,manual,matched,https://nvd.nist.gov/products/cpe/search#results?namingFormat=2.3&keyword=jetbrains%20teamcity,2026-04-28
JFrog Artifactory,cpe:2.3:a:jfrog:artifactory:1.0:*:*:*:*:jenkins:*:*,jfrog,artifactory,exact,matched,https://nvd.nist.gov/products/cpe/search#results?namingFormat=2.3&keyword=jfrog%20artifactory,2026-04-01
jose4j,cpe:2.3:a:jose4j_project:jose4j:0.9.3:*:*:*:*:*:*:*,jose4j_project,jose4j,exact,matched,https://nvd.nist.gov/products/cpe/search#results?namingFormat=2.3&keyword=jose4j%20jose4j,2026-04-01
jsonwebtoken (auth0),,,,,not_found,,2026-04-01
JumpCloud Directory Platform,,,,,not_found,,2026-04-01
Juniper Junos OS,cpe:2.3:o:juniper:junos:-:*:*:*:*:*:*:*,juniper,junos,manual,matched,https://nvd.nist.gov/products/cpe/search#results?namingFormat=2.3&keyword=juniper%20junos,2026-04-28
Juniper SRX Series Firewalls,,,,,not_found,,2026-04-01
Keeper Security,cpe:2.3:a:keepersecurity:keeper:16.10.2:*:*:*:*:*:*:*,keepersecurity,keeper,partial,partial,https://nvd.nist.gov/products/cpe/search#results?namingFormat=2.3&keyword=keeper%20security,2026-04-01
Keycloak,cpe:2.3:a:keycloak:keycloak-nodejs-auth-utils:2.5.0:*:*:*:*:*:*:*,keycloak,keycloak-nodejs-auth-utils,exact,matched,https://nvd.nist.gov/products/cpe/search#results?namingFormat=2.3&keyword=keycloak%20keycloak,2026-04-01
Keyfactor 2026 Trends,,,,,not_found,,2026-04-01
Keyfactor AgileSec Analytics,,,,,not_found,,2026-04-01
Keyfactor Command,,,,,not_found,,2026-04-01
Keyfactor EJBCA,cpe:2.3:a:keyfactor:ejbca:8.0.0:*:*:*:*:*:*:*,keyfactor,ejbca,exact,matched,https://nvd.nist.gov/products/cpe/search#results?namingFormat=2.3&keyword=keyfactor%20ejbca,2026-04-01
Keysight CyPerf,,,,,not_found,,2026-04-01
Keysight Inspector,,,,,not_found,,2026-04-01
Kiteworks PQC File Sharing,,,,,not_found,,2026-04-01
KiviCore PQC IP Cores,,,,,not_found,,2026-04-01
Kong API Gateway,,,,,not_found,,2026-04-01
KpqC Korean PQC Standards,,,,,not_found,,2026-04-01
Kubernetes,cpe:2.3:a:kubernetes:kubernetes:-:*:*:*:*:*:*:*,kubernetes,kubernetes,exact,matched,https://nvd.nist.gov/products/cpe/search#results?namingFormat=2.3&keyword=kubernetes%20kubernetes,2026-04-01
Kudelski IoT Security Platform,,,,,not_found,,2026-04-01
Lakera Guard,,,,,not_found,,2026-04-01
Landis+Gyr SEALSQ Smart Grid PKI,,,,,not_found,,2026-04-01
Lattice MachXO5-NX,,,,,not_found,,2026-04-01
leancrypto,,,,,not_found,,2026-04-01
Ledger Enterprise,,,,,not_found,,2026-04-01
Let's Encrypt,,,,,not_found,,2026-04-01
liboqs,cpe:2.3:a:openquantumsafe:liboqs:-:*:*:*:*:*:*:*,openquantumsafe,liboqs,manual,matched,https://nvd.nist.gov/products/cpe/search#results?namingFormat=2.3&keyword=openquantumsafe%20liboqs,2026-04-28
liboqs-rust (oqs crate),,,,,not_found,,2026-04-01
LibreSSL,cpe:2.3:a:openbsd:libressl:-:*:*:*:*:*:*:*,openbsd,libressl,manual,matched,https://nvd.nist.gov/products/cpe/search#results?namingFormat=2.3&keyword=openbsd%20libressl,2026-04-28
Libreswan,cpe:2.3:a:libreswan:libreswan:3.5:*:*:*:*:*:*:*,libreswan,libreswan,exact,matched,https://nvd.nist.gov/products/cpe/search#results?namingFormat=2.3&keyword=libreswan%20libreswan,2026-04-01
libssh,cpe:2.3:a:libssh:libssh:-:*:*:*:*:*:*:*,libssh,libssh,manual,matched,https://nvd.nist.gov/products/cpe/search#results?namingFormat=2.3&keyword=libssh%20libssh,2026-04-28
Linkerd,cpe:2.3:a:linkerd:linkerd:2.13.0:*:*:*:stable:kubernetes:*:*,linkerd,linkerd,exact,matched,https://nvd.nist.gov/products/cpe/search#results?namingFormat=2.3&keyword=linkerd%20linkerd,2026-04-01
Linux IMA/EVM,,,,,not_found,,2026-04-01
Linux LUKS / dm-crypt,,,,,not_found,,2026-04-01
LTO-10 PQC-Ready Tape,,,,,not_found,,2026-04-01
Mandiant (Google Cloud),,,,,not_found,,2026-04-01
MariaDB Server,cpe:2.3:a:mariadb:mariadb:-:*:*:*:*:*:*:*,mariadb,mariadb,manual,matched,https://nvd.nist.gov/products/cpe/search#results?namingFormat=2.3&keyword=mariadb%20mariadb,2026-04-28
Marvell LiquidSecurity 2,,,,,not_found,,2026-04-01
Mastercard Quantum-Resistant Contactless,,,,,not_found,,2026-04-01
Mavenir Cloud RAN,,,,,not_found,,2026-04-01
Mbed TLS,cpe:2.3:a:arm:mbed_tls:-:*:*:*:*:*:*:*,arm,mbed_tls,manual,matched,https://nvd.nist.gov/products/cpe/search#results?namingFormat=2.3&keyword=arm%20mbed_tls,2026-04-28
Microchip ATECC608B,,,,,not_found,,2026-04-01
Microchip CryptoAutomotive TA100,,,,,not_found,,2026-04-01
Microchip MEC175xB PQC Controllers,,,,,not_found,,2026-04-01
Microchip PolarFire,,,,,not_found,,2026-04-01
Microsoft AD CS,,,,,not_found,,2026-04-01
Microsoft Azure,cpe:2.3:a:microsoft:azure_active_directory_connect:1.1.524.0:*:*:*:*:*:*:*,microsoft,azure_active_directory_connect,exact,matched,https://nvd.nist.gov/products/cpe/search#results?namingFormat=2.3&keyword=microsoft%20azure,2026-04-01
Microsoft Defender for Endpoint,cpe:2.3:a:microsoft:defender_for_endpoint:-:*:*:*:*:-:*:*,microsoft,defender_for_endpoint,exact,matched,https://nvd.nist.gov/products/cpe/search#results?namingFormat=2.3&keyword=microsoft%20defender%20for%20endpoint,2026-04-01
Microsoft Edge,cpe:2.3:a:microsoft:edge:-:*:*:*:*:*:*:*,microsoft,edge,exact,matched,https://nvd.nist.gov/products/cpe/search#results?namingFormat=2.3&keyword=microsoft%20edge,2026-04-01
Microsoft Entra External ID,,,,,not_found,,2026-04-01
Microsoft Entra ID,,,,,not_found,,2026-04-01
Microsoft Entra Verified ID,,,,,not_found,,2026-04-01
Microsoft Hyper-V,cpe:2.3:o:microsoft:windows_server_2008:-:-:*:*:datacenter_without_hyper-v:*:itanium:*,microsoft,windows_server_2008,partial,partial,https://nvd.nist.gov/products/cpe/search#results?namingFormat=2.3&keyword=microsoft%20hyper-v,2026-04-01
Microsoft Intune,cpe:2.3:a:microsoft:intune_endpoint_protection:-:*:*:*:*:*:*:*,microsoft,intune_endpoint_protection,exact,matched,https://nvd.nist.gov/products/cpe/search#results?namingFormat=2.3&keyword=microsoft%20intune,2026-04-01
Microsoft RDS,,,,,not_found,,2026-04-01
Microsoft Remote Desktop Services (RDS),,,,,not_found,,2026-04-01
Microsoft SignTool,,,,,not_found,,2026-04-01
Microsoft SymCrypt,,,,,not_found,,2026-04-01
MikroTik RouterOS,cpe:2.3:o:mikrotik:routeros:-:*:*:*:*:*:*:*,mikrotik,routeros,manual,matched,https://nvd.nist.gov/products/cpe/search#results?namingFormat=2.3&keyword=mikrotik%20routeros,2026-04-28
Mimecast Cloud Integrated,,,,,not_found,,2026-04-01
MinIO Enterprise,cpe:2.3:a:miniorange:oauth_single_sign_on:48.4.9:*:*:*:enterprise:wordpress:*:*,miniorange,oauth_single_sign_on,partial,partial,https://nvd.nist.gov/products/cpe/search#results?namingFormat=2.3&keyword=minio%20enterprise,2026-04-01
mlkem-native,,,,,not_found,,2026-04-01
MongoDB Queryable Encryption,,,,,not_found,,2026-04-01
Mozilla Firefox,cpe:2.3:a:mozilla:firefox:-:*:*:*:*:*:*:*,mozilla,firefox,exact,matched,https://nvd.nist.gov/products/cpe/search#results?namingFormat=2.3&keyword=mozilla%20firefox,2026-04-01
MTG AG CARA,,,,,not_found,,2026-04-01
MTG AG CLM,,,,,not_found,,2026-04-01
MTG AG KMS,,,,,not_found,,2026-04-01
Mullvad VPN App,,,,,not_found,,2026-04-01
MySQL Community Server,cpe:2.3:a:mysql:mysql_community_server:-:*:*:*:*:*:*:*,mysql,mysql_community_server,exact,matched,https://nvd.nist.gov/products/cpe/search#results?namingFormat=2.3&keyword=mysql%20community%20server,2026-04-01
MySQL Enterprise Encryption,,,,,not_found,,2026-04-01
NCSC UK PQC Migration Timelines,,,,,not_found,,2026-04-01
NEC 5G Core,,,,,not_found,,2026-04-01
NetApp ONTAP 9.16,cpe:2.3:a:netapp:data_ontap:-:*:*:*:*:*:*:*,netapp,data_ontap,manual,matched,https://nvd.nist.gov/products/cpe/search#results?namingFormat=2.3&keyword=netapp%20data_ontap,2026-04-28
NetSfere PQC Messaging,,,,,not_found,,2026-04-01
Netskope Intelligent DLP,,,,,not_found,,2026-04-01
Netskope One PQC,,,,,not_found,,2026-04-01
Nexus Group Certificate Manager,,,,,not_found,,2026-04-01
Nginx,cpe:2.3:a:f5:nginx:-:*:*:*:*:*:*:*,f5,nginx,manual,matched,https://nvd.nist.gov/products/cpe/search#results?namingFormat=2.3&keyword=f5%20nginx,2026-04-28
NGINX Plus,cpe:2.3:a:f5:nginx:-:*:*:*:*:*:*:*,f5,nginx,manual,matched,https://nvd.nist.gov/products/cpe/search#results?namingFormat=2.3&keyword=f5%20nginx,2026-04-28
NGINX Plus R33 PQC,,,,,not_found,,2026-04-01
Nimbus JOSE+JWT,,,,,not_found,,2026-04-01
NIST SP 800-227 PQC Guidance,,,,,not_found,,2026-04-01
NixOS,cpe:2.3:o:nixos:nix:0.5:*:*:*:*:*:*:*,nixos,nix,exact,matched,https://nvd.nist.gov/products/cpe/search#results?namingFormat=2.3&keyword=nixos%20nixos,2026-04-01
noble-post-quantum,,,,,not_found,,2026-04-01
Node.js,,,,,not_found,,2026-04-01
Nokia Quantum-Safe Networks,,,,,not_found,,2026-04-01
Nokia Quantum-Safe Railways,,,,,not_found,,2026-04-01
NordVPN,cpe:2.3:a:nordvpn:nordvpn:6.14.28.0:*:*:*:*:*:*:*,nordvpn,nordvpn,exact,matched,https://nvd.nist.gov/products/cpe/search#results?namingFormat=2.3&keyword=nordvpn%20nordvpn,2026-04-01
Notary Project,cpe:2.3:a:notaryproject:notation:1.0.0:rc1:*:*:*:go:*:*,notaryproject,notation,partial,partial,https://nvd.nist.gov/products/cpe/search#results?namingFormat=2.3&keyword=notary%20project,2026-04-01
Nozomi Networks Guardian,,,,,not_found,,2026-04-01
NSS (Mozilla),cpe:2.3:a:mozilla:network_security_services:-:*:*:*:*:*:*:*,mozilla,network_security_services,manual,matched,https://nvd.nist.gov/products/cpe/search#results?namingFormat=2.3&keyword=mozilla%20network_security_services,2026-04-28
NTT PQC Secure Transport,,,,,not_found,,2026-04-01
Nutanix AHV,cpe:2.3:o:nutanix:ahv:-:*:*:*:*:*:*:*,nutanix,ahv,exact,matched,https://nvd.nist.gov/products/cpe/search#results?namingFormat=2.3&keyword=nutanix%20ahv,2026-04-01
Nvidia cuPQC,,,,,not_found,,2026-04-01
NVIDIA cuPQC SDK,,,,,not_found,,2026-04-01
NXP EdgeLock SE051H,,,,,not_found,,2026-04-01
NXP i.MX 94 PQC Processor,,,,,not_found,,2026-04-01
NXP JCOP 4.5 P71D600,,,,,not_found,,2026-04-01
NXP OrangeBox 2.0 PQC,,,,,not_found,,2026-04-01
NXP S32K5 Automotive PQC MCU,,,,,not_found,,2026-04-01
NXP SE051 Secure Element,,,,,not_found,,2026-04-01
OAuth 2.0 / OpenID Connect (OIDC),,,,,not_found,,2026-04-01
Okta Integration Network,,,,,not_found,,2026-04-01
Okta Workforce Identity,,,,,not_found,,2026-04-01
Open Quantum Safe liboqs,cpe:2.3:a:openquantumsafe:liboqs:0.10.1:-:*:*:*:*:*:*,openquantumsafe,liboqs,exact,matched,https://nvd.nist.gov/products/cpe/search#results?namingFormat=2.3&keyword=open%20quantum%20safe%20liboqs,2026-04-01
OpenSSH,cpe:2.3:a:openbsd:openssh:-:*:*:*:*:*:*:*,openbsd,openssh,manual,matched,https://nvd.nist.gov/products/cpe/search#results?namingFormat=2.3&keyword=openbsd%20openssh,2026-04-28
OpenSSL,cpe:2.3:a:openssl:openssl:-:*:*:*:*:*:*:*,openssl,openssl,exact,matched,https://nvd.nist.gov/products/cpe/search#results?namingFormat=2.3&keyword=openssl%20openssl,2026-04-01
openSUSE Leap,cpe:2.3:o:opensuse_project:leap:42.2:*:*:*:*:*:*:*,opensuse_project,leap,exact,matched,https://nvd.nist.gov/products/cpe/search#results?namingFormat=2.3&keyword=opensuse%20leap,2026-04-01
OpenText Content Cloud,,,,,not_found,,2026-04-01
OpenVPN,cpe:2.3:a:openvpn:openvpn:-:*:*:*:*:*:*:*,openvpn,openvpn,exact,matched,https://nvd.nist.gov/products/cpe/search#results?namingFormat=2.3&keyword=openvpn%20openvpn,2026-04-01
OpenWrt,cpe:2.3:o:openwrt:lede:17.01:*:*:*:*:*:*:*,openwrt,lede,partial,partial,https://nvd.nist.gov/products/cpe/search#results?namingFormat=2.3&keyword=openwrt%20openwrt,2026-04-01
Opera Browser PQC,,,,,not_found,,2026-04-01
OPNsense,cpe:2.3:a:opnsense:opnsense:16.1.16:*:*:*:*:*:*:*,opnsense,opnsense,exact,matched,https://nvd.nist.gov/products/cpe/search#results?namingFormat=2.3&keyword=opnsense%20opnsense,2026-04-01
"OQS Docker Images (nginx, curl, haproxy)",,,,,not_found,,2026-04-01
OQS-OpenSSL Provider,,,,,not_found,,2026-04-01
oqs-provider,,,,,not_found,,2026-04-01
Oracle AI Database 26ai,,,,,not_found,,2026-04-01
Oracle Key Vault,,,,,not_found,,2026-04-01
Oracle Linux 9.7,cpe:2.3:o:oracle:linux:-:*:*:*:*:*:*:*,oracle,linux,manual,matched,https://nvd.nist.gov/products/cpe/search#results?namingFormat=2.3&keyword=oracle%20linux,2026-04-28
Orange Business PQC WAN,,,,,not_found,,2026-04-01
OVHcloud QRNG SSL,,,,,not_found,,2026-04-01
PacketLight PQC Optical Encryption,,,,,not_found,,2026-04-01
Palo Alto Cortex XDR,cpe:2.3:a:paloaltonetworks:cortex_xdr_agent:5.0:*:*:*:*:*:*:*,paloaltonetworks,cortex_xdr_agent,partial,partial,https://nvd.nist.gov/products/cpe/search#results?namingFormat=2.3&keyword=palo%20alto%20cortex%20xdr,2026-04-01
Palo Alto GlobalProtect,cpe:2.3:a:paloaltonetworks:globalprotect:-:*:*:*:*:*:*:*,paloaltonetworks,globalprotect,manual,matched,https://nvd.nist.gov/products/cpe/search#results?namingFormat=2.3&keyword=paloaltonetworks%20globalprotect,2026-04-28
Palo Alto PAN-OS,cpe:2.3:o:paloaltonetworks:pan-os:5.1.10:*:*:*:*:*:*:*,paloaltonetworks,pan-os,exact,matched,https://nvd.nist.gov/products/cpe/search#results?namingFormat=2.3&keyword=palo%20alto%20pan-os,2026-04-01
Palo Alto Prisma SASE,,,,,not_found,,2026-04-01
Palo Alto Quantum-Safe Security,,,,,not_found,,2026-04-01
Paradym (Animo Solutions),,,,,not_found,,2026-04-01
Paramiko (Python SSH),,,,,not_found,,2026-04-01
Patero PQC Gateway,,,,,not_found,,2026-04-01
Payara Server,,,,,not_found,,2026-04-01
pfSense Community Edition,,,,,not_found,,2026-04-01
Ping Identity PingFederate,cpe:2.3:a:pingidentity:pingfederate:6.10.1:*:*:*:*:*:*:*,pingidentity,pingfederate,exact,matched,https://nvd.nist.gov/products/cpe/search#results?namingFormat=2.3&keyword=ping%20identity%20pingfederate,2026-04-01
Polkadot/Substrate,,,,,not_found,,2026-04-01
Postfix 3.10 PQC,cpe:2.3:a:postfix:postfix:-:*:*:*:*:*:*:*,postfix,postfix,manual,matched,https://nvd.nist.gov/products/cpe/search#results?namingFormat=2.3&keyword=postfix%20postfix,2026-04-28
PostgreSQL,cpe:2.3:a:postgresql:postgresql:-:*:*:*:*:*:*:*,postgresql,postgresql,manual,matched,https://nvd.nist.gov/products/cpe/search#results?namingFormat=2.3&keyword=postgresql%20postgresql,2026-04-28
PostgreSQL pgcrypto,,,,,not_found,,2026-04-01
PowerDNS PQC DNSSEC,,,,,not_found,,2026-04-01
PQ Code Package,,,,,not_found,,2026-04-01
pqc-flow,,,,,not_found,,2026-04-01
PQC-LEO,,,,,not_found,,2026-04-01
pQCee CNG Provider,,,,,not_found,,2026-04-01
PQChat Quantum-Safe Messaging,,,,,not_found,,2026-04-01
PQClean,cpe:2.3:a:pqclean_project:pqclean:-:*:*:*:*:*:*:*,pqclean_project,pqclean,exact,matched,https://nvd.nist.gov/products/cpe/search#results?namingFormat=2.3&keyword=pqclean%20pqclean,2026-04-01
pqcrypto,,,,,not_found,,2026-04-01
pqcrypto Python Library,,,,,not_found,,2026-04-01
PQCryptoLib-Core,,,,,not_found,,2026-04-01
pqcscan,,,,,not_found,,2026-04-01
pqm4,,,,,not_found,,2026-04-01
PQMicroLib-Core,,,,,not_found,,2026-04-01
PQSecure Technologies HW IP,,,,,not_found,,2026-04-01
PQShield Core,,,,,not_found,,2026-04-01
PQShield PQE2E Messaging SDK,,,,,not_found,,2026-04-01
PQShield PQSDK,,,,,not_found,,2026-04-01
Procivis One,,,,,not_found,,2026-04-01
Project Eleven Solana PQC,,,,,not_found,,2026-04-01
Proofpoint Aegis,,,,,not_found,,2026-04-01
Protect AI Guardian,,,,,not_found,,2026-04-01
Proton Mail,,,,,not_found,,2026-04-01
Proton Mail PQC OpenPGP,,,,,not_found,,2026-04-01
Proton VPN,,,,,not_found,,2026-04-01
Pure Storage Purity//FA 6.6,cpe:2.3:a:purestorage:purity\/\/fa:6.6.0:*:*:*:*:*:*:*,purestorage,purity\/\/fa,partial,partial,https://nvd.nist.gov/products/cpe/search#results?namingFormat=2.3&keyword=pure%20storage%20purity//fa%206.6,2026-04-01
PuTTY,cpe:2.3:a:putty:putty:-:*:*:*:*:*:*:*,putty,putty,manual,matched,https://nvd.nist.gov/products/cpe/search#results?namingFormat=2.3&keyword=putty%20putty,2026-04-28
PyCryptodome,,,,,not_found,,2026-04-01
PyJWT,cpe:2.3:a:pyjwt_project:pyjwt:0.1.6:*:*:*:*:*:*:*,pyjwt_project,pyjwt,exact,matched,https://nvd.nist.gov/products/cpe/search#results?namingFormat=2.3&keyword=pyjwt%20pyjwt,2026-04-01
Q-CORE Q-Scanner,,,,,not_found,,2026-04-01
QAN XLINK PQC,,,,,not_found,,2026-04-01
QNu Labs QShield,,,,,not_found,,2026-04-01
QRL,,,,,not_found,,2026-04-01
QRL 2.0 (Quantum Resistant Ledger),,,,,not_found,,2026-04-01
Qrypt BLAST SDK,,,,,not_found,,2026-04-01
Qrypt VPN for NVIDIA Jetson,,,,,not_found,,2026-04-01
Qualcomm Snapdragon SPU,,,,,not_found,,2026-04-01
Qualcomm Snapdragon Trusted Execution Environment,,,,,not_found,,2026-04-01
Qualys Cloud Platform,cpe:2.3:a:qualys:private_cloud_platform:10.24.0.0:*:*:*:*:*:*:*,qualys,private_cloud_platform,exact,matched,https://nvd.nist.gov/products/cpe/search#results?namingFormat=2.3&keyword=qualys%20cloud%20platform,2026-04-01
Quantinuum Quantum Origin,,,,,not_found,,2026-04-01
Quantropi QiSpace STM32,,,,,not_found,,2026-04-01
Quantum Bridge DSKE,,,,,not_found,,2026-04-01
Quantum eMotion Sentry-Q,,,,,not_found,,2026-04-01
Quantum Xchange Platform,,,,,not_found,,2026-04-01
QuintessenceLabs qSOC,,,,,not_found,,2026-04-01
QuintessenceLabs qStream,,,,,not_found,,2026-04-01
Quranium PQC Blockchain,,,,,not_found,,2026-04-01
QuSecure QuProtect R3,,,,,not_found,,2026-04-01
QuSecure QuProtect Tactical,,,,,not_found,,2026-04-01
QVerse,,,,,not_found,,2026-04-01
R3 Corda,cpe:2.3:a:r3:corda:4.1:*:*:*:open_source:*:*:*,r3,corda,exact,matched,https://nvd.nist.gov/products/cpe/search#results?namingFormat=2.3&keyword=r3%20corda,2026-04-01
Rakuten Symphony (Symworld),,,,,not_found,,2026-04-01
Rambus QSE IP,,,,,not_found,,2026-04-01
Rapid7 InsightVM,cpe:2.3:a:rapid7:insightvm:6.4.31:*:*:*:*:*:*:*,rapid7,insightvm,exact,matched,https://nvd.nist.gov/products/cpe/search#results?namingFormat=2.3&keyword=rapid7%20insightvm,2026-04-01
Recorded Future,,,,,not_found,,2026-04-01
Red Hat Enterprise Linux 10 PQC,,,,,not_found,,2026-04-01
Red Hat Enterprise Linux 9,cpe:2.3:o:redhat:enterprise_linux:9.0:*:*:*:*:*:*:*,redhat,enterprise_linux,exact,matched,https://nvd.nist.gov/products/cpe/search#results?namingFormat=2.3&keyword=red%20hat%20enterprise%20linux%209,2026-04-01
Red Hat OpenShift,cpe:2.3:a:redhat:openshift:2.0.5:*:enterprise:*:*:*:*:*,redhat,openshift,exact,matched,https://nvd.nist.gov/products/cpe/search#results?namingFormat=2.3&keyword=red%20hat%20openshift,2026-04-01
Red Hat OpenShift Service Mesh PQC,,,,,not_found,,2026-04-01
Redis,cpe:2.3:a:redis:redis:-:*:*:*:*:*:*:*,redis,redis,manual,matched,https://nvd.nist.gov/products/cpe/search#results?namingFormat=2.3&keyword=redis%20redis,2026-04-28
Renesas Veridify PQC for RA MCUs,,,,,not_found,,2026-04-01
Resquant Crypto Accelerator,,,,,not_found,,2026-04-01
Rocky Linux,,,,,not_found,,2026-04-01
RPM Signing (rpm-sign),,,,,not_found,,2026-04-01
Rubrik Security Cloud,,,,,not_found,,2026-04-01
RustCrypto ml-dsa,,,,,not_found,,2026-04-01
RustCrypto ml-kem,,,,,not_found,,2026-04-01
RustCrypto slh-dsa,,,,,not_found,,2026-04-01
rustls,cpe:2.3:a:rustls_project:rustls:0.1.0:*:*:*:*:*:*:*,rustls_project,rustls,exact,matched,https://nvd.nist.gov/products/cpe/search#results?namingFormat=2.3&keyword=rustls%20rustls,2026-04-01
SA QuTI Quantum Communications,,,,,not_found,,2026-04-01
SafeLogic CryptoComply,,,,,not_found,,2026-04-01
SAML 2.0,,,,,not_found,,2026-04-01
Samsung Knox Quantum-Safe,,,,,not_found,,2026-04-01
Samsung Networks 5G Core,,,,,not_found,,2026-04-01
Samsung S3SSE2A eSE,,,,,not_found,,2026-04-01
Samsung SDS S-CAPE PQC Platform,,,,,not_found,,2026-04-01
SandboxAQ AQtive Guard,,,,,not_found,,2026-04-01
SandboxAQ Sandwich,,,,,not_found,,2026-04-01
SAP Cryptographic Library,,,,,not_found,,2026-04-01
SAP Cryptographic Library 8.6 PQC,,,,,not_found,,2026-04-01
Scality RING9,,,,,not_found,,2026-04-01
SEALSQ QS7001,,,,,not_found,,2026-04-01
SEALSQ Quantum Shield,,,,,not_found,,2026-04-01
SEALSQ QVault TPM,,,,,not_found,,2026-04-01
Sectigo 2026 Predictions,,,,,not_found,,2026-04-01
Sectigo Cert Manager 2026,,,,,not_found,,2026-04-01
Sectigo Certificate Manager,,,,,not_found,,2026-04-01
Sectigo Certificate Manager (SCM),,,,,not_found,,2026-04-01
Secunet SINA PQC Components,,,,,not_found,,2026-04-01
Secure-IC Securyzr,,,,,not_found,,2026-04-01
Securosys CloudHSM,,,,,not_found,,2026-04-01
Securosys Primus CyberVault PQC,,,,,not_found,,2026-04-01
Securosys Primus HSM,,,,,not_found,,2026-04-01
Senetas CN7000 Series,,,,,not_found,,2026-04-01
Sequoia-PGP PQC,,,,,not_found,,2026-04-01
Session Protocol V2 PQC,,,,,not_found,,2026-04-01
Siemens SINEMA Remote Connect,cpe:2.3:a:siemens:sinema_remote_connect:-:*:*:*:*:*:*:*,siemens,sinema_remote_connect,exact,matched,https://nvd.nist.gov/products/cpe/search#results?namingFormat=2.3&keyword=siemens%20sinema%20remote%20connect,2026-04-01
Signal,,,,,not_found,,2026-04-01
Signiant Media Shuttle,,,,,not_found,,2026-04-01
SignQuantum PQC E-Signature,,,,,not_found,,2026-04-01
SignServer,,,,,not_found,,2026-04-01
sigstore/cosign,,,,,not_found,,2026-04-01
SimpleX Chat PQC,,,,,not_found,,2026-04-01
Singtel Quantum-Safe Network,,,,,not_found,,2026-04-01
SK Telecom 5G PQC SIM,,,,,not_found,,2026-04-01
smallstep Certificate Authority,,,,,not_found,,2026-04-01
Snort IDS/IPS,cpe:2.3:a:snort:snort:-:*:*:*:*:*:*:*,snort,snort,manual,matched,https://nvd.nist.gov/products/cpe/search#results?namingFormat=2.3&keyword=snort%20snort,2026-04-28
SOC 2 (Quantum Trust Criteria),,,,,not_found,,2026-04-01
SoftHSM2,,,,,not_found,,2026-04-01
Solana,,,,,not_found,,2026-04-01
Sonatype Nexus,cpe:2.3:a:sonatype:nexus:-:*:*:*:*:*:*:*,sonatype,nexus,manual,matched,https://nvd.nist.gov/products/cpe/search#results?namingFormat=2.3&keyword=sonatype%20nexus,2026-04-28
SOTI MobiControl,,,,,not_found,,2026-04-01
Sphereon SSI SDK,,,,,not_found,,2026-04-01
Spherity CARO Pharma PQC,,,,,not_found,,2026-04-01
Splunk Enterprise,cpe:2.3:a:splunk:splunk:6.1.3:*:*:*:enterprise:*:*:*,splunk,splunk,partial,partial,https://nvd.nist.gov/products/cpe/search#results?namingFormat=2.3&keyword=splunk%20enterprise,2026-04-01
Spring Security OAuth2,,,,,not_found,,2026-04-01
SpruceID,,,,,not_found,,2026-04-01
SQL Server TDE/Always Encrypted,,,,,not_found,,2026-04-01
SSLyze,,,,,not_found,,2026-04-01
STMicroelectronics ST33KTPM,,,,,not_found,,2026-04-01
STMicroelectronics X-CUBE-PQC,,,,,not_found,,2026-04-01
strongSwan,cpe:2.3:a:strongswan:strongswan:2.1.2:*:*:*:*:*:*:*,strongswan,strongswan,exact,matched,https://nvd.nist.gov/products/cpe/search#results?namingFormat=2.3&keyword=strongswan%20strongswan,2026-04-01
STV Post-Quantum Secure Drones,,,,,not_found,,2026-04-01
Sui,,,,,not_found,,2026-04-01
SUPERCOP,,,,,not_found,,2026-04-01
Surfshark,,,,,not_found,,2026-04-01
Suricata IDS/IPS,cpe:2.3:a:oisf:suricata:-:*:*:*:*:*:*:*,oisf,suricata,manual,matched,https://nvd.nist.gov/products/cpe/search#results?namingFormat=2.3&keyword=oisf%20suricata,2026-04-28
SUSE Linux Enterprise Server (SLES),cpe:2.3:o:suse:linux_enterprise_server:12:*:*:*:ltss:*:*:*,suse,linux_enterprise_server,exact,matched,https://nvd.nist.gov/products/cpe/search#results?namingFormat=2.3&keyword=suse%20linux%20enterprise%20server%20%28sles%29,2026-04-01
SWIFT Quantum-Safe Messaging,,,,,not_found,,2026-04-01
Tailscale PQC,,,,,not_found,,2026-04-01
Taurus SA,,,,,not_found,,2026-04-01
Telegram,cpe:2.3:a:telegram_desktop:telegram_desktop:0.10.19:*:*:*:*:*:*:*,telegram_desktop,telegram_desktop,exact,matched,https://nvd.nist.gov/products/cpe/search#results?namingFormat=2.3&keyword=telegram%20telegram,2026-04-01
Teleport Access Platform,,,,,not_found,,2026-04-01
Tenable Nessus Professional,,,,,not_found,,2026-04-01
testssl.sh,,,,,not_found,,2026-04-01
Thales 5G Quantum-Safe SIM,,,,,not_found,,2026-04-01
Thales CipherTrust Cloud Key Manager,,,,,not_found,,2026-04-01
Thales CipherTrust Data Security Platform,,,,,not_found,,2026-04-01
Thales CipherTrust Manager,,,,,not_found,,2026-04-01
Thales High Speed Encryptor (HSE),,,,,not_found,,2026-04-01
Thales Luna Cloud HSM (DPoD),,,,,not_found,,2026-04-01
Thales Luna HSM,,,,,not_found,,2026-04-01
Thales Luna T-Series HSM,,,,,not_found,,2026-04-01
Thales MISTRAL Encryptor,,,,,not_found,,2026-04-01
Thales MultiApp 5.2 Premium PQC,,,,,not_found,,2026-04-01
Thales payShield 10K,,,,,not_found,,2026-04-01
Threema PQC,,,,,not_found,,2026-04-01
Thunderbird PQC (OpenPGP),,,,,not_found,,2026-04-01
TianoCore EDK2 (UEFI Firmware),,,,,not_found,,2026-04-01
TII PQC Library (UAE),,,,,not_found,,2026-04-01
TikTok PQC Data Protection,,,,,not_found,,2026-04-01
TOPPAN SecureBridge HPKI PQC,,,,,not_found,,2026-04-01
Tor Browser,cpe:2.3:a:tor_browser_the_short_guide_project:tor_browser_the_short_guide:0.1:*:*:*:*:android:*:*,tor_browser_the_short_guide_project,tor_browser_the_short_guide,exact,matched,https://nvd.nist.gov/products/cpe/search#results?namingFormat=2.3&keyword=tor%20browser,2026-04-01
Toshiba Integrated PQC-QKD Platform,,,,,not_found,,2026-04-01
Toshiba QKD System,,,,,not_found,,2026-04-01
Traefik,cpe:2.3:a:containous:traefik:-:*:*:*:*:*:*:*,containous,traefik,manual,matched,https://nvd.nist.gov/products/cpe/search#results?namingFormat=2.3&keyword=containous%20traefik,2026-04-28
Trezor Safe 7 PQC,,,,,not_found,,2026-04-01
TrustCloud Quantum Vault,,,,,not_found,,2026-04-01
Tuta Mail,,,,,not_found,,2026-04-01
U-Boot,,,,,not_found,,2026-04-01
Ubuntu 24.04 LTS,cpe:2.3:o:canonical:ubuntu_linux:-:*:*:*:*:*:*:*,canonical,ubuntu_linux,manual,matched,https://nvd.nist.gov/products/cpe/search#results?namingFormat=2.3&keyword=canonical%20ubuntu_linux,2026-04-28
Ubuntu 26.04 LTS,cpe:2.3:o:canonical:ubuntu_linux:-:*:*:*:*:*:*:*,canonical,ubuntu_linux,manual,matched,https://nvd.nist.gov/products/cpe/search#results?namingFormat=2.3&keyword=canonical%20ubuntu_linux,2026-04-28
Unisys ClearPath Forward,,,,,not_found,,2026-04-01
Utimaco ESKM,,,,,not_found,,2026-04-01
Utimaco Quantum Protect Suite,,,,,not_found,,2026-04-01
Utimaco SecurityServer,,,,,not_found,,2026-04-01
Utimaco uTrust HSM,,,,,not_found,,2026-04-01
VanDyke SecureCRT 10.x,,,,,not_found,,2026-04-01
Veeam Data Platform v13,,,,,not_found,,2026-04-01
Venafi CodeSign Protect,,,,,not_found,,2026-04-01
Venafi TLS PQC Continuity,,,,,not_found,,2026-04-01
Venafi TLS Protect,,,,,not_found,,2026-04-01
Venafi Trust Protection Platform,,,,,not_found,,2026-04-01
Veracode Platform,,,,,not_found,,2026-04-01
VeraCrypt,cpe:2.3:a:veracrypt:veracrypt:1.14:*:*:*:*:*:*:*,veracrypt,veracrypt,exact,matched,https://nvd.nist.gov/products/cpe/search#results?namingFormat=2.3&keyword=veracrypt%20veracrypt,2026-04-01
Veritas NetBackup 10.5,,,,,not_found,,2026-04-01
Veritas NetBackup 11 PQC,,,,,not_found,,2026-04-01
Versa Networks SASE PQC,,,,,not_found,,2026-04-01
VIAVI Observer Analyzer,,,,,not_found,,2026-04-01
VIAVI TeraVM Security Test,,,,,not_found,,2026-04-01
Virtru Data Protection,,,,,not_found,,2026-04-01
VMware Avi Load Balancer PQC,,,,,not_found,,2026-04-01
VMware ESXi 9.0,cpe:2.3:o:vmware:esxi:-:*:*:*:*:*:*:*,vmware,esxi,manual,matched,https://nvd.nist.gov/products/cpe/search#results?namingFormat=2.3&keyword=vmware%20esxi,2026-04-28
VMware Horizon,cpe:2.3:a:vmware:horizon:-:*:*:*:*:*:*:*,vmware,horizon,manual,matched,https://nvd.nist.gov/products/cpe/search#results?namingFormat=2.3&keyword=vmware%20horizon,2026-04-28
VMware Workspace ONE,cpe:2.3:a:vmware:workspace_one:2.5.1:*:*:*:*:iphone_os:*:*,vmware,workspace_one,exact,matched,https://nvd.nist.gov/products/cpe/search#results?namingFormat=2.3&keyword=vmware%20workspace%20one,2026-04-01
Vodafone Quantum-Safe Network,,,,,not_found,,2026-04-01
Vox Messenger PQC,,,,,not_found,,2026-04-01
Vultr Cloud GPU,,,,,not_found,,2026-04-01
walt.id,,,,,not_found,,2026-04-01
WhatsApp,cpe:2.3:a:whatsapp:whatsapp:2.2.5:*:*:*:*:iphone_os:*:*,whatsapp,whatsapp,exact,matched,https://nvd.nist.gov/products/cpe/search#results?namingFormat=2.3&keyword=whatsapp%20whatsapp,2026-04-01
WildFly (JBoss),cpe:2.3:a:redhat:wildfly:-:*:*:*:*:*:*:*,redhat,wildfly,manual,matched,https://nvd.nist.gov/products/cpe/search#results?namingFormat=2.3&keyword=redhat%20wildfly,2026-04-28
Wind River VxWorks,,,,,not_found,,2026-04-01
Windows 11,cpe:2.3:o:microsoft:windows_11:-:*:*:*:*:*:*:*,microsoft,windows_11,manual,matched,https://nvd.nist.gov/products/cpe/search#results?namingFormat=2.3&keyword=microsoft%20windows_11,2026-04-28
Windows Server 2025,cpe:2.3:o:microsoft:windows_server_2025:-:*:*:*:*:*:*:*,microsoft,windows_server_2025,manual,matched,https://nvd.nist.gov/products/cpe/search#results?namingFormat=2.3&keyword=microsoft%20windows_server_2025,2026-04-28
Windscribe,cpe:2.3:a:windscribe:windscribe:1.81:*:*:*:*:*:*:*,windscribe,windscribe,exact,matched,https://nvd.nist.gov/products/cpe/search#results?namingFormat=2.3&keyword=windscribe%20windscribe,2026-04-01
WinSCP PQC File Transfer,,,,,not_found,,2026-04-01
Wire,,,,,not_found,,2026-04-01
WireGuard,,,,,not_found,,2026-04-01
WISeSat PQC Constellation,,,,,not_found,,2026-04-01
Wiz Cloud Security PQC,,,,,not_found,,2026-04-01
wolfBoot,,,,,not_found,,2026-04-01
wolfSSH,cpe:2.3:a:wolfssh:wolfssh:1.4.7:*:*:*:*:*:*:*,wolfssh,wolfssh,exact,matched,https://nvd.nist.gov/products/cpe/search#results?namingFormat=2.3&keyword=wolfssh%20wolfssh,2026-04-01
wolfSSL,cpe:2.3:a:wolfssl:wolfssl:-:*:*:*:*:*:*:*,wolfssl,wolfssl,manual,matched,https://nvd.nist.gov/products/cpe/search#results?namingFormat=2.3&keyword=wolfssl%20wolfssl,2026-04-28
wolfTPM PQC,,,,,not_found,,2026-04-01
Xiphera PQC IP Cores,,,,,not_found,,2026-04-01
Xiphera XIP6110B,,,,,not_found,,2026-04-01
Xiphera xQlave,,,,,not_found,,2026-04-01
XiPKI,,,,,not_found,,2026-04-01
xmss-reference,,,,,not_found,,2026-04-01
Yubico YubiHSM 2,,,,,not_found,,2026-04-01
Zeek Network Analysis Framework,cpe:2.3:a:zeek:zeek:-:*:*:*:*:*:*:*,zeek,zeek,manual,matched,https://nvd.nist.gov/products/cpe/search#results?namingFormat=2.3&keyword=zeek%20zeek,2026-04-28
ZeroTier Quantum,,,,,not_found,,2026-04-01
Zerto 11.0,,,,,not_found,,2026-04-01
Zodia Custody,,,,,not_found,,2026-04-01
Zoom Compliance 2026,,,,,not_found,,2026-04-01
Zscaler Zero Trust Exchange,,,,,not_found,,2026-04-01
Zscaler ZTE,,,,,not_found,,2026-04-01
Kryptus kNET HSM PQC,,,,,not_found,,2026-04-01
Bradesco IBM Quantum Safe,,,,,not_found,,2026-04-01
FENASBAC Pix PQC Research,,,,,not_found,,2026-04-01
Sequre Quantum (Chile),,,,,not_found,,2026-04-01
Chile National Quantum Strategy,,,,,not_found,,2026-04-01
Telefonica Quantum Centre,,,,,not_found,,2026-04-01
STC Quantum-Safe Framework,,,,,not_found,,2026-04-01
E& Nokia Quantum-Safe Network,,,,,not_found,,2026-04-01
TUBITAK BILGEM PQC (Turkey),,,,,not_found,,2026-04-01
Turkcell Nokia Quantum-Safe IPsec,,,,,not_found,,2026-04-01
Qatar QC2 Quantum Center,,,,,not_found,,2026-04-01
Quantum Leap Africa (AIMS),,,,,not_found,,2026-04-01
QuantumCTek PQC Chip,,,,,not_found,,2026-04-01
China Telecom Quantum Group,,,,,not_found,,2026-04-01
China PQC National Standards (ICCS),,,,,not_found,,2026-04-01
Toppan PQC CARD,,,,,not_found,,2026-04-01
Fujitsu PQC Networks,,,,,not_found,,2026-04-01
NEDO PQShield Japan PQC Program,,,,,not_found,,2026-04-01
Chelpis Quantum PQC (Taiwan),,,,,not_found,,2026-04-01
SECQAI Q-Locked TPM (Taiwan/TSMC),,,,,not_found,,2026-04-01
Taiwan QSMC Migration Center,,,,,not_found,,2026-04-01
Malaysia NACSA PQC Roadmap,,,,,not_found,,2026-04-01
Indonesia BSSN PQC Migration,,,,,not_found,,2026-04-01
Cybernetica PQC Estonia,,,,,not_found,,2026-04-01
CZQCI Czech Quantum Infrastructure,,,,,not_found,,2026-04-01
PIONIER-Q Poland QCI,,,,,not_found,,2026-04-01
Spain Quantum Strategy EUR 808M,,,,,not_found,,2026-04-01
MadQuantum-CM (Spain),,,,,not_found,,2026-04-01
ASD Australia PQC Transition,,,,,not_found,,2026-04-01
NZISM New Zealand PQC Guidance,,,,,not_found,,2026-04-01
QApp PQC TLS Gateway (Russia),,,,,not_found,,2026-04-01
Kryptonite Shipovnik PQC Signature (Russia),,,,,not_found,,2026-04-01
EU PQC Implementation Roadmap,,,,,not_found,,2026-04-01
