ref_id,source_name,category,source_type,pillar,maturity_level,asset_class,requirement,evidence_quote,evidence_location,source_url,confidence,extraction_model,extraction_date
FIPS 203,Module-Lattice-Based Key-Encapsulation Mechanism Standard (ML-KEM),Technical Standards,KEM,governance,2,all,Ensure overall implementation provides an acceptable level of security as determined by the responsible authority in each agency or department.,The responsible authority in each agency or department shall ensure that an overall implementation provides an acceptable level of security.,Section 13,https://nvlpubs.nist.gov/nistpubs/FIPS/NIST.FIPS.203.pdf,high,qwen3.5:27b,2026-04-23
FIPS 203,Module-Lattice-Based Key-Encapsulation Mechanism Standard (ML-KEM),Technical Standards,KEM,governance,2,software,Ensure that any module implementing key establishment capability is designed and built in a secure manner.,It is the responsibility of the implementer to ensure that any module that implements a key establishment capability is designed and built in a secure manner.,Section 13,https://nvlpubs.nist.gov/nistpubs/FIPS/NIST.FIPS.203.pdf,high,qwen3.5:27b,2026-04-23
FIPS 203,Module-Lattice-Based Key-Encapsulation Mechanism Standard (ML-KEM),Technical Standards,KEM,lifecycle,2,keys,"Guard against the disclosure of randomness used by parties, decapsulation keys, and shared secret keys to maintain security guarantees.","Users shall, therefore, guard against the disclosure of these values [randomness used by the two parties, the decapsulation key, and the shared secret key itself].",Section 13,https://nvlpubs.nist.gov/nistpubs/FIPS/NIST.FIPS.203.pdf,high,qwen3.5:27b,2026-04-23
FIPS 203,Module-Lattice-Based Key-Encapsulation Mechanism Standard (ML-KEM),Technical Standards,KEM,assurance,2,software,Employ cryptographic algorithms approved for protecting Federal Government-sensitive information in implementations complying with this standard.,Implementations that comply with this standard shall employ cryptographic algorithms that have been approved for protecting Federal Government-sensitive information.,Section 8,https://nvlpubs.nist.gov/nistpubs/FIPS/NIST.FIPS.203.pdf,high,qwen3.5:27b,2026-04-23
FIPS 203,Module-Lattice-Based Key-Encapsulation Mechanism Standard (ML-KEM),Technical Standards,KEM,assurance,2,software,Ensure exports of cryptographic modules implementing this standard comply with federal laws and are licensed by the Bureau of Industry and Security.,Exports of cryptographic modules that implement this standard and technical data regarding them must comply with all federal laws and regulations and be licensed by the Bureau of Industry and Security of the U.S. Department of Commerce.,Section 9,https://nvlpubs.nist.gov/nistpubs/FIPS/NIST.FIPS.203.pdf,high,qwen3.5:27b,2026-04-23
RFC 9881,Algorithm Identifiers for ML-DSA in X.509 PKI,Technical Standards,PKI Certificate Management,lifecycle,3,certificates,Configure CA implementations to explicitly specify ML-DSA algorithms using the defined OIDs when encoding signatures in certificates and CRLs.,Conforming Certification Authority (CA) implementations MUST specify the algorithms explicitly by using the OIDs specified in Section 2 when encoding ML-DSA signatures in certificates and CRLs.,Section 3,https://www.rfc-editor.org/rfc/rfc9881.html,high,qwen3.5:27b,2026-04-23
RFC 9881,Algorithm Identifiers for ML-DSA in X.509 PKI,Technical Standards,PKI Certificate Management,lifecycle,3,certificates,Ensure client implementations recognize the specific OIDs defined for ML-DSA when processing certificates and CRLs.,Conforming client implementations that process certificates and CRLs using ML-DSA MUST recognize the corresponding OIDs.,Section 3,https://www.rfc-editor.org/rfc/rfc9881.html,high,qwen3.5:27b,2026-04-23
RFC 9881,Algorithm Identifiers for ML-DSA in X.509 PKI,Technical Standards,PKI Certificate Management,lifecycle,3,certificates,"Enforce that the keyUsage extension in certificates containing ML-DSA public keys includes at least one of: digitalSignature, nonRepudiation, keyCertSign, or cRLSign.","If the keyUsage extension is present in a certificate that includes id-ml-dsa-* ... then the subject public key can only be used for verifying digital signatures ... This means that the keyUsage extension MUST have at least one of the following bits set: digitalSignature, nonRepudiation, keyCertSign, cRLSign",Section 5,https://www.rfc-editor.org/rfc/rfc9881.html,high,qwen3.5:27b,2026-04-23
RFC 9881,Algorithm Identifiers for ML-DSA in X.509 PKI,Technical Standards,PKI Certificate Management,lifecycle,3,certificates,"Prohibit the use of keyEncipherment, dataEncipherment, keyAgreement, encipherOnly, or decipherOnly bits in the keyUsage extension for certificates containing ML-DSA public keys.","ML-DSA subject public keys cannot be used to establish keys or encrypt data, so the keyUsage extension MUST NOT have any of the following bits set: keyEncipherment, dataEncipherment, keyAgreement, encipherOnly, decipherOnly",Section 5,https://www.rfc-editor.org/rfc/rfc9881.html,high,qwen3.5:27b,2026-04-23
RFC 9881,Algorithm Identifiers for ML-DSA in X.509 PKI,Technical Standards,PKI Certificate Management,lifecycle,3,keys,Adopt the seed format for encoding ML-DSA private keys to efficiently store both private and public key components.,The seed format is RECOMMENDED as it efficiently stores both the private and public key.,Section 6,https://www.rfc-editor.org/rfc/rfc9881.html,medium,qwen3.5:27b,2026-04-23
FIPS-140-3-STANDARD,FIPS 140-3 — Security Requirements for Cryptographic Modules,Certification Schemes,Standard,assurance,3,all,Validate cryptographic modules against FIPS 140-3 via accredited laboratories to ensure conformance before deployment.,"The Cryptographic Module Validation Program (CMVP) validates cryptographic modules to Federal Information Processing Standard (FIPS) 140-3... In the CMVP, vendors of cryptographic modules use independent, accredited Cryptographic and Security Testing (CST) laboratories to have their modules tested.","Section 3, Paragraph 3",https://nvlpubs.nist.gov/nistpubs/FIPS/NIST.FIPS.140-3.pdf,high,qwen3.5:27b,2026-04-23
FIPS-140-3-STANDARD,FIPS 140-3 — Security Requirements for Cryptographic Modules,Certification Schemes,Standard,assurance,2,all,Ensure cryptographic modules employ only approved security functions specified in FIPS or NIST Special Publications.,"Cryptographic modules that conform to this standard shall employ Approved security functions such as cryptographic algorithms, cryptographic key management techniques, and authentication techniques that have been approved for protecting Federal government sensitive information.",Section 10,https://nvlpubs.nist.gov/nistpubs/FIPS/NIST.FIPS.140-3.pdf,high,qwen3.5:27b,2026-04-23
FIPS-140-3-STANDARD,FIPS 140-3 — Security Requirements for Cryptographic Modules,Certification Schemes,Standard,lifecycle,2,all,Develop acquisition plans for FIPS 140-3 compliant products and avoid using historical validation lists for procurement.,"Agencies should develop plans for the acquisition of products that are compliant with FIPS 140-3; however, agencies may purchase any of the products on the CMVP validated modules list. (Note: the CMVP Historical list should not be used for procurement decisions.)",Section 12,https://nvlpubs.nist.gov/nistpubs/FIPS/NIST.FIPS.140-3.pdf,high,qwen3.5:27b,2026-04-23
FIPS-140-3-STANDARD,FIPS 140-3 — Security Requirements for Cryptographic Modules,Certification Schemes,Standard,governance,2,all,Assign responsibility to the operator and responsible authority for ensuring module security sufficiency and accepting residual risk.,The operator of a cryptographic module is responsible for ensuring that the security provided by a module is sufficient and acceptable to the owner of the information that is being protected and that any residual risk is acknowledged and accepted. The responsible authority in each agency shall ensure that the security of the system is sufficient and acceptable.,Section 13,https://nvlpubs.nist.gov/nistpubs/FIPS/NIST.FIPS.140-3.pdf,high,qwen3.5:27b,2026-04-23
FIPS-140-3-STANDARD,FIPS 140-3 — Security Requirements for Cryptographic Modules,Certification Schemes,Standard,governance,2,all,Establish a review cycle of at least every five years to consider necessary updates or replacement of the standard.,This standard will be reviewed at least every five years in order to consider necessary updates or replacement.,Section 13,https://nvlpubs.nist.gov/nistpubs/FIPS/NIST.FIPS.140-3.pdf,high,qwen3.5:27b,2026-04-23
CC-2022-PART1,Common Criteria 2022 Part 1 — Introduction and General Model (R1),Certification Schemes,Standard,assurance,3,all,Define security assurance requirements (SARs) to establish grounds for confidence that the TOE meets security functional requirements.,assurance: grounds for confidence that a target of evaluation (TOE) meets the security functional requirements (SFRs),Section 3.6,https://www.commoncriteriaportal.org/files/ccfiles/CC2022PART1R1.pdf,high,qwen3.5:27b,2026-04-23
CC-2022-PART1,Common Criteria 2022 Part 1 — Introduction and General Model (R1),Certification Schemes,Standard,assurance,3,all,Utilize named sets of security assurance requirements (assurance packages) to standardize evaluation levels.,assurance package: named set of security assurance requirements,Section 3.7,https://www.commoncriteriaportal.org/files/ccfiles/CC2022PART1R1.pdf,high,qwen3.5:27b,2026-04-23
CC-2022-PART1,Common Criteria 2022 Part 1 — Introduction and General Model (R1),Certification Schemes,Standard,inventory,2,all,Identify and define the Target of Evaluation (TOE) boundaries to establish the scope of the security evaluation.,establishes the core concept of a Target of Evaluation (TOE); describes the evaluation context,Section 1,https://www.commoncriteriaportal.org/files/ccfiles/CC2022PART1R1.pdf,high,qwen3.5:27b,2026-04-23
CC-2022-PART1,Common Criteria 2022 Part 1 — Introduction and General Model (R1),Certification Schemes,Standard,inventory,2,all,Document the operational environment and different configurations of the TOE to ensure complete estate visibility.,Different configurations of the TOE; Operational environment of the TOE,"Section 5.3.4, 5.3.5",https://www.commoncriteriaportal.org/files/ccfiles/CC2022PART1R1.pdf,high,qwen3.5:27b,2026-04-23
CC-2022-PART1,Common Criteria 2022 Part 1 — Introduction and General Model (R1),Certification Schemes,Standard,lifecycle,2,all,Establish a Security Problem Definition (SPD) including threats and organizational security policies to guide the evaluation lifecycle.,Security problem definition (SPD): General; Threats; Organizational security policies (OSPs); Assumptions,Section 7.1,https://www.commoncriteriaportal.org/files/ccfiles/CC2022PART1R1.pdf,high,qwen3.5:27b,2026-04-23
CC-2022-PART1,Common Criteria 2022 Part 1 — Introduction and General Model (R1),Certification Schemes,Standard,governance,2,all,Define the role and trust level of administrators who implement policies within the TOE security functionality.,administrator: entity that has a level of trust with respect to all policies implemented by the TOE security functionality (TSF),Section 3.2,https://www.commoncriteriaportal.org/files/ccfiles/CC2022PART1R1.pdf,high,qwen3.5:27b,2026-04-23
CC-2022-PART1,Common Criteria 2022 Part 1 — Introduction and General Model (R1),Certification Schemes,Standard,governance,2,all,Ensure evaluation results are meaningful by verifying the context of security properties and methods used.,"Evaluation authorities are advised to carefully check the products, properties, and methods to determine that an evaluation provides meaningful results.",Introduction,https://www.commoncriteriaportal.org/files/ccfiles/CC2022PART1R1.pdf,high,qwen3.5:27b,2026-04-23
NIST-FIPS140-3-IG-PQC,FIPS 140-3 Implementation Guidance for Post-Quantum Cryptography,Certification Schemes,Compliance/Guidance,assurance,3,software,"Identify embedded validated modules by name, certificate number, and version in the Security Policy and validation test report.","The FIPS 140-3 IUT submission (e.g., Security Policy and validation test report) shall precisely identify the EVM by name, CMVP certificate number and version(s).","Section 1.A, Resolution point 5",https://csrc.nist.gov/csrc/media/Projects/cryptographic-module-validation-program/documents/fips%20140-3/FIPS%20140-3%20IG.pdf,high,qwen3.5:27b,2026-04-23
NIST-FIPS140-3-IG-PQC,FIPS 140-3 Implementation Guidance for Post-Quantum Cryptography,Certification Schemes,Compliance/Guidance,assurance,3,software,Mark all references to embedded module functionality with [EVM] in Security Policy tables to distinguish IUT from EVM services.,"This shall be done per below by marking '[EVM]' to the start of each applicable reference within the following WebCyptik tables... All other areas of the Security Policy where EVM information is needed that are not shown in the above tables, shall also be marked with [EVM].","Section 1.A, Resolution point 5",https://csrc.nist.gov/csrc/media/Projects/cryptographic-module-validation-program/documents/fips%20140-3/FIPS%20140-3%20IG.pdf,high,qwen3.5:27b,2026-04-23
NIST-FIPS140-3-IG-PQC,FIPS 140-3 Implementation Guidance for Post-Quantum Cryptography,Certification Schemes,Compliance/Guidance,assurance,3,software,Ensure the embedded validated module (EVM) status is Active at the time of IUT submission to CMVP.,"The EVM status shall be Active (i.e., is not on the Historical or Revoked list) at the time of the IUT submission to the CMVP.","Section 1.A, Resolution point 4d",https://csrc.nist.gov/csrc/media/Projects/cryptographic-module-validation-program/documents/fips%20140-3/FIPS%20140-3%20IG.pdf,high,qwen3.5:27b,2026-04-23
NIST-FIPS140-3-IG-PQC,FIPS 140-3 Implementation Guidance for Post-Quantum Cryptography,Certification Schemes,Compliance/Guidance,assurance,3,software,Inherit the Historical validation status if the embedded validated module moves to the historical list for any reason.,"The IUT shall inherit the Historical validation status if the EVM moves to the historical list for any reason (e.g., is sunset or an algorithm transition).","Section 1.A, Resolution point 4c",https://csrc.nist.gov/csrc/media/Projects/cryptographic-module-validation-program/documents/fips%20140-3/FIPS%20140-3%20IG.pdf,high,qwen3.5:27b,2026-04-23
NIST-FIPS140-3-IG-PQC,FIPS 140-3 Implementation Guidance for Post-Quantum Cryptography,Certification Schemes,Compliance/Guidance,assurance,3,software,Only claim EVM services or algorithms as approved if they were approved at the time of IUT submission.,"To claim an EVM's implementation as an approved service / algorithm within the IUT documentation, the IUT shall only use EVM services / algorithms that are approved at the time of the IUT submission to the CMVP","Section 1.A, Resolution point 4e",https://csrc.nist.gov/csrc/media/Projects/cryptographic-module-validation-program/documents/fips%20140-3/FIPS%20140-3%20IG.pdf,high,qwen3.5:27b,2026-04-23
NIST-FIPS140-3-IG-PQC,FIPS 140-3 Implementation Guidance for Post-Quantum Cryptography,Certification Schemes,Compliance/Guidance,assurance,3,software,Verify that the operational environment of the embedded algorithm implementation matches the module's tested environment.,"The operational environment under which the validated cryptographic algorithm implementation was tested by the CAVP must be identical to, or fully included in the operational environment that the cryptographic module is being tested under by the CST laboratory","Section 2.3.A, Resolution point 2",https://csrc.nist.gov/csrc/media/Projects/cryptographic-module-validation-program/documents/fips%20140-3/FIPS%20140-3%20IG.pdf,high,qwen3.5:27b,2026-04-23
NIST-FIPS140-3-IG-PQC,FIPS 140-3 Implementation Guidance for Post-Quantum Cryptography,Certification Schemes,Compliance/Guidance,assurance,3,software,Ensure the embedded validated module is the same or higher security level as the IUT for all FIPS 140-3 sections except Mitigation of other attacks.,"For bound modules, the EVM shall be the same or higher security level as the IUT for all sections of the FIPS 140-3 standard, except for Mitigation of other attacks which can differ in security levels.","Section 1.A, Resolution point 4b",https://csrc.nist.gov/csrc/media/Projects/cryptographic-module-validation-program/documents/fips%20140-3/FIPS%20140-3%20IG.pdf,high,qwen3.5:27b,2026-04-23
NIST-FIPS140-3-IG-PQC,FIPS 140-3 Implementation Guidance for Post-Quantum Cryptography,Certification Schemes,Compliance/Guidance,lifecycle,3,software,"Re-validate algorithm implementations if the operational environment changes, such as moving from a 32-bit to a 64-bit platform.","If an implementation has been tested on an X-bit processor (e.g. 32-bit, 64-bit), a claim cannot be made that the implementation also runs on different bit size processors... In this case the operational environments are not the same; therefore, the algorithm implementations must be re-tested","Section 2.3.A, Resolution point 2",https://csrc.nist.gov/csrc/media/Projects/cryptographic-module-validation-program/documents/fips%20140-3/FIPS%20140-3%20IG.pdf,high,qwen3.5:27b,2026-04-23
NIST-FIPS140-3-IG-PQC,FIPS 140-3 Implementation Guidance for Post-Quantum Cryptography,Certification Schemes,Compliance/Guidance,lifecycle,3,software,Re-validate algorithm implementations if the operating system changes from the one tested during CAVP validation.,"If an algorithm implementation has been tested on one operating system, a claim cannot be made that the implementation also runs on another operating system when it is considered for module testing.","Section 2.3.A, Resolution point 2",https://csrc.nist.gov/csrc/media/Projects/cryptographic-module-validation-program/documents/fips%20140-3/FIPS%20140-3%20IG.pdf,high,qwen3.5:27b,2026-04-23
NIST-FIPS140-3-IG-PQC,FIPS 140-3 Implementation Guidance for Post-Quantum Cryptography,Certification Schemes,Compliance/Guidance,inventory,3,software,Clearly distinguish IUT functionality from EVM functionality in the Security Policy and validation test report.,The FIPS 140-3 Security Policy and validation test report for the IUT shall represent the functionality within its boundary with clear distinctions between IUT information and information associated with the EVM,"Section 1.A, Resolution point 5",https://csrc.nist.gov/csrc/media/Projects/cryptographic-module-validation-program/documents/fips%20140-3/FIPS%20140-3%20IG.pdf,high,qwen3.5:27b,2026-04-23
NIST-FIPS-140-3-IG-Sep-2025-PQC,FIPS 140-3 Implementation Guidance — September 2025 PQC update,Certification Schemes,Compliance Guidance,assurance,3,software,"Identify embedded validated modules by name, certificate number, and version in the Security Policy and validation test report.","The FIPS 140-3 IUT submission (e.g., Security Policy and validation test report) shall precisely identify the EVM by name, CMVP certificate number and version(s).","Section 1.A, Documentation Requirements, Item 5",https://csrc.nist.gov/csrc/media/Projects/cryptographic-module-validation-program/documents/fips%20140-3/FIPS%20140-3%20IG.pdf,high,qwen3.5:27b,2026-04-23
NIST-FIPS-140-3-IG-Sep-2025-PQC,FIPS 140-3 Implementation Guidance — September 2025 PQC update,Certification Schemes,Compliance Guidance,assurance,3,software,Mark all references to embedded module functionality with [EVM] in Security Policy tables to distinguish IUT from EVM services.,"This shall be done per below by marking '[EVM]' to the start of each applicable reference within the following WebCyptik tables... All other areas of the Security Policy where EVM information is needed that are not shown in the above tables, shall also be marked with [EVM].","Section 1.A, Documentation Requirements, Item 5",https://csrc.nist.gov/csrc/media/Projects/cryptographic-module-validation-program/documents/fips%20140-3/FIPS%20140-3%20IG.pdf,high,qwen3.5:27b,2026-04-23
NIST-FIPS-140-3-IG-Sep-2025-PQC,FIPS 140-3 Implementation Guidance — September 2025 PQC update,Certification Schemes,Compliance Guidance,assurance,3,software,Ensure the embedded validated module (EVM) status is Active at the time of IUT submission to CMVP.,"The EVM status shall be Active (i.e., is not on the Historical or Revoked list) at the time of the IUT submission to the CMVP.","Section 1.A, Embedding and Binding, Item 4d",https://csrc.nist.gov/csrc/media/Projects/cryptographic-module-validation-program/documents/fips%20140-3/FIPS%20140-3%20IG.pdf,high,qwen3.5:27b,2026-04-23
NIST-FIPS-140-3-IG-Sep-2025-PQC,FIPS 140-3 Implementation Guidance — September 2025 PQC update,Certification Schemes,Compliance Guidance,assurance,3,software,Inherit the Historical validation status if the embedded validated module moves to the historical list for any reason.,"The IUT shall inherit the Historical validation status if the EVM moves to the historical list for any reason (e.g., is sunset or an algorithm transition).","Section 1.A, Embedding and Binding, Item 4c",https://csrc.nist.gov/csrc/media/Projects/cryptographic-module-validation-program/documents/fips%20140-3/FIPS%20140-3%20IG.pdf,high,qwen3.5:27b,2026-04-23
NIST-FIPS-140-3-IG-Sep-2025-PQC,FIPS 140-3 Implementation Guidance — September 2025 PQC update,Certification Schemes,Compliance Guidance,assurance,3,software,Only claim EVM services or algorithms as approved if they were approved at the time of IUT submission.,"To claim an EVM's implementation as an approved service / algorithm within the IUT documentation, the IUT shall only use EVM services / algorithms that are approved at the time of the IUT submission to the CMVP","Section 1.A, Embedding and Binding, Item 4e",https://csrc.nist.gov/csrc/media/Projects/cryptographic-module-validation-program/documents/fips%20140-3/FIPS%20140-3%20IG.pdf,high,qwen3.5:27b,2026-04-23
NIST-FIPS-140-3-IG-Sep-2025-PQC,FIPS 140-3 Implementation Guidance — September 2025 PQC update,Certification Schemes,Compliance Guidance,assurance,3,software,Prohibit binding or embedding a FIPS 140-3 IUT to a FIPS 140-2 EVM.,A FIPS 140-3 IUT cannot embed or bind to a FIPS 140-2 EVM.,"Section 1.A, Embedding and Binding, Item 4f",https://csrc.nist.gov/csrc/media/Projects/cryptographic-module-validation-program/documents/fips%20140-3/FIPS%20140-3%20IG.pdf,high,qwen3.5:27b,2026-04-23
NIST-FIPS-140-3-IG-Sep-2025-PQC,FIPS 140-3 Implementation Guidance — September 2025 PQC update,Certification Schemes,Compliance Guidance,assurance,3,software,Verify that the operational environment of the embedded algorithm implementation is identical to or fully included in the module's tested environment.,"The operational environment under which the validated cryptographic algorithm implementation was tested by the CAVP must be identical to, or fully included in the operational environment that the cryptographic module is being tested under by the CST laboratory","Section 2.3.A, Resolution, Item 2",https://csrc.nist.gov/csrc/media/Projects/cryptographic-module-validation-program/documents/fips%20140-3/FIPS%20140-3%20IG.pdf,high,qwen3.5:27b,2026-04-23
NIST-FIPS-140-3-IG-Sep-2025-PQC,FIPS 140-3 Implementation Guidance — September 2025 PQC update,Certification Schemes,Compliance Guidance,assurance,3,software,Ensure the embedded validated module is the same or higher security level as the IUT for all FIPS 140-3 sections except Mitigation of other attacks.,"For bound modules, the EVM shall be the same or higher security level as the IUT for all sections of the FIPS 140-3 standard, except for Mitigation of other attacks which can differ in security levels.","Section 1.A, Embedding and Binding, Item 4b",https://csrc.nist.gov/csrc/media/Projects/cryptographic-module-validation-program/documents/fips%20140-3/FIPS%20140-3%20IG.pdf,high,qwen3.5:27b,2026-04-23
NIST-FIPS-140-3-IG-Sep-2025-PQC,FIPS 140-3 Implementation Guidance — September 2025 PQC update,Certification Schemes,Compliance Guidance,lifecycle,3,software,"Re-validate algorithm implementations if the operational environment changes, such as moving from a 32-bit to a 64-bit platform.","If an implementation has been tested on an X-bit processor (e.g. 32-bit, 64-bit), a claim cannot be made that the implementation also runs on different bit size processors... In this case the operational environments are not the same; therefore, the algorithm implementations must be re-tested","Section 2.3.A, Resolution, Item 2",https://csrc.nist.gov/csrc/media/Projects/cryptographic-module-validation-program/documents/fips%20140-3/FIPS%20140-3%20IG.pdf,high,qwen3.5:27b,2026-04-23
NIST-FIPS-140-3-IG-Sep-2025-PQC,FIPS 140-3 Implementation Guidance — September 2025 PQC update,Certification Schemes,Compliance Guidance,lifecycle,3,software,Re-validate algorithm implementations if the operating system changes from the one tested during CAVP validation.,"If an algorithm implementation has been tested on one operating system, a claim cannot be made that the implementation also runs on another operating system when it is considered for module testing.","Section 2.3.A, Resolution, Item 2",https://csrc.nist.gov/csrc/media/Projects/cryptographic-module-validation-program/documents/fips%20140-3/FIPS%20140-3%20IG.pdf,high,qwen3.5:27b,2026-04-23
NIST-FIPS-140-3-IG-Sep-2025-PQC,FIPS 140-3 Implementation Guidance — September 2025 PQC update,Certification Schemes,Compliance Guidance,lifecycle,3,software,Re-validate algorithm implementations when porting HDL from one FPGA device to another new hardware implementation.,"If this were done, the algorithm implementations would need to be validated on the new hardware because they would be considered as new hardware implementations.","Section 2.3.A, Resolution, Item 2",https://csrc.nist.gov/csrc/media/Projects/cryptographic-module-validation-program/documents/fips%20140-3/FIPS%20140-3%20IG.pdf,high,qwen3.5:27b,2026-04-23
NIST-FIPS-140-3-IG-Sep-2025-PQC,FIPS 140-3 Implementation Guidance — September 2025 PQC update,Certification Schemes,Compliance Guidance,observability,3,software,Demonstrate in the Test Report how relied-upon FIPS requirements are met when an IUT depends on an EVM.,If the IUT relies on the EVM to meet one or more FIPS 140-3 requirement... then the IUT submission shall demonstrate in the Test Report how the relied upon FIPS requirement(s) is met without being non-compliant to any other FIPS 140-3 requirement,"Section 1.A, Binding, Item 3b",https://csrc.nist.gov/csrc/media/Projects/cryptographic-module-validation-program/documents/fips%20140-3/FIPS%20140-3%20IG.pdf,high,qwen3.5:27b,2026-04-23
NIST-FIPS-140-3-IG-Sep-2025-PQC,FIPS 140-3 Implementation Guidance — September 2025 PQC update,Certification Schemes,Compliance Guidance,observability,3,software,Provide a mapping of HMI ports to physical I/O pins or internal test interfaces for sub-chip cryptographic subsystems.,"For operational testing purposes, access to the HMI ports shall be available and a mapping shall be provided. These may be mapped to physical I/O pins, internal test interfaces (e.g. Level Sensitive Scan Design (LSSD)) or the HMI data and control ports.","Section 2.3.B, Resolution, Item 1",https://csrc.nist.gov/csrc/media/Projects/cryptographic-module-validation-program/documents/fips%20140-3/FIPS%20140-3%20IG.pdf,high,qwen3.5:27b,2026-04-23
NIST-FIPS-140-3-IG-Sep-2025-PQC,FIPS 140-3 Implementation Guidance — September 2025 PQC update,Certification Schemes,Compliance Guidance,observability,3,software,Verify and document vendor rationale for risks posed by intervening functional subsystems in single-chip embodiments.,The tester shall verify and provide the vendor's rationale in the validation report (TE02.13.01) explaining existing risks and mitigations.,"Section 2.3.B, Resolution, Item 1, Note 2",https://csrc.nist.gov/csrc/media/Projects/cryptographic-module-validation-program/documents/fips%20140-3/FIPS%20140-3%20IG.pdf,high,qwen3.5:27b,2026-04-23
CMVP-MGMT-MANUAL,CMVP Management Manual,Certification Schemes,Scheme Documentation,governance,2,all,"Define and document distinct roles and responsibilities for vendors, laboratories, validation authorities, and users within the cryptographic module validation program.",Section 2.5 Roles and Responsibilities of Program Participants... This manual outlines the management activities and specific responsibilities which have been assigned to the various participating groups.,Section 2.5 / Page 15,https://csrc.nist.gov/CSRC/media/Projects/cryptographic-module-validation-program/documents/CMVPMM.pdf,high,qwen3.5:27b,2026-04-23
CMVP-MGMT-MANUAL,CMVP Management Manual,Certification Schemes,Scheme Documentation,governance,3,all,"Establish formal Request for Guidance (RFG) procedures requiring written submission with specific elements including applicable standards, assertions, and a clear resolution statement.","An official response requires internal review by both NIST and CCCS... An RFG shall have the following items: 1. Clear indication of whether the RFG is PROPRIETARY or NON-PROPRIETARY... 9. A concise statement of the problem, followed by a clear and unambiguous question regarding the problem...",Section 2.4.2 / Page 13,https://csrc.nist.gov/CSRC/media/Projects/cryptographic-module-validation-program/documents/CMVPMM.pdf,high,qwen3.5:27b,2026-04-23
CMVP-MGMT-MANUAL,CMVP Management Manual,Certification Schemes,Scheme Documentation,governance,3,all,Enforce a mandatory chain of communication where vendors under contract must route all test requirement questions through their contracted CST laboratory before contacting validation authorities.,"Once a vendor is under contract with a laboratory, NIST/CCCS will only provide official guidance and clarification for the vendor's module through the point of contact at the laboratory.",Section 2.4 / Page 13,https://csrc.nist.gov/CSRC/media/Projects/cryptographic-module-validation-program/documents/CMVPMM.pdf,high,qwen3.5:27b,2026-04-23
CMVP-MGMT-MANUAL,CMVP Management Manual,Certification Schemes,Scheme Documentation,assurance,3,all,Maintain a publicly accessible list of validated cryptographic modules and modules in process to verify current validation status.,Validation Lists... contains the most current information about cryptographic modules validated to FIPS 140-1 and FIPS 140-2. Modules in Process... contains information provided by the CST laboratories about cryptographic modules undergoing testing...,Section 1.7.5 / Page 10,https://csrc.nist.gov/CSRC/media/Projects/cryptographic-module-validation-program/documents/CMVPMM.pdf,high,qwen3.5:27b,2026-04-23
CMVP-MGMT-MANUAL,CMVP Management Manual,Certification Schemes,Scheme Documentation,assurance,3,all,Implement a formal process for handling flaw discovery and validation revocation to ensure only compliant modules remain on the validated list.,4.8 Flaw Discovery Handling Process... 4.9 Validation Revocation,"Section 4.8, 4.9 / Page 39",https://csrc.nist.gov/CSRC/media/Projects/cryptographic-module-validation-program/documents/CMVPMM.pdf,high,qwen3.5:27b,2026-04-23
CMVP-MGMT-MANUAL,CMVP Management Manual,Certification Schemes,Scheme Documentation,observability,3,all,Collect and report programmatic metrics regarding the CMVP and CAVP to monitor program performance and status.,Section 5 – CMVP and CAVP Programmatic Metrics Collection provides an overview of the CMVP and CAVP Programmatic Metrics Collection and a description of the collection and reporting processes...,Section 1.6 / Page 8,https://csrc.nist.gov/CSRC/media/Projects/cryptographic-module-validation-program/documents/CMVPMM.pdf,high,qwen3.5:27b,2026-04-23
CMVP-MGMT-MANUAL,CMVP Management Manual,Certification Schemes,Scheme Documentation,observability,3,all,Retain collected metrics data and maintain audit trails for the CMVP and CAVP programmatic metrics.,5.8 Metrics Retention and Audit,Section 5.8 / Page 45,https://csrc.nist.gov/CSRC/media/Projects/cryptographic-module-validation-program/documents/CMVPMM.pdf,high,qwen3.5:27b,2026-04-23
CMVP-MGMT-MANUAL,CMVP Management Manual,Certification Schemes,Scheme Documentation,lifecycle,3,all,Adhere to defined validation deadlines and re-validation processes for non-security relevant changes to maintain module status.,4.4.2 Non-security Relevant Re-validation... 4.4.4 Validation Deadline,Section 4.4 / Page 34-35,https://csrc.nist.gov/CSRC/media/Projects/cryptographic-module-validation-program/documents/CMVPMM.pdf,high,qwen3.5:27b,2026-04-23
CMVP-MGMT-MANUAL,CMVP Management Manual,Certification Schemes,Scheme Documentation,lifecycle,2,all,Establish a formal process for requesting transition period extensions when cryptographic modules require additional time to meet new standards.,4.7 Request for Transition Period Extension,Section 4.7 / Page 38,https://csrc.nist.gov/CSRC/media/Projects/cryptographic-module-validation-program/documents/CMVPMM.pdf,high,qwen3.5:27b,2026-04-23
FISMA-NIST-SP-800-53r5,NIST SP 800-53 Rev. 5 — Security and Privacy Controls (FISMA baseline),Compliance Frameworks,Standard,governance,2,all,Establish a comprehensive risk management program to categorize systems and select security controls meeting mission needs.,"Organizations must exercise due diligence in managing information security and privacy risk. This is accomplished, in part, by establishing a comprehensive risk management program that uses the flexibility inherent in NIST publications to categorize systems, select and implement security and privacy controls that meet mission and business needs...",Page vi,https://nvlpubs.nist.gov/nistpubs/SpecialPublications/NIST.SP.800-53r5.pdf,high,qwen3.5:27b,2026-04-23
FISMA-NIST-SP-800-53r5,NIST SP 800-53 Rev. 5 — Security and Privacy Controls (FISMA baseline),Compliance Frameworks,Standard,governance,2,all,Develop and maintain security and privacy controls as part of an organization-wide process to manage risk.,"The controls are flexible and customizable and implemented as part of an organization-wide process to manage risk. The controls address diverse requirements derived from mission and business needs, laws, executive orders, directives, regulations, policies, standards, and guidelines.",Page ii (Abstract),https://nvlpubs.nist.gov/nistpubs/SpecialPublications/NIST.SP.800-53r5.pdf,high,qwen3.5:27b,2026-04-23
FISMA-NIST-SP-800-53r5,NIST SP 800-53 Rev. 5 — Security and Privacy Controls (FISMA baseline),Compliance Frameworks,Standard,governance,2,all,Ensure leaders at all levels are accountable for ensuring readiness and security of information systems.,Leaders at all levels are accountable for ensuring readiness and security to the same degree as in any other domain...,Page xvi (Prologue),https://nvlpubs.nist.gov/nistpubs/SpecialPublications/NIST.SP.800-53r5.pdf,high,qwen3.5:27b,2026-04-23
FISMA-NIST-SP-800-53r5,NIST SP 800-53 Rev. 5 — Security and Privacy Controls (FISMA baseline),Compliance Frameworks,Standard,assurance,2,all,Assess the effectiveness of implemented security and privacy controls to ensure trustworthiness.,"...establishing a comprehensive risk management program that uses the flexibility inherent in NIST publications to categorize systems, select and implement security and privacy controls that meet mission and business needs, assess the effectiveness of the controls, authorize the systems for operation, and continuously monitor the systems.",Page vi,https://nvlpubs.nist.gov/nistpubs/SpecialPublications/NIST.SP.800-53r5.pdf,high,qwen3.5:27b,2026-04-23
FISMA-NIST-SP-800-53r5,NIST SP 800-53 Rev. 5 — Security and Privacy Controls (FISMA baseline),Compliance Frameworks,Standard,assurance,2,all,Continuously monitor information systems to maintain confidence in security and privacy capabilities.,"...establishing a comprehensive risk management program that uses the flexibility inherent in NIST publications to categorize systems, select and implement security and privacy controls that meet mission and business needs, assess the effectiveness of the controls, authorize the systems for operation, and continuously monitor the systems.",Page vi,https://nvlpubs.nist.gov/nistpubs/SpecialPublications/NIST.SP.800-53r5.pdf,high,qwen3.5:27b,2026-04-23
FISMA-NIST-SP-800-53r5,NIST SP 800-53 Rev. 5 — Security and Privacy Controls (FISMA baseline),Compliance Frameworks,Standard,assurance,2,all,Provide assurance regarding the strength of functions and mechanisms provided by security controls.,"Finally, the consolidated control catalog addresses security and privacy from a functionality perspective (i.e., the strength of functions and mechanisms provided by the controls) and from an assurance perspective (i.e., the measure of confidence in the security or privacy capability provided by the controls).",Page ii (Abstract),https://nvlpubs.nist.gov/nistpubs/SpecialPublications/NIST.SP.800-53r5.pdf,high,qwen3.5:27b,2026-04-23
ANSSI-PG-083-v3-2026,Règles et Recommandations Concernant le Choix et le Dimensionnement des Mécanismes Cryptographiques (v3.00),Compliance Frameworks,Compliance/Guidance,governance,2,all,Validate cryptographic implementations with the system administrator or security personnel before deployment.,"la pertinence de l'implémentation des éléments proposés par l'ANSSI doit être soumise, au préalable, à la validation de l'administrateur du système et/ou des personnes en charge de la sécurité des systèmes d'information.",Informations (Page 1),https://messervices.cyber.gouv.fr/documents-guides/anssi-guide-mecanismes-crypto-3.00.pdf,high,qwen3.5:27b,2026-04-23
ANSSI-PG-083-v3-2026,Règles et Recommandations Concernant le Choix et le Dimensionnement des Mécanismes Cryptographiques (v3.00),Compliance Frameworks,Compliance/Guidance,governance,2,all,Adopt proven cryptographic mechanisms recognized by the academic community.,Il est recommandé d'employer des mécanismes cryptographiques éprouvés et reconnus par la communauté académique.,Section 2 (Page 8),https://messervices.cyber.gouv.fr/documents-guides/anssi-guide-mecanismes-crypto-3.00.pdf,high,qwen3.5:27b,2026-04-23
ANSSI-PG-083-v3-2026,Règles et Recommandations Concernant le Choix et le Dimensionnement des Mécanismes Cryptographiques (v3.00),Compliance Frameworks,Compliance/Guidance,governance,3,all,"Target post-quantum security for mechanisms used beyond January 1, 2030 or at risk of retroactive attacks.","En cas d'utilisation prévue au-delà du 1er janvier 2030 d'un mécanisme cryptographique ou de l'existence d'un risque d'attaque rétroactive sur celui-ci, il est recommandé de viser une sécurité post-quantique.",Section 2 (Page 8),https://messervices.cyber.gouv.fr/documents-guides/anssi-guide-mecanismes-crypto-3.00.pdf,high,qwen3.5:27b,2026-04-23
NSA CNSA 2.0,Commercial National Security Algorithm Suite 2.0,Compliance Frameworks,Compliance/Policy,governance,3,all,Enforce mandatory use of NSA-approved cryptographic algorithms for all National Security Systems and require waivers for any non-approved usage.,"Using any cryptographic algorithms the National Manager did not approve is generally not allowed, and requires a waiver specific to the algorithm, implementation, and use case.",Executive summary,https://media.defense.gov/2025/May/30/2003728741/-1/-1/0/CSA_CNSA_2.0_ALGORITHMS.PDF,high,qwen3.5:27b,2026-04-23
NSA CNSA 2.0,Commercial National Security Algorithm Suite 2.0,Compliance Frameworks,Compliance/Policy,governance,3,software,Mandate that Approving Officials verify compliance with CNSA 2.0 for software and firmware signing as part of the Risk Management Framework process.,"Approving Officials (AOs) should measure compliance as part of the Risk Management Framework (RMF) process when assessing Security Control 12 (SC-12). Furthermore, AOs will need to verify compliance with CNSA 2.0 for software- and firmware-signing on their systems.",Enforcement,https://media.defense.gov/2025/May/30/2003728741/-1/-1/0/CSA_CNSA_2.0_ALGORITHMS.PDF,high,qwen3.5:27b,2026-04-23
NSA CNSA 2.0,Commercial National Security Algorithm Suite 2.0,Compliance Frameworks,Compliance/Policy,governance,3,all,Require NSS owners and operators to report progress on updating to CNSA 1.0 and CNSA 2.0 as part of their responsibilities under NSM-8 and NSM-10.,NSS owners and operators must report on their progress in updating to CNSA 1.0 and CNSA 2.0 as part of their responsibilities under NSM-8 and NSM-10.,Enforcement,https://media.defense.gov/2025/May/30/2003728741/-1/-1/0/CSA_CNSA_2.0_ALGORITHMS.PDF,high,qwen3.5:27b,2026-04-23
NSA CNSA 2.0,Commercial National Security Algorithm Suite 2.0,Compliance Frameworks,Compliance/Policy,assurance,3,all,Ensure software and hardware providing cryptographic services are validated by NIAP or NSA in addition to meeting CNSA requirements.,"In accordance with CNSSP 11, software and hardware providing cryptographic services require National Information Assurance Partnership (NIAP) or NSA validation in addition to meeting the requirements of the appropriate version of CNSA.",Executive summary,https://media.defense.gov/2025/May/30/2003728741/-1/-1/0/CSA_CNSA_2.0_ALGORITHMS.PDF,high,qwen3.5:27b,2026-04-23
NSA CNSA 2.0,Commercial National Security Algorithm Suite 2.0,Compliance Frameworks,Compliance/Policy,assurance,3,all,Verify that commercial products accepted for NSS are NIAP-validated against an approved protection profile and configured correctly per CNSSP 15.,"NSA generally approves products that comply with CNSSP 11 (i.e., are NIAP-validated against an approved protection profile), as long as they are configured correctly in accordance with CNSSP 15 and other specific directions or guidance.",Enforcement,https://media.defense.gov/2025/May/30/2003728741/-1/-1/0/CSA_CNSA_2.0_ALGORITHMS.PDF,high,qwen3.5:27b,2026-04-23
NSA CNSA 2.0,Commercial National Security Algorithm Suite 2.0,Compliance Frameworks,Compliance/Policy,lifecycle,3,software,Transition all deployed software and firmware to CNSA 2.0-compliant signatures by the year 2030.,Transitioning all deployed software and firmware to CNSA 2.0-compliant signatures by 2030.,Timing for software signing and firmware signing,https://media.defense.gov/2025/May/30/2003728741/-1/-1/0/CSA_CNSA_2.0_ALGORITHMS.PDF,high,qwen3.5:27b,2026-04-23
NSA CNSA 2.0,Commercial National Security Algorithm Suite 2.0,Compliance Frameworks,Compliance/Policy,lifecycle,3,software,Ensure new software and firmware use CNSA 2.0 signing algorithms by the year 2025.,New software and firmware use CNSA 2.0 signing algorithms by 2025.,Timing for software signing and firmware signing,https://media.defense.gov/2025/May/30/2003728741/-1/-1/0/CSA_CNSA_2.0_ALGORITHMS.PDF,high,qwen3.5:27b,2026-04-23
NSA CNSA 2.0,Commercial National Security Algorithm Suite 2.0,Compliance Frameworks,Compliance/Policy,lifecycle,3,software,Update or replace custom applications and legacy equipment to meet CNSA 2.0 requirements by the year 2033.,Custom applications and legacy equipment: update or replace by 2033.,Other requirements for NSS,https://media.defense.gov/2025/May/30/2003728741/-1/-1/0/CSA_CNSA_2.0_ALGORITHMS.PDF,high,qwen3.5:27b,2026-04-23
NSA CNSA 2.0,Commercial National Security Algorithm Suite 2.0,Compliance Frameworks,Compliance/Policy,lifecycle,3,software,Require legacy equipment and software not refreshed regularly to obtain a waiver and a plan to bring it into compliance.,"At that point, legacy equipment and software not refreshed regularly will require a waiver and a plan to bring it into compliance.",Timing,https://media.defense.gov/2025/May/30/2003728741/-1/-1/0/CSA_CNSA_2.0_ALGORITHMS.PDF,high,qwen3.5:27b,2026-04-23
Canada CSE PQC Guidance,Guidance on Post-Quantum Cryptography,Compliance Frameworks,Guidance,governance,2,all,"Establish a departmental PQC migration plan identifying roles, financial planning, and education strategy.",The initial version of the departmental PQC migration plan should establish the individuals responsible for the following: execution of the plan financial planning education strategy to inform staff on the quantum threat...,Section 3.1 Preparation,https://www.cyber.gc.ca/en/guidance/roadmap-migration-post-quantum-cryptography-government-canada-itsm40001,high,qwen3.5:27b,2026-04-23
Canada CSE PQC Guidance,Guidance on Post-Quantum Cryptography,Compliance Frameworks,Guidance,governance,2,all,Assign a PQC Migration Executive Lead to provide oversight and accountability for the migration plan.,"We recommend the DOCS , or a delegated executive official, be assigned the role of PQC Migration Executive Lead to provide: oversight accountability executive support for the execution of the departmental PQC migration plan",Section 3.1.1 Roles and responsibilities,https://www.cyber.gc.ca/en/guidance/roadmap-migration-post-quantum-cryptography-government-canada-itsm40001,high,qwen3.5:27b,2026-04-23
Canada CSE PQC Guidance,Guidance on Post-Quantum Cryptography,Compliance Frameworks,Guidance,governance,2,all,Include senior management in the migration committee to ensure executive buy-in and support.,The committee should consist of stakeholders throughout the organization and should include at least one member from senior management to ensure executive buy in and support.,Section 3.1 Preparation,https://www.cyber.gc.ca/en/guidance/roadmap-migration-post-quantum-cryptography-government-canada-itsm40001,high,qwen3.5:27b,2026-04-23
Canada CSE PQC Guidance,Guidance on Post-Quantum Cryptography,Compliance Frameworks,Guidance,governance,2,all,Define procurement policies requiring PQC support and cryptographic module certification in new contracts.,contracts have clauses to ensure that the vendor will include support for PQC that is compliant with Cyber Centre recommendations... cryptographic modules have been certified by the Cryptographic Module Validation Program,Section 3.1.4 Procurement policies,https://www.cyber.gc.ca/en/guidance/roadmap-migration-post-quantum-cryptography-government-canada-itsm40001,high,qwen3.5:27b,2026-04-23
Canada CSE PQC Guidance,Guidance on Post-Quantum Cryptography,Compliance Frameworks,Guidance,governance,2,all,Report on PQC migration progress annually starting April 2026 to ensure accountability.,Beginning April 2026 and annually after: Report on PQC migration progress,Section 4 Milestones and deliverables,https://www.cyber.gc.ca/en/guidance/roadmap-migration-post-quantum-cryptography-government-canada-itsm40001,high,qwen3.5:27b,2026-04-23
Canada CSE PQC Guidance,Guidance on Post-Quantum Cryptography,Compliance Frameworks,Guidance,inventory,2,all,"Develop an inventory of systems employing cryptography including components, versions, and dependencies.",The information gathered in this phase will be used to create an inventory that should include the following information per system: system components employing cryptography vendor and product version for each of the components...,Section 3.2 Identification,https://www.cyber.gc.ca/en/guidance/roadmap-migration-post-quantum-cryptography-government-canada-itsm40001,high,qwen3.5:27b,2026-04-23
Canada CSE PQC Guidance,Guidance on Post-Quantum Cryptography,Compliance Frameworks,Guidance,inventory,2,all,"Prioritize systems susceptible to harvest now, decrypt later threats for immediate migration.",It is recommended that any systems susceptible to a HNDL threat be a high priority for migrating to PQC .,Section 3.2 Identification,https://www.cyber.gc.ca/en/guidance/roadmap-migration-post-quantum-cryptography-government-canada-itsm40001,high,qwen3.5:27b,2026-04-23
Canada CSE PQC Guidance,Guidance on Post-Quantum Cryptography,Compliance Frameworks,Guidance,lifecycle,2,all,Integrate PQC transition plans with existing IT change management processes including impact assessment and rollback playbooks.,The plan for each system will typically require multiple stages and should be integrated with existing IT change management processes to ensure proper preparation including: an impact assessment a rollback playbook...,Section 3.3 Transition,https://www.cyber.gc.ca/en/guidance/roadmap-migration-post-quantum-cryptography-government-canada-itsm40001,high,qwen3.5:27b,2026-04-23
Canada CSE PQC Guidance,Guidance on Post-Quantum Cryptography,Compliance Frameworks,Guidance,lifecycle,2,all,Complete PQC migration of high priority systems by the end of 2031.,End of 2031: Completion of PQC migration of high priority systems,Section 4 Milestones and deliverables,https://www.cyber.gc.ca/en/guidance/roadmap-migration-post-quantum-cryptography-government-canada-itsm40001,high,qwen3.5:27b,2026-04-23
Canada CSE PQC Guidance,Guidance on Post-Quantum Cryptography,Compliance Frameworks,Guidance,lifecycle,2,all,Complete PQC migration of remaining systems by the end of 2035.,End of 2035: Completion of PQC migration of remaining systems,Section 4 Milestones and deliverables,https://www.cyber.gc.ca/en/guidance/roadmap-migration-post-quantum-cryptography-government-canada-itsm40001,high,qwen3.5:27b,2026-04-23
Canada CSE PQC Guidance,Guidance on Post-Quantum Cryptography,Compliance Frameworks,Guidance,assurance,2,all,Ensure cryptographic modules used in procurements are certified by the Cryptographic Module Validation Program.,cryptographic modules have been certified by the Cryptographic Module Validation Program,Section 3.1.4 Procurement policies,https://www.cyber.gc.ca/en/guidance/roadmap-migration-post-quantum-cryptography-government-canada-itsm40001,high,qwen3.5:27b,2026-04-23
UK NCSC PQC Guidance,Preparing for Quantum-Safe Cryptography,Compliance Frameworks,Guidance,governance,2,all,Factor quantum computer attack threats into long-term organizational roadmaps and investment decisions.,Large organisations should factor the threat of quantum computer attacks into their long-term roadmaps.,Preparation for transition,https://www.ncsc.gov.uk/pdfs/whitepaper/preparing-for-quantum-safe-cryptography.pdf,high,qwen3.5:27b,2026-04-23
UK NCSC PQC Guidance,Preparing for Quantum-Safe Cryptography,Compliance Frameworks,Guidance,governance,2,all,Conduct investigatory work to identify high-priority systems requiring quantum-safe transition.,Organisations that manage their own cryptographic infrastructure should factor quantum-safe transition into their long-term plans and conduct investigatory work to identify which of their systems will be high priority for transition.,Preparation for transition,https://www.ncsc.gov.uk/pdfs/whitepaper/preparing-for-quantum-safe-cryptography.pdf,high,qwen3.5:27b,2026-04-23
UK NCSC PQC Guidance,Preparing for Quantum-Safe Cryptography,Compliance Frameworks,Guidance,governance,2,all,Plan and manage the transition to new cryptographic infrastructure with care to mitigate security and business continuity risks.,Transition to any form of new cryptographic infrastructure is an inherently complex and expensive process that must be planned and managed with care.,Additional considerations,https://www.ncsc.gov.uk/pdfs/whitepaper/preparing-for-quantum-safe-cryptography.pdf,high,qwen3.5:27b,2026-04-23
UK NCSC PQC Guidance,Preparing for Quantum-Safe Cryptography,Compliance Frameworks,Guidance,governance,2,all,Avoid early adoption of non-standardized quantum-safe cryptography to prevent unverifiable security levels and interoperability issues.,"The NCSC cautions against early adoption of non-standardised QSC. The security level may be unverifiable if the product is not based on a standardised algorithm, and such products are unlikely to inter-operate with future standards-compliant products.",Additional considerations,https://www.ncsc.gov.uk/pdfs/whitepaper/preparing-for-quantum-safe-cryptography.pdf,high,qwen3.5:27b,2026-04-23
UK NCSC PQC Guidance,Preparing for Quantum-Safe Cryptography,Compliance Frameworks,Guidance,governance,2,all,Align long-term investment decisions with NIST and ETSI guidance on planning quantum-safe cryptography transition.,Organisations that manage their own cryptographic infrastructure should note the work of ETSI and NIST on planning QSC transition when making long-term investment decisions.,Summary,https://www.ncsc.gov.uk/pdfs/whitepaper/preparing-for-quantum-safe-cryptography.pdf,high,qwen3.5:27b,2026-04-23
Japan CRYPTREC Report 2024,Post-Quantum Cryptography Evaluation Report,Compliance Frameworks,Guidance,governance,2,all,Establish a long-term migration schedule to transition cryptographic systems to Post-Quantum Cryptography (PQC) based on the anticipated timeline of quantum computer development.,長期間の移行スケジュールを策定し，準備を行う必要がある。,Section 1.2,https://www.cryptrec.go.jp/report/cryptrec-gl-2007-2024.pdf,high,qwen3.5:27b,2026-04-23
Japan CRYPTREC Report 2024,Post-Quantum Cryptography Evaluation Report,Compliance Frameworks,Guidance,governance,2,all,Prioritize the migration of cryptographic assets by setting priorities based on the specific usage scenarios and risk profiles of the organization.,プライオリティ設定の重要性。,Section 2.3.1,https://www.cryptrec.go.jp/report/cryptrec-gl-2007-2024.pdf,medium,qwen3.5:27b,2026-04-23
Japan CRYPTREC Report 2024,Post-Quantum Cryptography Evaluation Report,Compliance Frameworks,Guidance,governance,2,all,Implement cryptographic agility to ensure the ability to switch between different cryptographic algorithms without significant system overhaul.,クリプトグラフィック・アジリティの重要性。,Section 2.3.2,https://www.cryptrec.go.jp/report/cryptrec-gl-2007-2024.pdf,medium,qwen3.5:27b,2026-04-23
Japan CRYPTREC Report 2024,Post-Quantum Cryptography Evaluation Report,Compliance Frameworks,Guidance,governance,2,all,Adopt hybrid cryptographic configurations that combine existing classical algorithms with Post-Quantum Cryptography to mitigate risks during the transition period.,既存暗号方式とのハイブリッド構成。,Section 2.3.3,https://www.cryptrec.go.jp/report/cryptrec-gl-2007-2024.pdf,medium,qwen3.5:27b,2026-04-23
UAE-DESC-PQC-Guideline,Dubai Electronic Security Center — Post-Quantum Cryptography Guideline,Compliance Frameworks,Guidance,governance,2,all,Establish a documented Post-Quantum Cryptography guideline to prepare digital infrastructure against quantum threats.,DESC launched the Post-Quantum Cryptography Guideline. This guide is designed to prepare Dubai's digital infrastructure to counter emerging quantum-based threats.,Readiness for Quantum Technologies,https://www.desc.gov.ae/dubai-electronic-security-center-launches-new-innovative-projects-at-gisec-global-2025/,medium,qwen3.5:27b,2026-04-23
CISA-PQC-CATEGORY-LIST-2026,CISA PQC Product Category List (Updated per EO 14306),Compliance Frameworks,Guidance,governance,3,all,Plan acquisitions to procure only PQC-capable products in categories where such products are widely available.,"When a particular category offers widely available PQC-capable products, organizations should plan acquisitions to procure only PQC-capable products from that category.",Introduction - Purpose,https://www.cisa.gov/resources-tools/resources/product-categories-technologies-use-post-quantum-cryptography-standards,high,qwen3.5:27b,2026-04-23
CISA-PQC-CATEGORY-LIST-2026,CISA PQC Product Category List (Updated per EO 14306),Compliance Frameworks,Guidance,governance,3,all,Ensure products in transitioning categories implement PQC for core features and all secondary functionality like software updates.,"It is important that the products listed in Table 3 implement PQC for core features and for all secondary functionality, such as for software updates.",Product Lists,https://www.cisa.gov/resources-tools/resources/product-categories-technologies-use-post-quantum-cryptography-standards,high,qwen3.5:27b,2026-04-23
CISA-PQC-CATEGORY-LIST-2026,CISA PQC Product Category List (Updated per EO 14306),Compliance Frameworks,Guidance,governance,3,software,Verify Endpoint Security products utilize PQC for relevant features such as firmware updates during procurement.,"When procuring, one needs to ensure that other relevant features of the product, such as firmware updates, are utilizing post-quantum cryptography (PQC).",Table 2 Footnote 10,https://www.cisa.gov/resources-tools/resources/product-categories-technologies-use-post-quantum-cryptography-standards,high,qwen3.5:27b,2026-04-23
Singapore-CSA-Quantum-Safe-Handbook,Quantum-Safe Handbook and Quantum Readiness Index,Compliance Frameworks,Guidance,governance,2,all,Initiate quantum-safe transition planning with early resource allocation and cross-system coordination.,"The migration to quantum-safe solutions is a complex multi-year endeavour that needs early planning, resource allocation and coordination across systems, products, and processes.",Section 2,https://www.csa.gov.sg/resources/publications/quantum-safe-handbook-and-quantum-readiness-index/,high,qwen3.5:27b,2026-04-23
Singapore-CSA-Quantum-Safe-Handbook,Quantum-Safe Handbook and Quantum Readiness Index,Compliance Frameworks,Guidance,governance,2,all,Engage senior management to prioritize quantum-safe migration actions and secure buy-in for readiness steps.,It also facilitates conversations with senior management and decision makers about the state of readiness to address quantum threat and can be used to seek buy-in on the recommended steps to strengthen their readiness.,Section 3b,https://www.csa.gov.sg/resources/publications/quantum-safe-handbook-and-quantum-readiness-index/,high,qwen3.5:27b,2026-04-23
ETSI-EN-303645,ETSI EN 303 645 v2.1.1 — Cyber Security for Consumer IoT,Compliance Frameworks,Standard,governance,2,all,Record a justification for each recommendation not applicable or not fulfilled by the consumer IoT device.,Provision 4-1 A justification shall be recorded for each recommendation in the present document that is considered to be not applicable for or not fulfilled by the consumer IoT device.,"Section 4, Provision 4-1",https://www.etsi.org/deliver/etsi_en/303600_303699/303645/02.01.01_60/en_303645v020101p.pdf,high,qwen3.5:27b,2026-04-23
ETSI-EN-303645,ETSI EN 303 645 v2.1.1 — Cyber Security for Consumer IoT,Compliance Frameworks,Standard,governance,2,all,Make a vulnerability disclosure policy publicly available including contact information and timelines for acknowledgement and status updates.,"Provision 5.2-1 The manufacturer shall make a vulnerability disclosure policy publicly available. This policy shall include, at a minimum: contact information for the reporting of issues; and information on timelines for: initial acknowledgement of receipt; and status updates until the resolution of the reported issues.","Section 5.2, Provision 5.2-1",https://www.etsi.org/deliver/etsi_en/303600_303699/303645/02.01.01_60/en_303645v020101p.pdf,high,qwen3.5:27b,2026-04-23
