"industry","threat_id","threat_description","criticality","crypto_at_risk","pqc_replacement","main_source","source_url","accuracy_pct","related_modules","trusted_source_id","local_file","peer_reviewed","vetting_body"
"Aerospace / Aviation","AERO-001","Aircraft avionics cryptographic exposure: RTCA DO-326A defines airworthiness security processes for aircraft systems with 30-40 year service lives. ARINC 664 (AFDX) network security and flight management systems rely on RSA/ECDSA. Aircraft entering service today will operate well beyond CRQC arrival with no practical mid-life cryptographic retrofit path.","Critical","Avionics PKI, ARINC 664 network security, flight management system authentication","Crypto-agile avionics design, ML-DSA for flight software signing, hybrid certificate chains","RTCA DO-326A / DO-356A Airworthiness Security","https://www.rtca.org/wp-content/uploads/2020/02/DO-326A-Airworthiness-Security-Process-Specification.html","80","code-signing|kms-pqc|hsm-pqc|iot-ot-pqc|aerospace-pqc","","public/threats/AERO-001.html","no",""
"Aerospace / Aviation","AERO-002","Satellite communication HNDL vulnerability: Military and commercial satellites have 15-25 year operational lifespans. NSA CNSA 2.0 mandates PQC for all national security systems including satellite uplink/downlink by 2035. Currently intercepted satellite communications are harvestable for future quantum decryption.","Critical","Satellite uplink/downlink RSA/ECDSA, ground station TLS, inter-satellite link encryption","ML-KEM-1024, ML-DSA-87 per CNSA 2.0, AES-256","NSA CNSA 2.0 Cybersecurity Advisory","https://media.defense.gov/2022/Sep/07/2003071834/-1/-1/0/CSA_CNSA_2.0_ALGORITHMS_.PDF","80","kms-pqc|hsm-pqc|vpn-ssh-pqc|hybrid-crypto|aerospace-pqc","","","yes","ISO"
"Aerospace / Aviation","AERO-003","Air traffic management authentication gap: ICAO Assembly Resolution A41-19 (2022) addresses aviation cybersecurity but ADS-B transmissions remain unencrypted and unauthenticated. ADS-B currently lacks any cryptographic protection; quantum computing becomes relevant when authenticated ADS-B is deployed using public-key cryptography, which would itself require PQC to remain secure.","High","ADS-B (unencrypted), Mode S, ATC data links, ACARS messaging","Authenticated ADS-B with ML-DSA, quantum-safe ATC protocols","ICAO Assembly Resolution A41-19","https://www.icao.int/events/a41/resolutions","80","quantum-threats|pqc-101|aerospace-pqc","","public/threats/AERO-003.html","no",""
"Automotive / Connected Vehicles","AUTO-001","V2X PKI quantum transition: ISO/SAE 21434 (published August 2021) establishes cybersecurity engineering requirements for road vehicles. V2X communications use ECDSA P-256 certificates per IEEE 1609.2. Vehicles have 12+ year lifecycles meaning 2026 production vehicles remain on roads through 2038+ when CRQCs may be operational.","Critical","ECDSA P-256 V2X certificates, IEEE 1609.2 PKI, digital key infrastructure","ML-DSA V2X certificates, hybrid V2X authentication, FN-DSA for constrained ECUs","ISO/SAE 21434 Road Vehicle Cybersecurity","https://www.iso.org/standard/70918.html","80","iot-ot-pqc|pki-workshop|hybrid-crypto|automotive-pqc","","public/threats/AUTO-004.html","yes","ISO"
"Automotive / Connected Vehicles","AUTO-002","OTA firmware update signature forgery: Over-the-Air update mechanisms for modern connected vehicles use RSA/ECDSA code signing. Quantum forgery of update signatures enables malicious code injection into vehicle ECUs controlling braking, steering, and powertrain systems.","Critical","RSA/ECDSA code signing, secure boot chains, ECU firmware verification","ML-DSA firmware signing, SLH-DSA for safety-critical ECUs, dual-signature verification","SAE J3061 / ISO/SAE 21434 Vehicle Cybersecurity","https://www.sae.org/standards/content/j3061_202112/","80","code-signing|iot-ot-pqc|stateful-signatures|automotive-pqc|secure-boot-pqc","","public/threats/AUTO-002.html","yes","ISO"
"Automotive / Connected Vehicles","AUTO-003","UNECE WP.29 R155/R156 cybersecurity regulation gap: Mandatory for new vehicle type approvals in EU since July 2022 and extended to all new vehicles July 2024. Requires cybersecurity management systems and secure OTA updates but does not yet address post-quantum cryptography creating a future compliance gap.","High","TLS for telematics, RSA/ECDSA for OTA signing, connected car cloud API authentication","Hybrid TLS 1.3 with ML-KEM, ML-DSA OTA signing, crypto-agile telematics","UNECE WP.29 Regulations R155/R156","https://unece.org/transport/vehicle-regulations","75","tls-basics|iot-ot-pqc|hybrid-crypto|automotive-pqc","","","no",""
"Automotive / Connected Vehicles","AUTO-004","In-vehicle network security quantum exposure: ISO/SAE 21434 covers the full vehicle cybersecurity lifecycle including CAN bus, LIN, FlexRay, and automotive Ethernet backbone networks. Embedded ECUs have limited computational resources and constrained crypto-agility, making mid-lifecycle PQC migration impractical for vehicles already in production.","High","CAN bus authentication, secure boot in ECUs, in-vehicle Ethernet encryption, HSM key storage","Hardware security modules with PQC support, crypto-agile ECU design, ML-DSA for secure boot","ISO/SAE 21434 Road Vehicle Cybersecurity","https://www.iso.org/standard/70918.html","75","iot-ot-pqc|kms-pqc|hsm-pqc|crypto-agility|automotive-pqc|secure-boot-pqc","","public/threats/AUTO-004.html","yes","ISO"
"Cloud Computing / Data Centers","CLOUD-001","Cloud backup and disaster recovery HNDL risk: Air-gapped backups and long-term archival storage encrypted with RSA/ECDSA key wrapping are vulnerable to harvest-now-decrypt-later. Cloud backup data often retained for 7+ years for compliance.","High","Backup encryption key wrapping, archival storage TLS, disaster recovery replication","PQC-enabled backup encryption, ML-KEM key wrapping, AES-256 for archival","Cloud Security Alliance Quantum-Safe Guidelines","https://cloudsecurityalliance.org/research/working-groups/quantum-safe-security","75","kms-pqc|hsm-pqc|hybrid-crypto|data-asset-sensitivity|secrets-management-pqc","","public/threats/CLOUD-002.html","no",""
"Cloud Computing / Data Centers","CLOUD-002","Cloud Security Alliance quantum readiness guidance: CSA published quantum-safe security guidance identifying crypto-agility as critical requirement for cloud deployments. Multi-cloud environments using 5+ key management systems face fragmented PQC migration paths.","High","Cloud KMS key wrapping, multi-cloud encryption, BYOK/HYOK solutions, secrets management","Unified PQC key management, ML-KEM cloud HSM integration, crypto-agile KMS","Cloud Security Alliance Quantum-Safe Security","https://cloudsecurityalliance.org/research/working-groups/quantum-safe-security","75","kms-pqc|hsm-pqc|crypto-agility|secrets-management-pqc","","public/threats/CLOUD-002.html","no",""
"Cloud Computing / Data Centers","CLOUD-003","Federal cloud PQC compliance requirements: NIST SP 800-210 general access control guidance for cloud systems combined with NIST IR 8547 deprecation timeline means federal cloud deployments must transition to PQC by 2030. FedRAMP and StateRAMP certifications will require FIPS 203/204/205 compliance.","Critical","Federal cloud TLS, FedRAMP-authorized encryption, cloud HSM FIPS modules","FIPS 203 (ML-KEM), FIPS 204 (ML-DSA), FIPS 205 (SLH-DSA) cloud implementations","NIST IR 8547 / NIST SP 800-210","https://csrc.nist.gov/pubs/ir/8547/ipd","80","compliance-strategy|migration-program|pqc-101|pqc-governance","","public/threats/CROSS-002.html","yes","NIST"
"Cloud Computing / Data Centers","CLOUD-004","Cloud HSM and key management PQC gap: NIST SP 800-210 defines access control for cloud systems but cloud-hosted HSMs and KMS services currently lack full PQC support. FIPS 140-3 validation for PQC modules is ongoing with multi-year certification timelines. Organizations using cloud HSMs face vendor dependency for PQC migration.","Critical","Cloud HSM root keys, KMS key wrapping, tenant isolation keys, FIPS 140-3 modules","FIPS 140-3 validated PQC HSM modules, bring-your-own-key PQC, ML-KEM key wrapping","NIST SP 800-210 Cloud Access Control","https://csrc.nist.gov/pubs/sp/800/210/final","75","kms-pqc|hsm-pqc|pki-workshop|compliance-strategy","","public/threats/CLOUD-004.html","yes","NIST"
"Cross-Industry","CROSS-001","Quantum-safe readiness gap: Organizations score average 25/100 on IBM Quantum-Safe Readiness Index. 70% lack complete cryptographic inventory, creating massive vulnerability window. Estimated 5-6 year gap between CRQC arrival and organizational readiness completion.","Critical","All asymmetric cryptography, PKI infrastructure, key management systems","Comprehensive CBOM, automated discovery tools, ML-KEM/ML-DSA migration","IBM Institute for Business Value — Secure the Post-Quantum Future 2025","https://www.ibm.com/thought-leadership/institute-business-value/en-us/report/2025-quantum-safe-readiness","80","crypto-agility|pqc-risk-management|migration-program|quantum-threats|crypto-dev-apis|pqc-governance","","public/threats/CROSS-003.html","no",""
"Cross-Industry","CROSS-002","NIST IR 8547 proposed transition timeline: NIST Initial Public Draft (November 2024) establishes proposed timeline to deprecate RSA, ECDSA, ECDH, and EdDSA by 2030 and disallow them entirely after 2035. Sets 112-bit security minimum. Final version pending as of February 2026. Landmark publication making PQC migration a compliance requirement for federal systems.","Critical","RSA-2048/3072/4096, ECDSA P-256/P-384, ECDH, EdDSA","ML-KEM-768/1024 (FIPS 203), ML-DSA-44/65/87 (FIPS 204), SLH-DSA (FIPS 205)","NIST IR 8547 Transition to Post-Quantum Cryptography Standards","https://csrc.nist.gov/pubs/ir/8547/ipd","90","compliance-strategy|pqc-101|migration-program|quantum-threats|pqc-governance","","public/threats/CROSS-002.html","yes","NIST"
"Cross-Industry","CROSS-003","Vendor dependency crisis: 62% of organizations incorrectly assume vendors will manage quantum-safe transition automatically. Lack of contractual PQC requirements and service-level agreements for crypto-agility.","High","Third-party API keys, vendor-managed HSMs, cloud KMS","Vendor PQC roadmap requirements, contractual crypto-agility clauses","IBM Institute for Business Value — Secure the Post-Quantum Future 2025","https://www.ibm.com/thought-leadership/institute-business-value/en-us/report/2025-quantum-safe-readiness","75","vendor-risk|pqc-governance","","public/threats/CROSS-003.html","no",""
"Cross-Industry","CROSS-004","CRQC timeline uncertainty: Global Risk Institute 2025 survey of 26 quantum computing experts estimates 28-49% probability of a cryptographically relevant quantum computer (CRQC) within 10 years (up significantly from 19-34% in 2024) and 5-15% within 5 years. Majority of experts now consider a CRQC by 2035 quite likely. Harvest-now-decrypt-later attacks make immediate PQC migration urgent regardless of exact timeline.","Critical","RSA-2048/4096, ECC P-256/384, ECDSA, ECDH, EdDSA","Immediate hybrid PQC deployment, ML-KEM-1024, ML-DSA-87","Global Risk Institute Quantum Threat Timeline 2025","https://globalriskinstitute.org/publication/quantum-threat-timeline-report-2025b/","75","quantum-threats|pqc-risk-management|pqc-business-case|data-asset-sensitivity","","public/threats/CROSS-004.html","no",""
"Cross-Industry","CROSS-005","FIPS 206 FN-DSA (Falcon) standardization status: NIST published the Initial Public Draft of FIPS 206 (FN-DSA) in late 2025 with public comment period underway as of early 2026. Development has taken longer than initially projected due to the mathematical complexity of the algorithm. Once finalized, FN-DSA will provide a 4th PQC standard optimized for compact signatures.","High","RSA/ECDSA certificates requiring compact signatures, root CA keys, constrained device authentication","FN-DSA (FIPS 206) for compact signatures, ML-DSA for general-purpose signing","NIST FIPS 206 FN-DSA Status","https://csrc.nist.gov/pubs/fips/206/ipd","85","pqc-101|hybrid-crypto|stateful-signatures","","public/threats/CROSS-005.html","yes","NIST"
"Cross-Industry","CROSS-006","HQC selected as 5th PQC algorithm: NIST announced March 11 2025 the selection of HQC (Hamming Quasi-Cyclic) as a backup KEM to ML-KEM. HQC is based on error-correcting codes rather than lattices, providing algorithmic diversity in case a lattice-based vulnerability is discovered. Draft standard expected for public comment in early 2026 with final standard in 2027.","High","All systems relying solely on ML-KEM without backup KEM","HQC as backup KEM alongside ML-KEM-768/1024, algorithm diversity strategy","NIST Post-Quantum Cryptography Standardization","https://www.nist.gov/news-events/news/2025/03/nist-selects-hqc-fifth-algorithm-post-quantum-encryption","90","pqc-101|hybrid-crypto","","public/threats/CROSS-006.html","yes","NIST"
"Cross-Industry","CROSS-007","EU coordinated PQC transition roadmap: European Commission published coordinated PQC roadmap (June 2025) establishing EU-wide milestones. By December 2026: national transition roadmaps and initial identification steps. By December 2030: high-risk use cases transitioned and PQC-by-default for new systems. By December 2035: PQC transition completed for as many systems as feasible across all EU member states.","Critical","All quantum-vulnerable cryptography in EU member state systems and critical infrastructure","ML-KEM, ML-DSA, SLH-DSA, hybrid implementations per EU coordinated timeline","European Commission Digital Strategy — PQC Roadmap","https://digital-strategy.ec.europa.eu/en/news/eu-reinforces-its-cybersecurity-post-quantum-cryptography","85","compliance-strategy|migration-program|pqc-governance","","public/threats/CROSS-007.html","no",""
"Cross-Industry","CROSS-008","NIST SP 800-227 KEM recommendations: Published September 2025 as final guidance on key-encapsulation mechanisms. Provides definitions, security properties, and implementation recommendations for KEMs as companion guidance to FIPS 203 (ML-KEM). Establishes best practices for KEM usage in protocols, hybrid constructions, and key management — essential reference for correct PQC deployment.","High","Incorrect or insecure KEM implementations, legacy key exchange protocols","FIPS 203 ML-KEM per SP 800-227 guidance, proper KEM-TLS integration","NIST SP 800-227 Recommendations for KEMs","https://csrc.nist.gov/pubs/sp/800/227/final","90","hybrid-crypto|kms-pqc|hsm-pqc","","public/threats/FIN-004.html","yes","NIST"
"Cryptocurrency / Blockchain","CRYPTO-001","Bitcoin ECDSA transaction hijacking: Approximately $718B in quantum-vulnerable P2PK addresses with exposed public keys (price-dependent estimate). Early P2PK addresses including Satoshi's estimated 1.1M BTC are permanently vulnerable as public keys are exposed on-chain. P2PKH addresses are protected until first spend.","Critical","secp256k1 ECDSA","P2QRH (BIP-360) proposal with ML-DSA and SLH-DSA","Federal Reserve HNDL Paper","https://www.federalreserve.gov/econres/feds/harvest-now-decrypt-later-examining-post-quantum-cryptography-and-the-data-privacy-risks-for-distributed-ledger-networks.htm","75","digital-assets","","public/threats/FIN-002.html","no",""
"Cryptocurrency / Blockchain","CRYPTO-002","Ethereum Foundation PQC initiative: Dedicated post-quantum security team established January 2026 with $2M across two research prizes (Poseidon Prize + Proximity Prize). Active development of account abstraction and Verkle tree migration paths. All Ethereum accounts that have transacted expose public keys making them quantum-vulnerable via secp256k1 ECDSA and BLS12-381.","Critical","secp256k1 ECDSA, BLS12-381, keccak256 address derivation","Account Abstraction (EIP-4337), Verkle Trees, quantum-resistant signature schemes","Ethereum Foundation PQC Program","https://ethereum.org/en/roadmap/future-proofing/","75","digital-assets","","public/threats/CRYPTO-002.html","no",""
"Cryptocurrency / Blockchain","CRYPTO-003","Blockchain HNDL permanence risk: Federal Reserve research confirms distributed ledger networks face permanent data privacy risks from harvest-now-decrypt-later attacks even with future PQC deployment. On-chain transaction data is immutable — encrypted data harvested today remains permanently exposed once CRQCs arrive.","Critical","RSA-2048, ECDSA, ECDH in blockchain protocols, BLS signatures","ML-KEM-1024, ML-DSA-87, SLH-DSA, validator PQC authentication","Federal Reserve Board FEDS Paper September 2025","https://www.federalreserve.gov/econres/feds/harvest-now-decrypt-later-examining-post-quantum-cryptography-and-the-data-privacy-risks-for-distributed-ledger-networks.htm","85","digital-assets|quantum-threats|data-asset-sensitivity","","public/threats/FIN-002.html","no",""
"Cryptocurrency / Blockchain","CRYPTO-004","Cryptocurrency custody HSM quantum vulnerability: Institutional custody solutions managing billions in digital assets rely on secp256k1 ECDSA keys stored in HSMs. NIST PQC standardization identifies ECDSA as quantum-vulnerable. Custody HSM vendors face multi-year FIPS 140-3 recertification timelines for PQC-enabled modules, creating a gap between threat emergence and mitigation availability.","Critical","secp256k1 ECDSA custody keys, RSA/ECDH key wrapping, HSM root keys","ML-KEM-1024, ML-DSA-87, PQC-enabled custody HSMs","Cryptocurrency Security Standard (CCSS)","https://cryptoconsortium.org/standards-2/","75","digital-assets|kms-pqc|hsm-pqc","","public/threats/CRYPTO-004.html","no",""
"Energy / Critical Infrastructure","ENERGY-001","Power grid SCADA quantum vulnerability: IEC 62351 specifies security for power system communications (DNP3, IEC 61850, IEC 60870-5-104) using RSA/ECDSA for authentication. Critical infrastructure with 20-30 year equipment lifecycles and limited OTA update capability creates massive quantum exposure window.","Critical","RSA-2048 in SCADA authentication, ECDSA in IEC 61850, DNP3 Secure Authentication","IEC 62351 quantum update, ML-DSA for SCADA authentication, hybrid protocols","IEC 62351 Power Systems Security Standards","https://webstore.iec.ch/publication/6912","80","iot-ot-pqc|vpn-ssh-pqc|hybrid-crypto|energy-utilities-pqc|network-security-pqc","","public/threats/ENERGY-001.html","no",""
"Energy / Critical Infrastructure","ENERGY-002","Nuclear facility digital I&C quantum exposure: NRC 10 CFR 73.54 requires cybersecurity for nuclear power plant digital instrumentation and control systems. Nuclear plants operate under 40-year initial licenses with 20-year renewals (some seeking subsequent 20-year renewals to 80 years total). Digital safety systems deployed today will operate well into the CRQC era.","Critical","Safety system digital I&C cryptography, nuclear safeguards data encryption","Defense-in-depth with ML-KEM/ML-DSA, CNSA 2.0 compliance for nuclear systems","NRC Cybersecurity Requirements (10 CFR 73.54)","https://www.nrc.gov/security/cyber-security.html","80","iot-ot-pqc|compliance-strategy|energy-utilities-pqc","","","no",""
"Energy / Critical Infrastructure","ENERGY-003","Smart grid quantum security research: University of Toronto CA$1.45M research project identifies real-time quantum attack scenarios targeting grid controllers, smart meters, and energy routers. Over 1 billion smart meters globally will require PQC migration; many lack OTA update capability requiring physical replacement.","Critical","AMI mesh networking, smart meter PKI, PMU authentication, distribution automation","Quantum-safe AMI protocols, IEC 62351 PQC update, constrained device PQC","University of Toronto Smart Grid Security Research","https://www.utoronto.ca/news/u-t-researcher-leads-effort-protect-power-utilities-quantum-attacks","80","iot-ot-pqc|crypto-agility|energy-utilities-pqc","","","no",""
"Energy / Critical Infrastructure","ENERGY-004","Pipeline and oil/gas SCADA quantum vulnerability: IEC 62443 governs industrial automation security for natural gas, oil, and water pipeline control systems. Equipment lifecycles of 20-30 years and air-gapped or semi-air-gapped network architectures complicate PQC migration. Pipeline SCADA systems are classified as critical infrastructure by CISA.","High","ICS/SCADA protocols, VPN encryption for pipeline monitoring, RTU authentication","IEC 62443 PQC update, hybrid VPN protocols, ML-DSA for RTU authentication","IEC 62443 Industrial Automation Security","https://www.isa.org/standards-and-publications/isa-standards/isa-iec-62443-series-of-standards","75","iot-ot-pqc|vpn-ssh-pqc|kms-pqc|hsm-pqc|energy-utilities-pqc|network-security-pqc","","public/threats/IOT-002.html","no",""
"Financial Services / Banking","FIN-001","BIS Project Leap quantum-safe payment system cryptography: Phase 2 launched July 2025 with Bank of Italy, Bank of France, Deutsche Bundesbank, Nexi-Colt, and SWIFT testing hybrid PQC on TARGET2 real-time gross settlement system. Demonstrates quantum-safe cryptographic integration for cross-border payment infrastructure processing trillions daily.","Critical","Payment system infrastructure, cross-border settlement, RSA-2048, ECDSA, TLS legacy","ML-KEM-1024, ML-DSA-87, hybrid TLS 1.3, HQC","Bank for International Settlements Project Leap Phase 2","https://www.bis.org/publ/othp107.htm","75","tls-basics|kms-pqc|hsm-pqc|hybrid-crypto|emv-payment-pqc","","public/threats/FIN-001.html","no",""
"Financial Services / Banking","FIN-002","Harvest Now Decrypt Later (HNDL) attacks targeting long-lived financial data including transaction records and settlement logs. Federal Reserve research confirms cryptocurrency networks face permanent data privacy risks from HNDL even with future PQC deployment. Financial records retained for regulatory compliance spanning decades are prime targets.","Critical","RSA-2048, ECDSA, ECDH, ECC-256/384","ML-KEM-1024, ML-DSA-87, SLH-DSA, AES-256","Federal Reserve Board FEDS Paper September 2025","https://www.federalreserve.gov/econres/feds/harvest-now-decrypt-later-examining-post-quantum-cryptography-and-the-data-privacy-risks-for-distributed-ledger-networks.htm","90","quantum-threats|pqc-risk-management|data-asset-sensitivity","","public/threats/FIN-002.html","no",""
"Financial Services / Banking","FIN-003","G7 Cyber Expert Group PQC roadmap: January 2026 statement coordinated by U.S. Treasury and Bank of England establishes G7-wide framework for financial sector quantum-safe migration. Calls for cryptographic inventory, vendor roadmap alignment, and coordinated transition planning across G7 financial systems.","High","G7 financial infrastructure, cross-border payment systems, correspondent banking TLS","ML-KEM, ML-DSA, hybrid implementations, coordinated G7 PQC standards","G7 Cyber Expert Group Statement (U.S. Treasury)","https://home.treasury.gov/news/press-releases/sb0355","75","compliance-strategy|migration-program|pqc-governance","","public/threats/FIN-003.html","no",""
"Financial Services / Banking","FIN-004","HSM backup key extraction vulnerability: Master encryption keys wrapped with RSA in HSM backup archives become recoverable with quantum computers, exposing entire key hierarchies protecting decades of financial data. NIST SP 800-227 (September 2025) provides formal KEM guidance for transitioning key wrapping to quantum-safe mechanisms.","Critical","RSA key wrapping in HSM backups, ECDH key agreement, archived master keys","ML-KEM-1024 per NIST SP 800-227, AES-256-GCM key wrapping","NIST SP 800-227 KEM Recommendations","https://csrc.nist.gov/pubs/sp/800/227/final","80","kms-pqc|hsm-pqc|hybrid-crypto","","public/threats/FIN-004.html","yes","NIST"
"Financial Services / Banking","FIN-005","FS-ISAC PQC migration urgency warning: Financial Services Information Sharing and Analysis Center (September 2025) warns that financial sector organizations have not defined or allocated resources for quantum-resistant migration, compressing transition into unrealistically short timeframes. Without immediate action, roadmap collapse by 2030 compliance deadlines is likely.","High","RSA, ECC, TLS 1.2/1.3 key exchange, PKI certificates across financial infrastructure","ML-KEM, ML-DSA, hybrid implementations, immediate cryptographic inventory","FS-ISAC — The Timeline for Post Quantum Cryptographic Migration","https://www.fsisac.com/newsroom/fs-isac-urges-global-coordination-for-migration-to-post-quantum-cryptography-in-financial-services","80","pqc-business-case|migration-program|pqc-risk-management|crypto-agility","","public/threats/FIN-005.html","no",""
"Government / Defense","GOV-001","HNDL on classified data: TOP SECRET information requiring 25-75+ year protection is actively harvested for future quantum decryption. Current encryption provides no protection against this threat.","Critical","RSA-2048/4096, ECDH P-384, ECDSA","ML-KEM-1024, ML-DSA-87, AES-256","NSA CNSA 2.0 Cybersecurity Advisory","https://media.defense.gov/2022/Sep/07/2003071834/-1/-1/0/CSA_CNSA_2.0_ALGORITHMS_.PDF","95","quantum-threats|pqc-risk-management|data-asset-sensitivity","","","yes","ISO"
"Government / Defense","GOV-002","CNSA 2.0 compliance deadline pressure: NSA mandates CNSA 2.0 compliance with phased deadlines — software/firmware signing supported and preferred by 2025 (exclusively by 2030), networking equipment supported and preferred by 2026 (exclusively by 2030), NSS acquisitions by January 2027, web browsers/servers/cloud supported and preferred by 2025 (exclusively by 2033), full transition by 2035.","Critical","Federal PKI, NSS communications, classified systems, defense supply chain","FIPS 140-3 validated PQC modules, CMVP certification acceleration","NSA CNSA 2.0 Guidance","https://media.defense.gov/2022/Sep/07/2003071834/-1/-1/0/CSA_CNSA_2.0_ALGORITHMS_.PDF","85","compliance-strategy|migration-program|pqc-governance","","","no","NSA"
"Government / Defense","GOV-003","Federal PQC procurement guidance: CISA January 2026 federal buying guidance pursuant to Executive Order 14306 (June 2025) recommends agencies procure quantum-resistant technology across designated product categories including cloud services, collaboration tools, web browsers/servers, and endpoint security. Note: EO 14306 removed the original procurement mandate but CISA's product categories list strongly encourages PQC-capable acquisitions.","High","COTS products, federal IT infrastructure, defense systems","NIST FIPS 203/204/205 compliance, ACVP testing, vendor PQC roadmaps","CISA Product Categories for PQC Technologies","https://www.cisa.gov/resources-tools/resources/product-categories-technologies-use-post-quantum-cryptography-standards","85","compliance-strategy|vendor-risk|pqc-governance","","public/threats/GOV-003.html","no","CISA"
"Government / Defense","GOV-004","Federal PKI signature forgery risk: Quantum-enabled impersonation of federal systems and fraudulent certificate issuance affecting government-wide trust infrastructure. The Federal PKI serves as the root of trust for digital identity across federal agencies, and quantum forgery of CA certificates would compromise the entire federal trust hierarchy.","High","RSA-2048/4096 in Federal PKI, ECDSA P-256/P-384 intermediate certificates","ML-DSA-87, SLH-DSA, hybrid X.509 certificates","Federal PKI Policy Authority","https://www.idmanagement.gov/fpki/","75","pki-workshop|hybrid-crypto|compliance-strategy","","public/threats/GOV-004.html","no",""
"Government / Defense","GOV-005","Nuclear command and control quantum exposure: NC3 (Nuclear Command, Control, and Communications) systems operate on 50+ year lifecycles and represent the highest-consequence quantum threat scenario. NSA CNSA 2.0 specifically identifies national security systems including strategic communications as priority for PQC transition.","Critical","All public-key cryptography in NC3 systems, strategic communications encryption","CNSA 2.0 full suite, AES-256, ML-KEM-1024, ML-DSA-87","NSA CNSA 2.0 Cybersecurity Advisory","https://media.defense.gov/2022/Sep/07/2003071834/-1/-1/0/CSA_CNSA_2.0_ALGORITHMS_.PDF","80","pki-workshop|kms-pqc|hsm-pqc|iot-ot-pqc","","","yes","ISO"
"Healthcare / Pharmaceutical","HLTH-001","HNDL on patient records: Healthcare data has lifetime sensitivity; genomic data and mental health records remain sensitive indefinitely. HIPAA mandates 6+ year retention but records persist 25+ years.","Critical","RSA, ECDH, ECDSA, TLS","ML-KEM-768/1024, ML-DSA, AES-256","HHS HIPAA Security Rule","https://www.hhs.gov/hipaa/for-professionals/security/index.html","90","quantum-threats|pqc-risk-management|healthcare-pqc|data-asset-sensitivity","","","no",""
"Healthcare / Pharmaceutical","HLTH-002","Healthcare cloud encryption and breach crisis: Only 4% of healthcare operators encrypted 80%+ of sensitive cloud data. Thales 2025 report shows 59% prototyping or evaluating PQC but low actual deployment. 725 major breaches in 2023 (per HHS OCR) exposed 168M+ individuals (2024 figures pending final OCR reporting). Health records retain lifetime sensitivity making them prime HNDL targets.","Critical","EHR databases, medical imaging, patient portals, health information exchanges, cloud encryption","ML-KEM-768/1024, ML-DSA, AES-256-GCM, quantum-safe TLS","Thales 2025 Data Threat Report Healthcare Edition","https://cpl.thalesgroup.com/healthcare-lifesciences-data-threat-report","80","tls-basics|kms-pqc|hsm-pqc|compliance-strategy|healthcare-pqc|database-encryption-pqc|data-asset-sensitivity","","public/threats/HLTH-002.html","no",""
"Healthcare / Pharmaceutical","HLTH-003","FDA premarket cybersecurity guidance: FDA finalized guidance (September 2023) under Section 524B of FD&C Act (Consolidated Appropriations Act 2023). Requires cryptographic risk assessment and Software Bill of Materials for new device submissions. Medical devices with 10-20 year lifecycles deploying now will operate into the CRQC era.","High","RSA-2048, ECDSA in device firmware, TLS in medical devices, PKI for device authentication","ML-KEM-768, ML-DSA, crypto-agile firmware update mechanisms","FDA Premarket Cybersecurity Guidance 2023","https://www.fda.gov/regulatory-information/search-fda-guidance-documents/cybersecurity-medical-devices-quality-system-considerations-and-content-premarket-submissions","80","iot-ot-pqc|code-signing|crypto-agility|healthcare-pqc","","public/threats/HLTH-003.html","no",""
"Healthcare / Pharmaceutical","HLTH-004","Connected medical device lifecycle quantum exposure: FDA Section 524B of FD&C Act requires cybersecurity for medical devices. Implantable and connected devices (pacemakers, insulin pumps, remote monitoring) with 10-20 year lifecycles being deployed today will operate well into the CRQC era. Limited computational resources and power constraints in implantable devices restrict PQC options.","Critical","BLE cryptography, TLS in medical IoT, embedded ECC in implantable devices","Crypto-agile device design, hybrid firmware updates, ML-DSA for device authentication","FDA Cybersecurity for Medical Devices","https://www.fda.gov/medical-devices/digital-health-center-excellence/cybersecurity","80","iot-ot-pqc|code-signing|kms-pqc|hsm-pqc|healthcare-pqc","","public/threats/HLTH-004.html","no",""
"Healthcare / Pharmaceutical","HLTH-005","Drug supply chain authentication quantum risk: Drug Supply Chain Security Act (DSCSA) mandates product serialization and verification to prevent counterfeit drug infiltration. EPCIS (Electronic Product Code Information Services) and verification systems rely on digital signatures and TLS. Quantum forgery of verification responses enables counterfeit drug injection into the legitimate supply chain.","High","EPCIS digital signatures, TLS authentication for verification systems, manufacturer PKI","ML-DSA for supply chain signing, hybrid verification certificates, PQC-enabled EPCIS","FDA Drug Supply Chain Security Act (DSCSA)","https://www.fda.gov/drugs/drug-supply-chain-integrity/drug-supply-chain-security-act-dscsa","75","code-signing|pki-workshop|healthcare-pqc","","public/threats/HLTH-005.html","no",""
"Insurance","INS-001","NAIC Insurance Data Security Model Law (MDL-668) quantum exposure: Adopted 2017 and enacted in 22+ states (as of late 2025), requires encryption of nonpublic information in transit and at rest. Actuarial models, claims history spanning decades, and underwriting algorithms represent long-lived sensitive data prime for HNDL attacks.","High","RSA/ECDSA protecting policyholder data, TLS for claims processing, database encryption","ML-KEM for key exchange, AES-256-GCM, ML-DSA for document signing","NAIC Insurance Data Security Model Law (MDL-668)","https://content.naic.org/sites/default/files/model-law-668.pdf","75","pqc-risk-management|compliance-strategy|kms-pqc|hsm-pqc|data-asset-sensitivity|database-encryption-pqc","","public/threats/INS-001.pdf","no",""
"Insurance","INS-002","New York DFS cybersecurity regulation (23 NYCRR 500) quantum gap: Requires risk assessment and encryption for financial services including insurance companies. Life insurance and annuity records with 50+ year retention periods are prime HNDL targets. Regulation does not yet address post-quantum cryptography.","High","Database encryption, policyholder data TLS, claims management systems","PQC-enabled encryption, hybrid TLS 1.3, ML-KEM key management","NY DFS Cybersecurity Regulation (23 NYCRR 500)","https://www.dfs.ny.gov/industry_guidance/cybersecurity","75","compliance-strategy|tls-basics|kms-pqc|hsm-pqc|data-asset-sensitivity|database-encryption-pqc","","public/threats/INS-002.html","no",""
"Insurance","INS-003","Systemic cyber risk to insurance sector: Geneva Association research identifies systemic cyber risk including quantum threats to insurance industry managing multi-decade policy data. Life insurance and pension records retain sensitivity for 50+ years. Reinsurance treaties with multi-year duration vulnerable to data manipulation.","High","Actuarial model encryption, reinsurance platform crypto, policyholder PII protection","AES-256 with ML-KEM key exchange, ML-DSA for contract signing, crypto-agile platforms","Geneva Association Systemic Cyber Risk Research","https://www.genevaassociation.org/research-topics/cyber","75","pqc-risk-management|pqc-business-case|data-asset-sensitivity","","public/threats/INS-003.html","no",""
"Internet of Things (IoT)","IOT-001","IoT device risk escalation: Forescout 2025 research reports overall average device risk scores increased 15% year-over-year, with significant country-level risk score increases. Billions of constrained devices using ECDSA P-256 and RSA-2048 with limited crypto-agility and no practical firmware update path for PQC migration.","Critical","ECDSA P-256, RSA-2048, TLS 1.2 in IoT devices, device provisioning certificates","Lightweight PQC (FN-DSA, SLH-DSA), hybrid schemes for constrained devices","Forescout Device Risk Research","https://www.forescout.com/research-labs/","75","iot-ot-pqc|hybrid-crypto|stateful-signatures|crypto-agility","","public/threats/IOT-001.html","no",""
"Internet of Things (IoT)","IOT-002","Industrial IoT SCADA quantum vulnerability: IEC 62443 governs industrial automation security. OPC UA protocol uses RSA/ECDSA for authentication across manufacturing, energy, and critical infrastructure. IIoT environments with 15-25 year equipment lifecycles and air-gapped networks face complex PQC migration.","Critical","OPC UA RSA/ECDSA, IEC 62443 authentication, industrial protocol encryption","OPC UA PQC implementation, IEC 62443 quantum update, hybrid industrial protocols","IEC 62443 Industrial Automation Security","https://www.isa.org/standards-and-publications/isa-standards/isa-iec-62443-series-of-standards","75","iot-ot-pqc|vpn-ssh-pqc|network-security-pqc","","public/threats/IOT-002.html","no",""
"Internet of Things (IoT)","IOT-003","IoT firmware update security (IETF SUIT): The IETF SUIT working group defines firmware update architecture (RFC 9019) with COSE-based manifest signing (using ECDSA/EdDSA per RFC 9052/9053) for firmware authentication. Constrained devices (Class 1-3) cannot support full PQC signature verification creating a security gap during migration.","High","COSE signatures (ECDSA/EdDSA), CoAP DTLS, firmware signing keys","Lightweight ML-DSA, SLH-DSA for stateless constrained devices or XMSS where state management is feasible, hybrid COSE signatures","IETF SUIT Working Group (RFC 9019)","https://datatracker.ietf.org/wg/suit/","80","iot-ot-pqc|code-signing|stateful-signatures|secure-boot-pqc","","public/threats/IOT-003.html","no",""
"Internet of Things (IoT)","IOT-004","Smart city infrastructure quantum vulnerability: Traffic management, public safety cameras, environmental sensors, and municipal IoT systems form interconnected networks with diverse device types and long deployment cycles. ISO/IEC 30182 defines smart community infrastructure framework. City-wide mesh networks and cloud gateways aggregate sensitive data from thousands of endpoints.","High","City-wide IoT mesh networking, cloud gateway TLS, sensor authentication, municipal PKI","Quantum-safe smart city architecture, hybrid mesh protocols, PQC-enabled gateways","ISO/IEC 30182 Smart City Concept Model","https://www.iso.org/standard/53302.html","75","iot-ot-pqc|kms-pqc|hsm-pqc|network-security-pqc","","public/threats/IOT-004.html","yes","ISO"
"IT Industry / Software","IT-001","Open source cryptographic library PQC integration: OpenSSL 3.5 (April 2025) includes ML-KEM, ML-DSA, and SLH-DSA support with X25519MLKEM768 hybrid key exchange available in TLS (enabled by default in some configurations). Millions of applications depend on OpenSSL and similar libraries. Libsodium and other popular libraries lag behind creating widespread dependency risk during the PQC transition.","Critical","Legacy RSA/ECDSA in crypto libraries, OpenSSL pre-3.5, libsodium, BoringSSL","OpenSSL 3.5+ with PQC, OQS provider, liboqs integration","OpenSSL PQC Integration","https://openssl-library.org/post/2025-04-08-openssl-35-final-release/","85","crypto-agility|tls-basics|crypto-dev-apis|os-pqc","","public/threats/IT-001.html","no",""
"IT Industry / Software","IT-002","Certificate authority and PKI PQC transition: CA/Browser Forum must coordinate migration of the global WebPKI trust hierarchy to post-quantum algorithms. Chrome and Firefox have shipped ML-KEM hybrid key exchange (X25519+ML-KEM-768). Root CA key migration requires coordinated trust store updates across all major browsers and operating systems.","Critical","CA root keys (RSA-4096/ECDSA), intermediate certificates, TLS server certificates, S/MIME","Hybrid X.509 certificates, ML-DSA CA hierarchy, composite certificate standards","CA/Browser Forum PKI Standards","https://cabforum.org/working-groups/server/baseline-requirements/documents/","80","pki-workshop|tls-basics|hybrid-crypto|web-gateway-pqc|os-pqc","","public/threats/IT-002.html","no",""
"IT Industry / Software","IT-003","NIST FIPS 203/204/205 standardization milestone: First official PQC standards published August 2024. FIPS 203 (ML-KEM), FIPS 204 (ML-DSA), FIPS 205 (SLH-DSA) provide the foundation for all PQC migration. CMVP validation of implementations is ongoing with first validated modules expected 2025-2026.","Critical","All RSA/ECDSA/ECDH implementations requiring FIPS compliance","FIPS 203 (ML-KEM-512/768/1024), FIPS 204 (ML-DSA-44/65/87), FIPS 205 (SLH-DSA)","NIST FIPS 203/204/205 Post-Quantum Cryptography Standards","https://csrc.nist.gov/projects/post-quantum-cryptography","90","pqc-101|compliance-strategy|migration-program","","public/threats/IT-003.html","yes","NIST"
"IT Industry / Software","IT-004","Code signing and software supply chain quantum vulnerability: Software supply chain integrity depends on RSA/ECDSA code signing for open source repositories, package managers, and CI/CD pipelines. SLSA (Supply-chain Levels for Software Artifacts) framework identifies signing as critical trust anchor. Quantum forgery of code signatures enables malicious package injection at scale.","Critical","RSA/ECDSA code signing, package manager signatures, CI/CD pipeline authentication","ML-DSA code signing, SLH-DSA for long-term artifacts, SLSA PQC integration","SLSA Supply Chain Security Framework (OpenSSF)","https://slsa.dev/spec/v1.0/","80","code-signing|vendor-risk|platform-eng-pqc","","public/threats/IT-004.html","no",""
"IT Industry / Software","IT-005","Authentication infrastructure quantum vulnerability: Enterprise authentication systems including X.509 digital certificates, SAML assertions, OAuth/OIDC tokens, and FIDO2 attestation rely on quantum-vulnerable PKI. FIDO Alliance has published a PQC roadmap for WebAuthn migration. Migration to PQC-compatible credential systems requires coordinated ecosystem updates.","High","X.509 certificates, SAML assertions, OAuth/OIDC tokens, FIDO2 attestation keys","Hybrid certificate chains, ML-DSA certificates, PQC-enabled FIDO2 per FIDO Alliance roadmap","FIDO Alliance PQC Roadmap","https://fidoalliance.org/white-paper-addressing-fido-alliances-technologies-in-post-quantum-world/","75","pki-workshop|api-security-jwt|iam-pqc","","public/threats/IT-005.html","no",""
"Legal / Notary / eSignature","LEG-001","eIDAS long-term signature vulnerability: EU Regulation 910/2014 Article 25(2) grants qualified electronic signatures legal equivalence to handwritten signatures across 27 EU member states. Property deeds, constitutional documents, and notarial acts require 50-100+ year validity. Quantum signature forgery would retroactively undermine the integrity of millions of legally binding documents.","Critical","RSA-2048/4096, ECDSA P-256/P-384, SHA-256 in AdES formats (XAdES, PAdES, CAdES)","ML-DSA-65/87, SLH-DSA for long-term archival signatures, XMSS","EU Regulation 910/2014 (eIDAS)","https://eur-lex.europa.eu/legal-content/EN/TXT/?uri=CELEX:32014R0910","85","email-signing|stateful-signatures|pki-workshop|data-asset-sensitivity","","public/threats/LEG-001.html","no",""
"Legal / Notary / eSignature","LEG-002","eIDAS 2.0 Digital Identity Wallet quantum risk: Regulation 2024/1183 (entered force May 20, 2024) amends eIDAS to mandate European Digital Identity Wallets for all EU member states. Wallets must support qualified electronic attestations of attributes. Cryptographic protocols underpinning wallet-to-verifier authentication rely on RSA/ECDSA.","High","ECDSA P-256, RSA-2048, ECDH in wallet authentication, X.509 certificates","ML-DSA-65/87, ML-KEM-768/1024, hybrid signature schemes","EU Regulation 2024/1183 (eIDAS 2.0)","https://eur-lex.europa.eu/legal-content/EN/TXT/?uri=CELEX:32024R1183","80","digital-id|pki-workshop|iam-pqc","","public/threats/LEG-002.html","no",""
"Legal / Notary / eSignature","LEG-003","Qualified timestamp quantum forgery risk: ETSI EN 319 422 governs qualified time-stamp authorities under the eIDAS framework using RFC 3161 time-stamp protocol. Timestamps cryptographically prove document existence at specific moments for legal evidence and IP filings. Quantum-capable adversaries could forge timestamps to backdate contracts or fabricate audit trails.","High","RSA-2048/4096, ECDSA P-256/P-384 in RFC 3161 timestamp tokens, SHA-256","ML-DSA-65/87, SLH-DSA for long-term timestamp integrity","ETSI EN 319 422 Qualified Timestamp Policy","https://www.etsi.org/deliver/etsi_en/319400_319499/319422/01.01.01_60/en_319422v010101p.pdf","75","pki-workshop|stateful-signatures|email-signing","","public/threats/LEG-003.pdf","no",""
"Legal / Notary / eSignature","LEG-004","Court electronic evidence repudiation risk: As quantum computing advances, defense attorneys may challenge the integrity of digitally signed electronic evidence, arguing signatures could have been forged. This introduces reasonable doubt for any evidence authenticated solely with quantum-vulnerable cryptography. Courts will need to establish new standards for digital evidence admissibility in the post-quantum era.","High","RSA/ECDSA signatures on court filings, evidence chain of custody, forensic reports","PQC re-signing with archival timestamps, SLH-DSA for evidence integrity","NIST SP 800-86 Guide to Integrating Forensic Techniques","https://csrc.nist.gov/pubs/sp/800/86/final","75","stateful-signatures|pki-workshop","","public/threats/LEG-004.html","yes","NIST"
"Media / Entertainment / DRM","MEDIA-001","Content encryption master key HNDL risk: AACS (Advanced Access Content System) protects Blu-ray and UHD content using RSA key hierarchy. Studio content libraries worth billions have indefinite commercial value. Master encryption keys harvested today enable future mass decryption of entire studio catalogs once CRQCs arrive.","Critical","AACS RSA key hierarchy, PlayReady, FairPlay DRM key management","AES-256 with ML-KEM key wrapping, quantum-safe DRM key distribution","AACS Licensing Administrator Specifications","https://aacsla.com/aacs-specifications/","80","kms-pqc|hsm-pqc|quantum-threats|data-asset-sensitivity","","public/threats/MEDIA-002.html","yes","NIST"
"Media / Entertainment / DRM","MEDIA-002","Streaming platform DRM quantum vulnerability: Major streaming services (Netflix, Disney+, Amazon) use Widevine, PlayReady, and FairPlay DRM systems with RSA key hierarchies for content license distribution. Combined global streaming revenue exceeds $100B annually with content catalogs representing irreplaceable IP.","Critical","RSA key exchange in Widevine/PlayReady/FairPlay, content encryption keys, license server PKI","ML-KEM key wrapping, quantum-safe license distribution, AES-256 content encryption","AACS / Content Protection Standards","https://aacsla.com/aacs-specifications/","75","kms-pqc|hsm-pqc|tls-basics","","public/threats/MEDIA-002.html","no",""
"Media / Entertainment / DRM","MEDIA-003","Broadcast conditional access quantum exposure: DVB Conditional Access Systems use ECM (Entitlement Control Messages) with RSA/ECDSA encryption protecting pay-TV content distribution. Set-top boxes and smart TVs with 7-10 year lifecycles have limited crypto-agility for PQC migration.","High","DVB-CSA encryption, ECM RSA/ECDSA, broadcast conditional access keys","AES-128/256 CAS upgrade, ML-KEM for ECM distribution","DVB Project — Conditional Access System Standards","https://dvb.org/solutions/security/","75","kms-pqc|hsm-pqc|iot-ot-pqc","","public/threats/MEDIA-003.html","no",""
"Payment Card Industry","PCI-001","EMV offline authentication quantum vulnerability: EMVCo specifications use RSA as the only approved asymmetric algorithm for offline card authentication (CDA/DDA). Approximately 14.7 billion EMV chip cards in circulation globally (end 2024). Quantum forgery of RSA signatures enables counterfeit card acceptance at any offline-capable terminal.","Critical","RSA-1024/2048 in EMV CDA/DDA offline authentication, card personalization keys","ML-DSA hybrid offline authentication, FN-DSA for constrained chip environments","EMVCo Book 2 Security and Key Management","https://www.emvco.com/specifications/","80","iot-ot-pqc|hybrid-crypto|emv-payment-pqc","","public/threats/PCI-001.html","no",""
"Payment Card Industry","PCI-002","PCI DSS 4.0.1 cryptographic gap: PCI DSS requires 'strong cryptography' for cardholder data protection but does not yet mandate post-quantum algorithms. Organizations meeting current PCI compliance may still be quantum-vulnerable. Cryptographic inventory requirements (Req 3/4) do not address PQC readiness assessment.","High","TLS protecting payment data, RSA/ECDSA certificates, HSM key wrapping for card data","PQC-enabled payment HSMs, hybrid TLS 1.3, ML-KEM for key exchange","PCI Security Standards Council DSS 4.0.1","https://www.pcisecuritystandards.org/document_library/","80","compliance-strategy|tls-basics|kms-pqc|hsm-pqc|emv-payment-pqc","","public/threats/RETAIL-001.html","no",""
"Payment Card Industry","PCI-003","PIN block encryption quantum vulnerability: PIN encryption at scale relies on 3DES DUKPT; the quantum attack surface is the RSA-based key injection ceremony at Key Injection Facilities (KIFs) used to load base derivation keys into terminals — quantum forgery of RSA key transport enables malicious key injection at scale. AES-256 DUKPT provides quantum-resistant symmetric alternative but terminal hardware replacement required at massive scale.","High","3DES DUKPT base derivation keys, RSA key injection, PIN encryption","AES-256 DUKPT, ML-KEM key injection, quantum-safe PIN encryption","PCI PIN Security Requirements","https://www.pcisecuritystandards.org/document_library/","80","kms-pqc|hsm-pqc|hybrid-crypto|emv-payment-pqc","","public/threats/RETAIL-001.html","no",""
"Rail / Transit","RAIL-001","Railway signaling system quantum vulnerability: EN 50159 (Safety-related communication in railway systems) governs cryptographic authentication for ERTMS/ETCS (European Train Control System) train signaling. GSM-R and its successor FRMCS (Future Railway Mobile Communication System) provide the communication layer. Signaling infrastructure has 25-40 year lifecycles with limited upgrade paths. Quantum compromise of signaling authentication could enable unauthorized train movements.","Critical","RSA/ECDSA in ERTMS/ETCS signaling authentication, GSM-R/FRMCS encryption, interlocking system crypto","ML-DSA for signaling authentication, PQC-enabled FRMCS, hybrid railway protocols","EN 50159 Railway Communication Security / ERA","https://www.era.europa.eu/domains/infrastructure/european-rail-traffic-management-system-ertms_en","80","iot-ot-pqc|vpn-ssh-pqc|hybrid-crypto|network-security-pqc","","public/threats/RAIL-001.html","no",""
"Rail / Transit","RAIL-002","Transit ticketing and access control quantum exposure: ISO/IEC 14443 contactless smart cards and NFC-based ticketing systems used by transit authorities worldwide rely on cryptographic authentication. MIFARE DESFire and similar platforms use AES/3DES symmetric encryption (quantum-resistant) but PKI infrastructure for card issuance, key management systems, and back-office settlement use RSA/ECDSA.","High","Ticketing PKI, key management RSA/ECDSA, back-office settlement TLS, mobile ticketing","ML-KEM for key management, ML-DSA for PKI, PQC-enabled mobile ticketing","ISO/IEC 14443 Contactless Card Standards","https://www.iso.org/standard/73598.html","75","pki-workshop|kms-pqc|hsm-pqc|iot-ot-pqc","","public/threats/RAIL-002.html","yes","ISO"
"Retail / E-Commerce","RETAIL-001","E-commerce payment flow quantum vulnerability: PCI DSS 4.0.1 requires strong cryptography for online payment processing but TLS protecting checkout flows uses RSA/ECDSA key exchange vulnerable to quantum attacks. E-commerce transaction volume exceeds $6 trillion globally with payment data in transit continuously exposed.","Critical","TLS 1.2/1.3 RSA/ECDSA key exchange, payment tokenization, POS encryption","Hybrid TLS 1.3 with ML-KEM, PQC-enabled payment gateways, quantum-safe tokenization","PCI Security Standards Council","https://www.pcisecuritystandards.org/document_library/","80","tls-basics|hybrid-crypto|compliance-strategy|emv-payment-pqc|web-gateway-pqc","","public/threats/RETAIL-001.html","no",""
"Retail / E-Commerce","RETAIL-002","Customer data HNDL exposure: Retailers store customer PII, loyalty program data, payment history, and behavioral analytics for 5-10+ years for marketing and compliance. NIST Cybersecurity Framework identifies data protection as core function. Encrypted customer databases harvested today become readable with CRQCs.","High","Database encryption (RSA/ECDSA key management), CRM system TLS, loyalty platform crypto","ML-KEM for database key management, AES-256-GCM, hybrid encryption for customer data","NIST Cybersecurity Framework","https://www.nist.gov/cyberframework","75","quantum-threats|kms-pqc|hsm-pqc|database-encryption-pqc|data-asset-sensitivity","","public/threats/RETAIL-002.html","yes","NIST"
"Retail / E-Commerce","RETAIL-003","Retail supply chain authentication: GS1 standards govern product identification and supply chain visibility for billions of products globally. RFID, EDI (AS2/AS4), and electronic product codes use digital signatures for authentication. Quantum forgery enables counterfeit product injection and supply chain manipulation.","High","EDI AS2/AS4 encryption, RFID authentication, GS1 Digital Link signatures","ML-DSA for supply chain signing, PQC-enabled EDI, quantum-safe RFID","GS1 Global Standards","https://www.gs1.org/standards","75","code-signing|pki-workshop","","","no",""
"Supply Chain / Logistics","SUPPLY-001","Maritime cybersecurity quantum exposure: IMO MSC-FAL.1/Circ.3 guidelines address maritime cybersecurity. Maritime sector carries approximately 80% of world trade by volume. Port management systems, vessel identity PKI (used in ECDIS and GMDSS), and maritime VPN infrastructure use RSA/ECDSA — AIS itself is an unauthenticated broadcast protocol and is not quantum-affected until authenticated replacements are deployed.","High","Port management system PKI, vessel identity certificate PKI, maritime VPN/TLS, electronic chart ECDIS authentication","ML-DSA for maritime authentication, PQC-enabled AIS, quantum-safe port systems","IMO Maritime Cyber Risk Management Guidelines","https://www.imo.org/en/OurWork/Security/Pages/Cyber-security.aspx","75","vpn-ssh-pqc|pki-workshop","","public/threats/SUPPLY-001.html","no",""
"Supply Chain / Logistics","SUPPLY-002","Electronic Bill of Lading quantum vulnerability: DCSA standards for electronic Bills of Lading (eBL) enable digital trade documentation for containerized shipping. Digital signatures on eBL documents prove ownership and transfer rights for cargo worth billions. Quantum forgery enables cargo theft and trade document fraud.","High","eBL digital signatures (RSA/ECDSA), trade document PKI, shipping platform TLS","ML-DSA for eBL signing, hybrid trade document certificates, PQC-enabled shipping platforms","DCSA Electronic Bill of Lading Standards","https://dcsa.org/standards/bill-of-lading","80","email-signing|pki-workshop","","public/threats/SUPPLY-002.html","no",""
"Supply Chain / Logistics","SUPPLY-003","Customs and cross-border trade quantum risk: WCO SAFE Framework of Standards governs security and facilitation of international trade. Digital certificates for customs declarations, AEO (Authorized Economic Operator) credentials, and single window systems use RSA/ECDSA. Quantum forgery enables customs fraud at global scale.","High","Customs declaration digital signatures, AEO certificates, single window system PKI","ML-DSA for customs signing, PQC-enabled single window, quantum-safe AEO credentials","WCO SAFE Framework of Standards","https://www.wcoomd.org/en/topics/facilitation/instrument-and-tools/frameworks-of-standards/safe_package.aspx","75","pki-workshop|email-signing","","public/threats/SUPPLY-003.html","no",""
"Telecommunications","TELCO-001","HNDL on subscriber data: Mobile network operators retain call detail records, location data, and encrypted communications for 2-10 years. 5G user data encrypted with vulnerable algorithms.","Critical","RSA, ECDSA, ECDH (subscriber authentication and key exchange); AES-128 legacy bearers weakened by Grover's algorithm but not broken","ML-KEM-1024, ML-DSA, AES-256","GSMA Security Guidelines","https://www.gsma.com/solutions-and-impact/technologies/security/","80","quantum-threats|5g-security|network-security-pqc|data-asset-sensitivity","","","no",""
"Telecommunications","TELCO-002","GSMA Post-Quantum Telco Network Taskforce: Established September 2022 to coordinate quantum-safe migration for mobile network operators worldwide. Published PQ.03 guidelines (v2.0 October 2024) providing telecom-specific PQC migration guidance. Taskforce brings together major operators and vendors to develop industry-wide PQC migration roadmap for 5G/6G infrastructure.","High","5G authentication (AKA), RAN encryption, IPsec/IKEv2 for network interconnects","3GPP PQC integration, ML-KEM for 5G security, hybrid authentication protocols","GSMA Post-Quantum Telco Network Taskforce","https://www.gsma.com/solutions-and-impact/technologies/security/post-quantum-telco-network-task-force/","80","5g-security|migration-program|compliance-strategy|network-security-pqc","","","no",""
"Telecommunications","TELCO-003","5G network security quantum vulnerability: 3GPP specifications define 5G security architecture (TS 33.501) using ECDSA and RSA for network authentication. 5G network slicing authentication and RAN encryption protect critical enterprise, IoT, and emergency services. N2/N3 interface security relies on IPsec with quantum-vulnerable key exchange.","High","5G AKA protocol, network slice authentication, N2/N3 IPsec/IKEv2, RAN encryption","3GPP Release 19+ PQC integration, ML-KEM for 5G SA, hybrid IKEv2","3GPP TS 33.501 5G Security Architecture","https://www.3gpp.org/specifications-technologies/specifications-by-series","75","5g-security|vpn-ssh-pqc|hybrid-crypto|network-security-pqc","","public/threats/TELCO-003.html","no",""
"Telecommunications","TELCO-004","SIM card and eSIM authentication quantum vulnerability: Billions of SIM cards globally use RSA-2048 or ECDSA P-256 for authentication. GSMA eSIM remote provisioning (SGP.22) relies on PKI with quantum-vulnerable key exchange. SIM replacement cycles of 3-5 years provide a migration window but legacy devices will persist longer.","High","RSA-2048, ECDSA P-256 in SIM authentication, eSIM remote provisioning PKI","ML-DSA for SIM authentication, PQC-enabled eSIM provisioning, hybrid schemes","GSMA eSIM Specification (SGP.22)","https://www.gsma.com/esim/","75","5g-security|pki-workshop|network-security-pqc|iam-pqc","","","no",""
"Telecommunications","TELCO-005","6G native PQC design window: 6G standards development (2025-2030 in 3GPP and ETSI) represents a critical opportunity to incorporate PQC from the design phase, avoiding the crypto-agility retrofit challenges facing 5G. ETSI ISG on Quantum-Safe Cryptography is providing input to 6G security architecture development.","High","6G authentication protocols, air interface encryption, network slicing, edge computing","Native ML-KEM/ML-DSA in 6G specifications, quantum-safe by design per ETSI QSC","ETSI ISG Quantum-Safe Cryptography / 3GPP","https://www.etsi.org/technologies/quantum-safe-cryptography","75","5g-security|hybrid-crypto|crypto-agility|network-security-pqc","","public/threats/TELCO-005.html","no",""
"Water / Wastewater","WATER-001","Water treatment plant SCADA quantum vulnerability: America's Water Infrastructure Act (AWIA) of 2018 requires community water systems serving 3,300+ people to conduct risk and resilience assessments including cybersecurity. Water treatment SCADA systems use ICS protocols with RSA/ECDSA authentication. CISA identifies Water and Wastewater Systems as one of 16 critical infrastructure sectors. Equipment lifecycles of 15-25 years with limited remote update capability.","Critical","SCADA/ICS authentication (RSA/ECDSA), VPN for remote monitoring, historian database encryption","IEC 62443 PQC update for water systems, ML-DSA for SCADA authentication, hybrid VPN","EPA America's Water Infrastructure Act (AWIA) 2018 / CISA","https://www.epa.gov/waterresilience/americas-water-infrastructure-act-2018-risk-assessments-and-emergency-response","75","iot-ot-pqc|vpn-ssh-pqc|hybrid-crypto|energy-utilities-pqc|network-security-pqc","","","no","CISA"
"Water / Wastewater","WATER-002","Smart water infrastructure quantum exposure: AWWA (American Water Works Association) standards govern smart water metering, leak detection sensors, and distribution network monitoring using IoT-connected devices. Advanced Metering Infrastructure (AMI) for water utilities faces similar PQC migration challenges as energy smart meters — constrained devices with limited crypto-agility deployed for 10-15 year cycles.","High","AMI mesh networking, smart meter PKI, SCADA remote terminal units, cloud platform TLS","Quantum-safe AMI protocols, ML-KEM for device provisioning, constrained device PQC","AWWA Cybersecurity Guidance for Water Utilities","https://www.awwa.org/resource/cybersecurity-guidance/","75","iot-ot-pqc|kms-pqc|hsm-pqc|energy-utilities-pqc|network-security-pqc","","public/threats/WATER-002.html","no",""
"Education / Research","EDU-001","Student PII harvest-now-decrypt-later exposure: FERPA mandates protection of student education records but does not address post-quantum cryptography. Student records including SSNs transcripts disciplinary records and health data are retained 60+ years. PowerSchool breach (2024) exposed 62 million student records demonstrating massive data aggregation risk. Encrypted student databases harvested today become readable once CRQCs arrive.","Critical","RSA/ECDSA protecting student information systems, TLS for SIS/LMS platforms, database encryption key wrapping","ML-KEM for database key management, AES-256-GCM, quantum-safe TLS for EdTech platforms","FERPA / US Department of Education","https://studentprivacy.ed.gov/ferpa","80","quantum-threats|pqc-risk-management|data-asset-sensitivity|database-encryption-pqc","","public/threats/EDU-001.html","no",""
"Education / Research","EDU-002","SAML federation identity compromise: InCommon Federation provides SAML-based identity and access management for US research and education institutions. Federation metadata is signed with 4096-bit RSA keys. Quantum forgery of IdP signing keys enables forged SAML tokens and privilege escalation across all federated services including library systems research databases financial aid and student portals. eduroam WiFi authentication also relies on EAP with RADIUS using RSA/ECDSA certificates.","Critical","RSA-4096 federation metadata signing, SAML assertion signatures (RSA/ECDSA), eduroam RADIUS certificates, EAP-TLS","ML-DSA for SAML assertion signing, PQC-enabled federation metadata, hybrid certificate chains for eduroam","Internet2 InCommon Federation / Jisc Trust and Identity","https://incommon.org/","80","pki-workshop|iam-pqc|hybrid-crypto","","public/threats/EDU-002.html","no",""
"Education / Research","EDU-003","Digital credential and diploma forgery: W3C Verifiable Credentials 2.0 and Open Badges 3.0 standards use ECDSA/RSA digital signatures for tamper-proof academic credentials. Universities worldwide are adopting blockchain-backed digital diplomas with permanent on-chain signatures. Quantum forgery enables creation of fraudulent academic credentials that are cryptographically indistinguishable from legitimate ones with permanent lifetime impact.","High","ECDSA P-256 in W3C Verifiable Credentials, RSA in traditional diploma PKI, blockchain ECDSA signatures","ML-DSA for credential signing, SLH-DSA for long-term archival signatures, PQC-enabled credential verification","W3C Verifiable Credentials Data Model 2.0","https://www.w3.org/TR/vc-data-model-2.0/","80","pki-workshop|digital-id|stateful-signatures","","public/threats/EDU-003.html","no",""
"Education / Research","EDU-004","Federally funded research data quantum exposure: Universities conducting defense-funded research handle ITAR/EAR/CUI data requiring decades-long protection. CMMC 2.0 mandates NIST SP 800-171 controls for DoD-funded research. Research data on quantum computing itself advanced materials genomics and AI represents high-value intelligence targets. Harvest-now-decrypt-later attacks on university research networks could compromise national security research programs.","Critical","RSA/ECDSA protecting research data repositories, TLS for research collaboration platforms, VPN encryption for lab networks","CNSA 2.0 compliance for defense research, ML-KEM-1024 for data encryption, ML-DSA-87 for research data signing","CMMC 2.0 / NIST SP 800-171","https://dodcio.defense.gov/CMMC/","80","compliance-strategy|vpn-ssh-pqc|kms-pqc|data-asset-sensitivity","","public/threats/EDU-004.html","yes","DoD"
"Education / Research","EDU-005","Education sector cyber attack escalation: Education is the most attacked sector globally with 4388 weekly cyberattacks per organization (2025) representing a 31% year-over-year increase. Average breach cost in higher education exceeds $3.7M. Schools use an average of 2591 EdTech tools per year each representing a potential attack surface. Quantum computing will amplify existing attack vectors by enabling cryptographic bypass of authentication and encryption across this already vulnerable sector.","High","TLS protecting EdTech platforms, RSA/ECDSA API authentication, school network encryption","Hybrid TLS 1.3 with ML-KEM, ML-DSA for EdTech API signing, crypto-agile school network architecture","Check Point Research / Higher Ed Dive","https://deepstrike.io/blog/data-breaches-education-2025","75","quantum-threats|pqc-risk-management|tls-basics","","public/threats/EDU-005.html","no",""
"Cross-Industry","CROSS-009","DNSSEC quantum signature forgery: DNSSEC uses RSA (RSASHA256 per RFC 6944) and ECDSA (ECDSAP256SHA256 per RFC 6605) to sign DNS records. Approximately 40% of global DNS domains have DNSSEC enabled including 92% root zone adoption. Quantum forgery of DNSSEC signatures enables DNS hijacking for any signed domain redirecting traffic to attacker-controlled servers. PQC signatures face challenges with DNS UDP packet size limits (~1232 bytes) requiring protocol-level changes. IETF draft-sheth-pqc-dnssec-strategy-00 addresses migration strategy.","Critical","RSASHA256 (RFC 6944), ECDSAP256SHA256/ECDSAP384SHA384 (RFC 6605), DNSSEC zone signing keys and key signing keys","ML-DSA or FN-DSA for compact DNSSEC signatures, hybrid DNS signing, TCP fallback for larger PQC signatures","IETF DNSSEC PQC Strategy / Verisign Research","https://datatracker.ietf.org/doc/draft-sheth-pqc-dnssec-strategy/","80","network-security-pqc|pki-workshop|hybrid-crypto","","public/threats/CROSS-009.html","no",""
"Cross-Industry","CROSS-010","BGP/RPKI route origin validation quantum vulnerability: RPKI uses RSA-2048 exclusively for signing Route Origin Authorizations (ROAs) that validate BGP route origins. As of 2025 54-59% of IPv4/IPv6 routes are covered by ROAs representing ~74% of global internet traffic. Quantum forgery of ROAs enables attackers to hijack arbitrary IP address prefixes globally redirecting internet traffic at scale. Post-quantum RPKI would increase data sizes from 1.2GB to 2.9-39.1GB depending on algorithm creating significant operational challenges.","Critical","RSA-2048 ROA signatures, RPKI certificate hierarchy, BGP route validation","ML-DSA for ROA signing, hybrid RPKI certificates, bandwidth-optimized PQC for route validation","APNIC / RIPE Labs RPKI Research","https://blog.apnic.net/2025/07/22/how-can-rpki-can-be-made-quantum-safe/","80","network-security-pqc|pki-workshop","","public/threats/CROSS-010.html","no",""
"Cross-Industry","CROSS-011","SSH key quantum exposure: Billions of SSH keys globally use RSA-2048/4096 ECDSA and Ed25519 for server authentication and remote access. Historical SSH sessions captured today can be decrypted once CRQCs arrive exposing credentials and sensitive data. OpenSSH 10.0 (April 2025) made ML-KEM hybrid (mlkem768x25519-sha256) the default key exchange. GitHub enabled post-quantum SSH (sntrup761x25519-sha512) in September 2025. Legacy SSH deployments without PQC remain vulnerable to harvest-now-decrypt-later attacks.","Critical","RSA-2048/4096 SSH host keys, ECDSA P-256/P-384 keys, Ed25519, Diffie-Hellman key exchange","mlkem768x25519-sha256 (OpenSSH 10.0 default), sntrup761x25519-sha512 hybrid, ML-KEM key exchange","OpenSSH Post-Quantum Cryptography / GitHub Security","https://github.blog/engineering/platform-security/post-quantum-security-for-ssh-access-on-github/","85","vpn-ssh-pqc|hybrid-crypto|network-security-pqc","","public/threats/CROSS-011.html","yes","OpenSSH"
"Cross-Industry","CROSS-012","Container image signing quantum vulnerability: Sigstore/cosign uses ECDSA-P256 exclusively for container image signatures in CI/CD pipelines. Container registries serve as critical software supply chain trust anchors for cloud-native deployments. Quantum forgery of container signatures enables injection of backdoored images into registries undetected affecting every Kubernetes deployment that pulls them. Sigstore transparency log (Rekor) provides tamper resistance but signature verification still depends on ECDSA. PQC support is planned but not yet implemented in the Sigstore ecosystem.","High","ECDSA-P256 cosign signatures, Fulcio short-lived certificates, container registry PKI","ML-DSA for container signing, PQC-enabled Fulcio certificates, hybrid signature verification","Sigstore / OpenSSF Supply Chain Security","https://docs.sigstore.dev/cosign/signing/signing_with_containers/","75","code-signing|platform-eng-pqc|vendor-risk","","public/threats/CROSS-012.html","no",""
"Cross-Industry","CROSS-013","Quantum random number generation (QRNG) for PQC key security: PQC algorithm security depends on high-quality randomness for key generation. Classical PRNGs may contain algorithmic biases exploitable by sophisticated adversaries. QRNG uses quantum mechanical processes to generate theoretically unpredictable randomness. Quantinuum Quantum Origin became the first software QRNG to achieve NIST SP 800-90B entropy source validation (2024). Commercial QRNG products from ID Quantique Quside and QNu Labs are available for HSM IoT and automotive integration. QRNG complements PQC by ensuring cryptographic keys are non-predictable from generation.","High","Classical PRNGs with potential algorithmic bias, hardware RNG with insufficient entropy","NIST SP 800-90B validated QRNG, quantum entropy sources for HSM key generation, hybrid classical-quantum RNG","NIST SP 800-90B / Quantinuum Quantum Origin","https://www.quantinuum.com/press-releases/quantinuums-quantum-origin-becomes-first-software-quantum-random-number-generator-to-achieve-nist-validation","80","hsm-pqc|kms-pqc|crypto-agility","","public/threats/CROSS-013.html","yes","NIST"
"Rail / Transit","RAIL-003","GSM-R to FRMCS transition quantum vulnerability: European railways are transitioning from legacy GSM-R to FRMCS (Future Railway Mobile Communication System) based on 5G technology (2026-2035 timeline). FRMCS introduces IP-based networks with asymmetric cryptography for authentication and key exchange inheriting 5G quantum vulnerabilities. During the parallel operation period both legacy A5/1 (broken) and 5G crypto (quantum-vulnerable) coexist. Deutsche Bahn begins live FRMCS tests in 2027. Without PQC integration from the design phase FRMCS will require costly retrofitting.","High","GSM-R A5/1 stream cipher, FRMCS 5G authentication (ECDSA/RSA), IKEv2 key exchange for railway backbone","ML-KEM hybrid for FRMCS key exchange, ML-DSA for railway signaling authentication, native PQC in FRMCS specification","UIC / ETSI FRMCS Specification","https://www.globalrailwayreview.com/news/233331/frmcs-migration-rail-cyber-security/","75","5g-security|hybrid-crypto|network-security-pqc","","public/threats/RAIL-003.html","no",""
"Rail / Transit","RAIL-004","Positive Train Control (PTC) cryptographic migration: FRA regulations (49 CFR 236.1033) mandate cybersecurity for PTC systems controlling train movements across 57000+ miles of US freight and passenger rail. PTC uses wireless wayside-to-onboard communications with RSA/ECC for key establishment. Equipment lifecycles of 15-25 years mean systems deployed today will operate into the CRQC era. Limited computational resources in onboard units constrain PQC algorithm choices.","Critical","RSA/ECC key establishment in PTC wireless communications, ISO/IEC 29192-4 lightweight crypto, firmware signing","Quantum-resistant lightweight AEAD, ML-KEM for wayside-to-vehicle key exchange, crypto-agile PTC firmware","FRA Positive Train Control Regulations (49 CFR 236)","https://railroads.dot.gov/elibrary/ptc-communications-cybersecurity-technology-review-and-concept-operations","80","iot-ot-pqc|hybrid-crypto|network-security-pqc","","public/threats/RAIL-004.html","yes","FRA"
"Rail / Transit","RAIL-005","Autonomous and driverless train system quantum exposure: Autonomous rail systems including CBTC (Communications-Based Train Control) and GoA4 driverless operations rely on continuous authenticated communication between trackside and onboard systems. ISO/SAE 21434 cybersecurity engineering standards and IEC 62443 industrial automation security govern these systems. Quantum forgery of infrastructure authentication enables unauthorized commands to driverless trains with potential for collisions or derailments.","Critical","RSA/ECC for V2I authentication, certificate-based platform identity, Diffie-Hellman session keys, firmware signing","SLH-DSA for firmware signing, ML-KEM for V2I key encapsulation, post-quantum authenticated key exchange","ISO/SAE 21434 / IEC 62443 Autonomous Rail","https://etech.iec.ch/issue/2025-02/cyber-security-for-autonomous-vehicles","75","iot-ot-pqc|code-signing|secure-boot-pqc","","public/threats/RAIL-005.html","yes","ISO"
"Water / Wastewater","WATER-005","Dam control system SCADA quantum vulnerability: FERC Security Program for Hydropower Projects governs cybersecurity for federally regulated dams. Dam SCADA systems control spillway gates water flow and emergency shutdowns with catastrophic failure consequences. Remote access gateways use RSA/ECC VPN authentication. Equipment lifecycles of 25-40 years with air-gapped architectures complicate PQC migration. FERC security requirements (Revision 3A 2016) have not been updated to address post-quantum threats.","Critical","RSA/ECC VPN authentication for remote dam access, certificate-based SCADA authentication, AES with RSA key wrapping","ML-KEM for VPN key encapsulation, post-quantum certificate infrastructure, quantum-resistant remote access","FERC Security Program for Hydropower Projects","https://www.ferc.gov/dam-safety-and-inspections/security-program-hydropower-projects","80","iot-ot-pqc|vpn-ssh-pqc|kms-pqc|energy-utilities-pqc","","public/threats/WATER-005.html","no","FERC"
"Water / Wastewater","WATER-003","Water quality monitoring IoT sensor quantum exposure: EPA cybersecurity guidance (August 2024) addresses water sector IoT but lacks specific PQC requirements. Real-time water quality sensors monitoring pH turbidity dissolved oxygen and contaminants communicate via IoT protocols with RSA/ECC key bootstrap. Constrained sensors lack crypto-agility for mid-life PQC migration. Quantum-enabled data integrity attacks could inject false sensor readings causing treatment failures and public health emergencies.","High","RSA/ECC sensor-to-gateway key bootstrap, TLS for cloud data aggregation, IoT provisioning certificates","Post-quantum key agreement for sensor provisioning, lightweight PQC for constrained IoT, hybrid gateway encryption","EPA Cybersecurity for Water Sector (August 2024)","https://www.epa.gov/cyberwater/epa-cybersecurity-water-sector","75","iot-ot-pqc|kms-pqc|energy-utilities-pqc","","public/threats/WATER-003.html","no","EPA"
"Water / Wastewater","WATER-004","Wastewater treatment SCADA quantum vulnerability: Wastewater SCADA systems are architecturally distinct from drinking water treatment serving sewage pumping biosolids handling and effluent discharge control. EPA/CISA guidance (August 2024) classifies wastewater under essential services. Newer systems use OPC UA and DNP3 Secure Authentication with RSA/ECC key establishment. Quantum-enabled decryption of control commands could corrupt treatment processes releasing untreated sewage into waterways with environmental and public health catastrophe.","Critical","RSA/ECC in OPC UA certificates, DNP3 Secure Authentication, VPN for remote HMI access","Quantum-resistant OPC UA profiles, post-quantum DNP3 authentication, hybrid VPN for wastewater SCADA","NIST NCCoE Water/Wastewater Cybersecurity Project","https://www.nccoe.nist.gov/sites/default/files/2023-06/securing-water-and-wastewater-utilities-project-description-final.pdf","80","iot-ot-pqc|vpn-ssh-pqc|energy-utilities-pqc|network-security-pqc","","public/threats/WATER-004.html","yes","NIST"
"Critical Infrastructure","CI-001","CISA 16 critical infrastructure sectors PQC readiness gap: Presidential Policy Directive PPD-21 defines 16 critical infrastructure sectors. CISA January 2026 Product Categories List per Executive Order 14306 provides PQC procurement guidance but sector-specific PQC guidance exists for only a subset of sectors. RAND Corporation analysis identifies internet services identity management IT products and power grid as highest priority NCFs for PQC migration. Most CI sectors lack dedicated PQC migration roadmaps creating fragmented preparedness.","Critical","All asymmetric cryptography across 16 CI sectors, sector-specific SCADA/ICS protocols, federal PKI","Sector-specific PQC migration roadmaps, FIPS 203/204/205 compliance, CISA ACDI deployment","CISA Post-Quantum Cryptography Initiative / PPD-21","https://www.cisa.gov/quantum","85","compliance-strategy|migration-program|pqc-governance|iot-ot-pqc","","public/threats/CI-001.html","yes","CISA"
"Critical Infrastructure","CI-002","EU NIS2 Directive quantum implications for essential services: NIS2 (effective October 2024) requires proportionate technical and organizational security measures for essential services but does not explicitly mandate PQC. ENISA June 2025 implementing guidelines recommend post-quantum cryptography adoption for long-lived sensitive data. European Cybersecurity Certification Group (ECCG) incorporated PQC into Agreed Cryptographic Mechanisms v2.0 (April 2025) making PQC part of EUCC certification. Essential services in scope include energy water healthcare digital infrastructure waste management and digital service providers across all EU member states.","Critical","All quantum-vulnerable cryptography in NIS2 essential services, TLS/IPsec for CI networks, SCADA encryption","ML-KEM/ML-DSA per ECCG ACM v2.0, hybrid implementations, PQC-by-default for new systems by 2030","EU NIS2 Directive / ENISA PQC Guidance","https://www.enisa.europa.eu/publications/post-quantum-cryptography-current-state-and-quantum-mitigation","85","compliance-strategy|migration-program|pqc-governance","","public/threats/CI-002.html","yes","ENISA"
"Critical Infrastructure","CI-003","ICS/SCADA protocol collective quantum vulnerability: Modbus DNP3 and OPC UA are foundational industrial control protocols deployed across energy water manufacturing transportation and defense. Modbus and DNP3 were designed without cryptographic authentication; modern deployments add TLS/VPN overlays using RSA/ECC. OPC UA integrates RSA/ECC certificate authentication natively. Quantum computers can forge OPC UA certificates masquerade as legitimate controllers decrypt historical VPN traffic and break firmware signatures enabling undetected tampering across all critical infrastructure sectors simultaneously.","Critical","OPC UA RSA/ECC certificates, Modbus TCP over TLS (RSA key exchange), DNP3 Secure Authentication, VPN RSA/ECDH","Crypto-agile OPC UA with ML-KEM/ML-DSA, quantum-resistant VPN overlays for Modbus, post-quantum DNP3 SA","NIST SP 800-82 / IEC 62351 / ISA/IEC 62443","https://www.nist.gov/publications/guide-operational-technology-ot-security","80","iot-ot-pqc|vpn-ssh-pqc|network-security-pqc|energy-utilities-pqc","","public/threats/CI-003.html","yes","NIST"
"Cross-Industry","CROSS-014","Symmetric key size insufficiency under Grover's algorithm: Grover's quantum search algorithm reduces the effective security of AES-128 from 128-bit to approximately 64-bit, making it susceptible to brute-force with a sufficiently powerful CRQC. Legacy 3DES (112-bit effective) and similar symmetric ciphers face analogous reduction. Harvest-Now-Decrypt-Later attacks on AES-128 encrypted data stored today will be decryptable post-CRQC. NIST SP 800-57 recommends AES-256 for symmetric encryption of data requiring long-term confidentiality beyond 2030.","High","AES-128, 3DES (112-bit effective), RC4, DES, legacy symmetric ciphers with key sizes < 256 bits","AES-256, ChaCha20-Poly1305, migration to 256-bit symmetric keys for all long-term data confidentiality","NIST SP 800-57 Part 1 Rev 6 / Grover's algorithm (1996)","https://nvlpubs.nist.gov/nistpubs/SpecialPublications/NIST.SP.800-57pt1r6.ipd.pdf","90","crypto-agility|quantum-threats|pqc-101|kms-pqc|database-encryption-pqc","nist-csrc","","yes","NIST"
"Cross-Industry","CROSS-015","Hash function collision resistance halved by quantum algorithms: Grover's algorithm reduces the pre-image resistance of SHA-256 from 256-bit to ~128-bit effective security, and collision resistance from 128-bit to ~85-bit effective security. SHA-1 (already classically broken) is fully negligible post-CRQC. Applications relying on SHA-256 collision resistance for digital signatures, Merkle tree integrity, or certificate binding face elevated long-term risk. SHA-3 variants (SHA3-256, SHA3-512) and SHA-384/512 provide substantially improved quantum margins. HMAC-SHA-256 is less affected due to keying.","Medium","SHA-1 (broken classically), SHA-256 collision resistance, MD5, RIPEMD-160, Merkle trees using SHA-256","SHA-384, SHA-512, SHA3-256, SHA3-512 for collision-sensitive applications; SLH-DSA hash chains use SHA-256/SHA-512 by design","NIST SP 800-57 Part 1 Rev 6 / NIST IR 8545","https://nvlpubs.nist.gov/nistpubs/ir/2024/NIST.IR.8545.pdf","90","crypto-agility|quantum-threats|code-signing|pqc-101|merkle-tree-certs","nist-csrc","","yes","NIST"
"Cross-Industry","CROSS-016","Classical PRNG entropy vulnerabilities threaten PQC key security: PQC algorithm security is only as strong as the randomness used during key generation. Classical pseudo-random number generators (PRNGs) with insufficient entropy seeding, deterministic output, or implementation bugs produce cryptographically weak keys. Under quantum adversaries, systematic weaknesses in RNG may be exploitable at scale. NIST SP 800-90A Rev 1 DRBG (CTR, Hash, HMAC modes) provides approved deterministic RNG constructions. For highest-assurance environments, NIST SP 800-90B validated hardware entropy sources or quantum random number generators (QRNG) should seed the DRBG.","High","Weak PRNG-seeded ML-KEM/ML-DSA key pairs, PKCS#11 CKM_GENERATE_KEY with non-compliant entropy source, TLS ephemeral key generation on embedded devices","NIST SP 800-90A DRBG (CTR_DRBG with AES-256), NIST SP 800-90B validated hardware entropy, QRNG for HSM seeding","NIST SP 800-90A Rev 1 / NIST SP 800-90B","https://nvlpubs.nist.gov/nistpubs/SpecialPublications/NIST.SP.800-90Ar1.pdf","85","entropy-randomness|hsm-pqc|kms-pqc|crypto-dev-apis|quantum-threats","nist-csrc","","yes","NIST"
"Cross-Industry","CROSS-017","Side-channel attacks on post-quantum implementations: ML-KEM, ML-DSA, and SLH-DSA software implementations that are not constant-time are vulnerable to timing analysis, cache-timing attacks, and power side-channels that can expose private key material without breaking the underlying mathematical hardness assumption. FALCON (FN-DSA) requires Gaussian sampling with tight timing constraints especially vulnerable to FPA cache timing. FIPS 140-3 Derived Test Requirements require constant-time implementations for all sensitive cryptographic operations. Production deployments must use validated implementations (OpenSSL 3.5+, AWS-LC, BoringSSL) or hardware accelerators with demonstrated side-channel resistance.","High","Naive ML-KEM/ML-DSA implementations without constant-time guarantees, FN-DSA Gaussian sampler timing leakage, SLH-DSA WOTS+ chain computation timing","Constant-time PQC implementations per FIPS 140-3 DTR, FIPS 140-3 Level 3+ HSMs, hardware accelerators (NPCM, Arm CryptoCell-713 with PQC extensions)","NIST FIPS 140-3 Implementation Guidance / TCHES 2024","https://csrc.nist.gov/csrc/media/Projects/cryptographic-module-validation-program/documents/fips%20140-3/FIPS%20140-3%20IG.pdf","85","hsm-pqc|crypto-dev-apis|quantum-threats|kms-pqc|crypto-agility","nist-csrc","","yes","NIST"
"Cross-Industry","CROSS-018","Lattice cryptanalysis BKZ advancement risk: The security of ML-KEM and ML-DSA rests on the hardness of the Module Learning With Errors (MLWE) problem, which is attacked by lattice reduction algorithms including BKZ 2.0, sieving algorithms (BDGL16), and quantum variants. Ongoing advances in lattice cryptanalysis (both classical and quantum preprocessing) may reduce claimed security margins. NIST IR 8545 documents the security analysis leading to current parameter choices. ML-KEM-512 provides ~128-bit classical / ~128-bit quantum resistance under current best attacks; future cryptanalytic improvements warrant monitoring and contingency planning for migration to higher parameter sets.","Medium","ML-KEM-512 and ML-DSA-44 if classical BKZ preprocessing improves substantially; lattice-based schemes broadly under quantum sieving improvements","Use ML-KEM-1024/ML-DSA-87 for highest-value data; monitor NIST IR 8545 updates and NIST PQC standardization announcements; maintain cryptographic agility for algorithm migration","NIST IR 8545 / BKZ 2.0 (Ducas-Nguyen 2011)","https://nvlpubs.nist.gov/nistpubs/ir/2024/NIST.IR.8545.pdf","75","crypto-agility|quantum-threats|pqc-101|research-quantum-impact|standards-bodies","nist-csrc","","partial","NIST"
"Hardware Security Modules","HSM-001","Fault injection attacks on PQC hardware implementations: Hardware Security Modules implementing ML-KEM and ML-DSA are susceptible to differential fault analysis (DFA) and laser fault injection (LFI) attacks that deliberately induce computation errors to leak secret key material. FN-DSA (FALCON) is particularly sensitive: a single fault during NTRU key generation can expose the secret polynomial. FIPS 140-3 Level 3 requires physical tamper resistance and active response mechanisms. Level 4 requires full environmental protection. Current production HSMs (Thales Luna, Entrust nShield, Utimaco) with PQC support must demonstrate fault countermeasures including redundant computation, error detection codes, and physical tamper response per FIPS 140-3 requirements.","High","ML-KEM private key generation in HSMs without fault countermeasures, FN-DSA (FALCON) secret polynomial, ML-DSA private key during signing without redundant computation","FIPS 140-3 Level 3+ HSMs with validated PQC implementations, physical tamper response, redundant computation verification, and CMVP-validated algorithm testing","NIST FIPS 140-3 Physical Security Requirements / IACR PQC fault attack research","https://csrc.nist.gov/publications/detail/fips/140/3/final","80","hsm-pqc|kms-pqc|crypto-dev-apis|secrets-management-pqc","nist-csrc","","yes","NIST"
"Internet of Things","IOT-005","PQC algorithm resource constraints on edge and constrained IoT devices: NIST PQC standards impose significant computational and memory requirements incompatible with many Class 1 and Class 2 IoT devices. ML-KEM-768 requires ~1.2 KB public key, ~1.1 KB ciphertext, and approximately 6.5 KB working memory minimum; SLH-DSA-SHA2-128s signature generation requires seconds on Cortex-M0 class MCUs. 8-bit microcontrollers, low-power sensor nodes, and legacy embedded systems lack sufficient RAM, flash, or CPU throughput for standard NIST PQC handshakes within protocol timing budgets. NIST SP 800-232 Ascon lightweight cryptography standard addresses symmetric needs; FN-DSA (FALCON-512) with optimized implementations addresses constrained signature scenarios.","High","TLS 1.3 with ML-KEM on Cortex-M0/M3 devices, SLH-DSA signature verification on 8-bit MCUs, code signing verification on embedded Class 1 devices, IKEv2 with PQC on constrained network equipment","NIST SP 800-232 Ascon (AEAD + hash) for symmetric operations, FN-DSA (FALCON-512) for constrained signatures, hardware PQC accelerators, device class upgrade strategy for Class 1 → Class 2+ migration","NIST SP 800-232 / ETSI EN 303 645 IoT Security / IETF SUIT WG","https://nvlpubs.nist.gov/nistpubs/SpecialPublications/NIST.SP.800-232.pdf","85","iot-ot-pqc|crypto-dev-apis|5g-security|automotive-pqc|quantum-threats","nist-csrc","","yes","NIST"